﻿<?xml version="1.0" encoding="utf-8"?>
<Document>
  <Engineering version="V16" />
  <DocumentInfo>
    <Created>2025-05-12T11:27:48.3998177Z</Created>
    <ExportSetting>WithDefaults, WithReadOnly</ExportSetting>
    <InstalledProducts>
      <Product>
        <DisplayName>Totally Integrated Automation Portal</DisplayName>
        <DisplayVersion>V16 Update 7</DisplayVersion>
      </Product>
      <OptionPackage>
        <DisplayName>TIA Portal Version Control Interface</DisplayName>
        <DisplayVersion>V16 Update 2</DisplayVersion>
      </OptionPackage>
      <OptionPackage>
        <DisplayName>TIA Portal Openness</DisplayName>
        <DisplayVersion>V16 Update 7</DisplayVersion>
      </OptionPackage>
      <Product>
        <DisplayName>SINAMICS Startdrive Advanced</DisplayName>
        <DisplayVersion>V16 Update 5</DisplayVersion>
      </Product>
      <OptionPackage>
        <DisplayName>SINAMICS Startdrive G130, G150, S120, S150, SINAMICS MV, S210</DisplayName>
        <DisplayVersion>V16 Update 5</DisplayVersion>
      </OptionPackage>
      <OptionPackage>
        <DisplayName>SINAMICS Startdrive G110M, G120, G120C, G120D, G120P, G115D</DisplayName>
        <DisplayVersion>V16 Update 5</DisplayVersion>
      </OptionPackage>
      <Product>
        <DisplayName>STEP 7 Professional</DisplayName>
        <DisplayVersion>V16 Update 7</DisplayVersion>
      </Product>
      <OptionPackage>
        <DisplayName>STEP 7 Safety</DisplayName>
        <DisplayVersion>V16 Update 7</DisplayVersion>
      </OptionPackage>
      <Product>
        <DisplayName>WinCC Advanced</DisplayName>
        <DisplayVersion>V16 Update 7</DisplayVersion>
      </Product>
      <OptionPackage>
        <DisplayName>SIMATIC Visualization Architect</DisplayName>
        <DisplayVersion>V16</DisplayVersion>
      </OptionPackage>
    </InstalledProducts>
  </DocumentInfo>
  <SW.Blocks.FC ID="0">
    <AttributeList>
      <AutoNumber>true</AutoNumber>
      <CodeModifiedDate ReadOnly="true">2023-06-23T15:24:31.6940522Z</CodeModifiedDate>
      <CompileDate ReadOnly="true">2023-07-13T07:24:57.5359558Z</CompileDate>
      <CreationDate ReadOnly="true">2023-06-23T13:44:15.9411588Z</CreationDate>
      <HandleErrorsWithinBlock ReadOnly="true">false</HandleErrorsWithinBlock>
      <HeaderAuthor />
      <HeaderFamily />
      <HeaderName />
      <HeaderVersion>0.1</HeaderVersion>
      <Interface><Sections xmlns="http://www.siemens.com/automation/Openness/SW/Interface/v4">
  <Section Name="Input" />
  <Section Name="Output" />
  <Section Name="InOut" />
  <Section Name="Temp" />
  <Section Name="Constant" />
  <Section Name="Return">
    <Member Name="Ret_Val" Datatype="Void" Accessibility="Public" />
  </Section>
</Sections></Interface>
      <InterfaceModifiedDate ReadOnly="true">2023-06-23T14:00:39.7394464Z</InterfaceModifiedDate>
      <IsConsistent ReadOnly="true">true</IsConsistent>
      <IsIECCheckEnabled>false</IsIECCheckEnabled>
      <IsKnowHowProtected ReadOnly="true">false</IsKnowHowProtected>
      <IsWriteProtected ReadOnly="true">false</IsWriteProtected>
      <LibraryConformanceStatus ReadOnly="true">Error: The block contains calls of single instances.
Warning: The object contains access to global data blocks.
Warning: The block contains direct access to inputs, outputs, bit memories, indirect access to the registry or indirect access to external memory areas that are unknown at the time of compilation.
</LibraryConformanceStatus>
      <MemoryLayout>Optimized</MemoryLayout>
      <ModifiedDate ReadOnly="true">2023-06-23T15:24:31.6940522Z</ModifiedDate>
      <Name>080SB_080_Outputs_Call</Name>
      <Number>135</Number>
      <ParameterModified ReadOnly="true">2023-06-23T13:44:15.9411588Z</ParameterModified>
      <PLCSimAdvancedSupport ReadOnly="true">true</PLCSimAdvancedSupport>
      <ProgrammingLanguage>F_FBD</ProgrammingLanguage>
      <StructureModified ReadOnly="true">2023-06-23T13:44:15.9411588Z</StructureModified>
      <UDABlockProperties />
      <UDAEnableTagReadback>false</UDAEnableTagReadback>
    </AttributeList>
    <ObjectList>
      <MultilingualText ID="1" CompositionName="Comment">
        <ObjectList>
          <MultilingualTextItem ID="2" CompositionName="Items">
            <AttributeList>
              <Culture>en-US</Culture>
              <Text />
            </AttributeList>
          </MultilingualTextItem>
          <MultilingualTextItem ID="3" CompositionName="Items">
            <AttributeList>
              <Culture>de-DE</Culture>
              <Text />
            </AttributeList>
          </MultilingualTextItem>
        </ObjectList>
      </MultilingualText>
      <SW.Blocks.CompileUnit ID="4" CompositionName="CompileUnits">
        <AttributeList>
          <NetworkSource><FlgNet xmlns="http://www.siemens.com/automation/Openness/SW/NetworkSource/FlgNet/v4">
  <Parts>
    <Access Scope="GlobalVariable" UId="21">
      <IntegerAttribute Name="NumBLs" Informative="true">5</IntegerAttribute>
      <Symbol>
        <Component Name="DB_F_Data_To_Safety" />
        <Component Name="000SB_000" />
        <Component Name="controlVoltageOn" />
        <Address Area="DB" Type="Bool" BlockNumber="235" BitOffset="9" Informative="true" />
      </Symbol>
    </Access>
    <Access Scope="GlobalVariable" UId="22">
      <IntegerAttribute Name="NumBLs" Informative="true">5</IntegerAttribute>
      <Symbol>
        <Component Name="DB_000SB_000_F_Data" />
        <Component Name="GM_estop_complete_plant" />
        <Address Area="None" Type="Bool" BlockNumber="16" BitOffset="136" Informative="true" />
      </Symbol>
    </Access>
    <Access Scope="GlobalVariable" UId="23">
      <IntegerAttribute Name="NumBLs" Informative="true">5</IntegerAttribute>
      <Symbol>
        <Component Name="DB_000SB_000_F_Data" />
        <Component Name="GM_VI_Switch_deskLocked" />
        <Address Area="None" Type="Bool" BlockNumber="16" BitOffset="56" Informative="true" />
      </Symbol>
    </Access>
    <Access Scope="GlobalVariable" UId="24">
      <IntegerAttribute Name="NumBLs" Informative="true">5</IntegerAttribute>
      <Symbol>
        <Component Name="DB_000SB_000_F_Data" />
        <Component Name="GM_VI_Switch_overall_plant_unlocked" />
        <Address Area="None" Type="Bool" BlockNumber="16" BitOffset="72" Informative="true" />
      </Symbol>
    </Access>
    <Access Scope="GlobalVariable" UId="25">
      <IntegerAttribute Name="NumBLs" Informative="true">5</IntegerAttribute>
      <Symbol>
        <Component Name="DB_000SB_000_F_Data" />
        <Component Name="RFK_EN_001PNE001" />
        <Address Area="None" Type="Bool" BlockNumber="16" BitOffset="328" Informative="true" />
      </Symbol>
    </Access>
    <Access Scope="GlobalVariable" UId="26">
      <IntegerAttribute Name="NumBLs" Informative="true">5</IntegerAttribute>
      <Symbol>
        <Component Name="DB_F_Data_To_Safety" />
        <Component Name="000SB_000" />
        <Component Name="001PNE001-BP1" />
        <Address Area="DB" Type="Bool" BlockNumber="235" BitOffset="19" Informative="true" />
      </Symbol>
    </Access>
    <Access Scope="GlobalVariable" UId="27">
      <IntegerAttribute Name="NumBLs" Informative="true">5</IntegerAttribute>
      <Symbol>
        <Component Name="DB_080SB_080_F_Data" />
        <Component Name="ENBL_SAREA_NH" />
        <Address Area="None" Type="Bool" BlockNumber="295" BitOffset="112" Informative="true" />
      </Symbol>
    </Access>
    <Part Name="A" UId="28">
      <TemplateValue Name="Card" Type="Cardinality">6</TemplateValue>
    </Part>
    <Part Name="Coil" UId="29" />
  </Parts>
  <Wires>
    <Wire UId="30">
      <IdentCon UId="21" />
      <NameCon UId="28" Name="in1" />
    </Wire>
    <Wire UId="31">
      <IdentCon UId="22" />
      <NameCon UId="28" Name="in2" />
    </Wire>
    <Wire UId="32">
      <IdentCon UId="23" />
      <NameCon UId="28" Name="in3" />
    </Wire>
    <Wire UId="33">
      <IdentCon UId="24" />
      <NameCon UId="28" Name="in4" />
    </Wire>
    <Wire UId="34">
      <IdentCon UId="25" />
      <NameCon UId="28" Name="in5" />
    </Wire>
    <Wire UId="35">
      <IdentCon UId="26" />
      <NameCon UId="28" Name="in6" />
    </Wire>
    <Wire UId="36">
      <NameCon UId="28" Name="out" />
      <NameCon UId="29" Name="in" />
    </Wire>
    <Wire UId="37">
      <IdentCon UId="27" />
      <NameCon UId="29" Name="operand" />
    </Wire>
  </Wires>
</FlgNet></NetworkSource>
          <ProgrammingLanguage>F_FBD</ProgrammingLanguage>
        </AttributeList>
        <ObjectList>
          <MultilingualText ID="5" CompositionName="Comment">
            <ObjectList>
              <MultilingualTextItem ID="6" CompositionName="Items">
                <AttributeList>
                  <Culture>en-US</Culture>
                  <Text />
                </AttributeList>
              </MultilingualTextItem>
              <MultilingualTextItem ID="7" CompositionName="Items">
                <AttributeList>
                  <Culture>de-DE</Culture>
                  <Text />
                </AttributeList>
              </MultilingualTextItem>
            </ObjectList>
          </MultilingualText>
          <MultilingualText ID="8" CompositionName="Title">
            <ObjectList>
              <MultilingualTextItem ID="9" CompositionName="Items">
                <AttributeList>
                  <Culture>en-US</Culture>
                  <Text>080SB_080 safety area release Emergency stop</Text>
                </AttributeList>
              </MultilingualTextItem>
              <MultilingualTextItem ID="A" CompositionName="Items">
                <AttributeList>
                  <Culture>de-DE</Culture>
                  <Text>080SB_080 Freigabe SB Not Halt</Text>
                </AttributeList>
              </MultilingualTextItem>
            </ObjectList>
          </MultilingualText>
        </ObjectList>
      </SW.Blocks.CompileUnit>
      <SW.Blocks.CompileUnit ID="B" CompositionName="CompileUnits">
        <AttributeList>
          <NetworkSource><FlgNet xmlns="http://www.siemens.com/automation/Openness/SW/NetworkSource/FlgNet/v4">
  <Parts>
    <Access Scope="GlobalVariable" UId="21">
      <IntegerAttribute Name="NumBLs" Informative="true">5</IntegerAttribute>
      <Symbol>
        <Component Name="DB_080SB_080_F_Data" />
        <Component Name="ENBL_SAREA_NH" />
        <Address Area="None" Type="Bool" BlockNumber="295" BitOffset="112" Informative="true" />
      </Symbol>
    </Access>
    <Access Scope="GlobalVariable" UId="22">
      <IntegerAttribute Name="NumBLs" Informative="true">5</IntegerAttribute>
      <Symbol>
        <Component Name="DB_080SB_080_F_Data" />
        <Component Name="GM_BS_ENBL" />
        <Address Area="None" Type="Bool" BlockNumber="295" BitOffset="48" Informative="true" />
      </Symbol>
    </Access>
    <Access Scope="GlobalVariable" UId="23">
      <IntegerAttribute Name="NumBLs" Informative="true">5</IntegerAttribute>
      <Symbol>
        <Component Name="DB_080SB_080_F_Data" />
        <Component Name="ENBL_SAREA_BS" />
        <Address Area="None" Type="Bool" BlockNumber="295" BitOffset="120" Informative="true" />
      </Symbol>
    </Access>
    <Part Name="A" UId="24">
      <TemplateValue Name="Card" Type="Cardinality">2</TemplateValue>
    </Part>
    <Part Name="Coil" UId="25" />
  </Parts>
  <Wires>
    <Wire UId="26">
      <IdentCon UId="21" />
      <NameCon UId="24" Name="in1" />
    </Wire>
    <Wire UId="27">
      <IdentCon UId="22" />
      <NameCon UId="24" Name="in2" />
    </Wire>
    <Wire UId="28">
      <NameCon UId="24" Name="out" />
      <NameCon UId="25" Name="in" />
    </Wire>
    <Wire UId="29">
      <IdentCon UId="23" />
      <NameCon UId="25" Name="operand" />
    </Wire>
  </Wires>
</FlgNet></NetworkSource>
          <ProgrammingLanguage>F_FBD</ProgrammingLanguage>
        </AttributeList>
        <ObjectList>
          <MultilingualText ID="C" CompositionName="Comment">
            <ObjectList>
              <MultilingualTextItem ID="D" CompositionName="Items">
                <AttributeList>
                  <Culture>en-US</Culture>
                  <Text />
                </AttributeList>
              </MultilingualTextItem>
              <MultilingualTextItem ID="E" CompositionName="Items">
                <AttributeList>
                  <Culture>de-DE</Culture>
                  <Text />
                </AttributeList>
              </MultilingualTextItem>
            </ObjectList>
          </MultilingualText>
          <MultilingualText ID="F" CompositionName="Title">
            <ObjectList>
              <MultilingualTextItem ID="10" CompositionName="Items">
                <AttributeList>
                  <Culture>en-US</Culture>
                  <Text>080SB_080 safety area release user protection</Text>
                </AttributeList>
              </MultilingualTextItem>
              <MultilingualTextItem ID="11" CompositionName="Items">
                <AttributeList>
                  <Culture>de-DE</Culture>
                  <Text>080SB_080 Freigabe SB Bedienerschutz</Text>
                </AttributeList>
              </MultilingualTextItem>
            </ObjectList>
          </MultilingualText>
        </ObjectList>
      </SW.Blocks.CompileUnit>
      <SW.Blocks.CompileUnit ID="12" CompositionName="CompileUnits">
        <AttributeList>
          <NetworkSource><FlgNet xmlns="http://www.siemens.com/automation/Openness/SW/NetworkSource/FlgNet/v4">
  <Parts>
    <Access Scope="GlobalVariable" UId="21">
      <IntegerAttribute Name="NumBLs" Informative="true">5</IntegerAttribute>
      <Symbol>
        <Component Name="DB_080SB_080_F_Data" />
        <Component Name="ENBL_SAREA_NH" />
        <Address Area="None" Type="Bool" BlockNumber="295" BitOffset="112" Informative="true" />
      </Symbol>
    </Access>
    <Access Scope="GlobalVariable" UId="22">
      <IntegerAttribute Name="NumBLs" Informative="true">5</IntegerAttribute>
      <Symbol>
        <Component Name="DB_080SB_080_F_Data" />
        <Component Name="GM_NH_ENBL_ROB" />
        <Address Area="None" Type="Bool" BlockNumber="295" BitOffset="56" Informative="true" />
      </Symbol>
    </Access>
    <Access Scope="GlobalVariable" UId="23">
      <IntegerAttribute Name="NumBLs" Informative="true">5</IntegerAttribute>
      <Symbol>
        <Component Name="DB_080SB_080_F_Data" />
        <Component Name="ENBL_ROB_NH" />
        <Address Area="None" Type="Bool" BlockNumber="295" BitOffset="128" Informative="true" />
      </Symbol>
    </Access>
    <Part Name="A" UId="24">
      <TemplateValue Name="Card" Type="Cardinality">2</TemplateValue>
    </Part>
    <Part Name="Coil" UId="25" />
  </Parts>
  <Wires>
    <Wire UId="26">
      <IdentCon UId="21" />
      <NameCon UId="24" Name="in1" />
    </Wire>
    <Wire UId="27">
      <IdentCon UId="22" />
      <NameCon UId="24" Name="in2" />
    </Wire>
    <Wire UId="28">
      <NameCon UId="24" Name="out" />
      <NameCon UId="25" Name="in" />
    </Wire>
    <Wire UId="29">
      <IdentCon UId="23" />
      <NameCon UId="25" Name="operand" />
    </Wire>
  </Wires>
</FlgNet></NetworkSource>
          <ProgrammingLanguage>F_FBD</ProgrammingLanguage>
        </AttributeList>
        <ObjectList>
          <MultilingualText ID="13" CompositionName="Comment">
            <ObjectList>
              <MultilingualTextItem ID="14" CompositionName="Items">
                <AttributeList>
                  <Culture>en-US</Culture>
                  <Text />
                </AttributeList>
              </MultilingualTextItem>
              <MultilingualTextItem ID="15" CompositionName="Items">
                <AttributeList>
                  <Culture>de-DE</Culture>
                  <Text />
                </AttributeList>
              </MultilingualTextItem>
            </ObjectList>
          </MultilingualText>
          <MultilingualText ID="16" CompositionName="Title">
            <ObjectList>
              <MultilingualTextItem ID="17" CompositionName="Items">
                <AttributeList>
                  <Culture>en-US</Culture>
                  <Text>080SB_080 safety area release robot emergency stop</Text>
                </AttributeList>
              </MultilingualTextItem>
              <MultilingualTextItem ID="18" CompositionName="Items">
                <AttributeList>
                  <Culture>de-DE</Culture>
                  <Text>080SB_080 Freigabe SB Not Halt Roboter</Text>
                </AttributeList>
              </MultilingualTextItem>
            </ObjectList>
          </MultilingualText>
        </ObjectList>
      </SW.Blocks.CompileUnit>
      <SW.Blocks.CompileUnit ID="19" CompositionName="CompileUnits">
        <AttributeList>
          <NetworkSource><FlgNet xmlns="http://www.siemens.com/automation/Openness/SW/NetworkSource/FlgNet/v4">
  <Parts>
    <Access Scope="GlobalVariable" UId="21">
      <IntegerAttribute Name="NumBLs" Informative="true">5</IntegerAttribute>
      <Symbol>
        <Component Name="DB_080SB_080_F_Data" />
        <Component Name="GM_BS_ENBL_ROB" />
        <Address Area="None" Type="Bool" BlockNumber="295" BitOffset="64" Informative="true" />
      </Symbol>
    </Access>
    <Access Scope="GlobalVariable" UId="22">
      <IntegerAttribute Name="NumBLs" Informative="true">5</IntegerAttribute>
      <Symbol>
        <Component Name="DB_080SB_080_F_Data" />
        <Component Name="ENBL_ROB_BS" />
        <Address Area="None" Type="Bool" BlockNumber="295" BitOffset="136" Informative="true" />
      </Symbol>
    </Access>
    <Part Name="A" UId="23">
      <TemplateValue Name="Card" Type="Cardinality">1</TemplateValue>
    </Part>
    <Part Name="Coil" UId="24" />
  </Parts>
  <Wires>
    <Wire UId="25">
      <IdentCon UId="21" />
      <NameCon UId="23" Name="in1" />
    </Wire>
    <Wire UId="26">
      <NameCon UId="23" Name="out" />
      <NameCon UId="24" Name="in" />
    </Wire>
    <Wire UId="27">
      <IdentCon UId="22" />
      <NameCon UId="24" Name="operand" />
    </Wire>
  </Wires>
</FlgNet></NetworkSource>
          <ProgrammingLanguage>F_FBD</ProgrammingLanguage>
        </AttributeList>
        <ObjectList>
          <MultilingualText ID="1A" CompositionName="Comment">
            <ObjectList>
              <MultilingualTextItem ID="1B" CompositionName="Items">
                <AttributeList>
                  <Culture>en-US</Culture>
                  <Text />
                </AttributeList>
              </MultilingualTextItem>
              <MultilingualTextItem ID="1C" CompositionName="Items">
                <AttributeList>
                  <Culture>de-DE</Culture>
                  <Text />
                </AttributeList>
              </MultilingualTextItem>
            </ObjectList>
          </MultilingualText>
          <MultilingualText ID="1D" CompositionName="Title">
            <ObjectList>
              <MultilingualTextItem ID="1E" CompositionName="Items">
                <AttributeList>
                  <Culture>en-US</Culture>
                  <Text>080SB_080 safety area release robot user protection</Text>
                </AttributeList>
              </MultilingualTextItem>
              <MultilingualTextItem ID="1F" CompositionName="Items">
                <AttributeList>
                  <Culture>de-DE</Culture>
                  <Text>080SB_080 Freigabe SB Bedienerschutz Roboter</Text>
                </AttributeList>
              </MultilingualTextItem>
            </ObjectList>
          </MultilingualText>
        </ObjectList>
      </SW.Blocks.CompileUnit>
      <SW.Blocks.CompileUnit ID="20" CompositionName="CompileUnits">
        <AttributeList>
          <NetworkSource><FlgNet xmlns="http://www.siemens.com/automation/Openness/SW/NetworkSource/FlgNet/v4">
  <Parts>
    <Access Scope="GlobalVariable" UId="21">
      <IntegerAttribute Name="NumBLs" Informative="true">5</IntegerAttribute>
      <Symbol>
        <Component Name="DB_000SB_000_F_Data" />
        <Component Name="RFK_ERR_001PNE001" />
        <Address Area="None" Type="Bool" BlockNumber="16" BitOffset="336" Informative="true" />
      </Symbol>
    </Access>
    <Access Scope="LiteralConstant" UId="22">
      <IntegerAttribute Name="NumBLs" Informative="true">5</IntegerAttribute>
      <Constant>
        <ConstantType>Bool</ConstantType>
        <ConstantValue>true</ConstantValue>
        <StringAttribute Name="Format" Informative="true">Bool</StringAttribute>
      </Constant>
    </Access>
    <Access Scope="GlobalVariable" UId="23">
      <IntegerAttribute Name="NumBLs" Informative="true">5</IntegerAttribute>
      <Symbol>
        <Component Name="DB_080SB_080_F_Data" />
        <Component Name="GM_RFK_ENBL" />
        <Address Area="None" Type="Bool" BlockNumber="295" BitOffset="96" Informative="true" />
      </Symbol>
    </Access>
    <Part Name="A" UId="24">
      <TemplateValue Name="Card" Type="Cardinality">2</TemplateValue>
      <Negated Name="in1" />
    </Part>
    <Part Name="Coil" UId="25" />
  </Parts>
  <Wires>
    <Wire UId="26">
      <IdentCon UId="21" />
      <NameCon UId="24" Name="in1" />
    </Wire>
    <Wire UId="27">
      <IdentCon UId="22" />
      <NameCon UId="24" Name="in2" />
    </Wire>
    <Wire UId="28">
      <NameCon UId="24" Name="out" />
      <NameCon UId="25" Name="in" />
    </Wire>
    <Wire UId="29">
      <IdentCon UId="23" />
      <NameCon UId="25" Name="operand" />
    </Wire>
  </Wires>
</FlgNet></NetworkSource>
          <ProgrammingLanguage>F_FBD</ProgrammingLanguage>
        </AttributeList>
        <ObjectList>
          <MultilingualText ID="21" CompositionName="Comment">
            <ObjectList>
              <MultilingualTextItem ID="22" CompositionName="Items">
                <AttributeList>
                  <Culture>en-US</Culture>
                  <Text />
                </AttributeList>
              </MultilingualTextItem>
              <MultilingualTextItem ID="23" CompositionName="Items">
                <AttributeList>
                  <Culture>de-DE</Culture>
                  <Text />
                </AttributeList>
              </MultilingualTextItem>
            </ObjectList>
          </MultilingualText>
          <MultilingualText ID="24" CompositionName="Title">
            <ObjectList>
              <MultilingualTextItem ID="25" CompositionName="Items">
                <AttributeList>
                  <Culture>en-US</Culture>
                  <Text>Group flag RFK SB IO</Text>
                </AttributeList>
              </MultilingualTextItem>
              <MultilingualTextItem ID="26" CompositionName="Items">
                <AttributeList>
                  <Culture>de-DE</Culture>
                  <Text>Sammelmeldung RFK SB IO</Text>
                </AttributeList>
              </MultilingualTextItem>
            </ObjectList>
          </MultilingualText>
        </ObjectList>
      </SW.Blocks.CompileUnit>
      <SW.Blocks.CompileUnit ID="27" CompositionName="CompileUnits">
        <AttributeList>
          <NetworkSource><FlgNet xmlns="http://www.siemens.com/automation/Openness/SW/NetworkSource/FlgNet/v4">
  <Parts>
    <Access Scope="LiteralConstant" UId="21">
      <IntegerAttribute Name="NumBLs" Informative="true">5</IntegerAttribute>
      <Constant>
        <ConstantType>Bool</ConstantType>
        <ConstantValue>true</ConstantValue>
        <StringAttribute Name="Format" Informative="true">Bool</StringAttribute>
      </Constant>
    </Access>
    <Access Scope="LiteralConstant" UId="22">
      <IntegerAttribute Name="NumBLs" Informative="true">5</IntegerAttribute>
      <Constant>
        <ConstantType>Bool</ConstantType>
        <ConstantValue>true</ConstantValue>
        <StringAttribute Name="Format" Informative="true">Bool</StringAttribute>
      </Constant>
    </Access>
    <Access Scope="LiteralConstant" UId="23">
      <IntegerAttribute Name="NumBLs" Informative="true">5</IntegerAttribute>
      <Constant>
        <ConstantType>Bool</ConstantType>
        <ConstantValue>false</ConstantValue>
        <StringAttribute Name="Format" Informative="true">Bool</StringAttribute>
      </Constant>
    </Access>
    <Access Scope="LiteralConstant" UId="24">
      <IntegerAttribute Name="NumBLs" Informative="true">5</IntegerAttribute>
      <Constant>
        <ConstantType>Bool</ConstantType>
        <ConstantValue>false</ConstantValue>
        <StringAttribute Name="Format" Informative="true">Bool</StringAttribute>
      </Constant>
    </Access>
    <Access Scope="GlobalVariable" UId="25">
      <IntegerAttribute Name="NumBLs" Informative="true">5</IntegerAttribute>
      <Symbol>
        <Component Name="080RB_100_PI_F" />
        <Component Name="VRED_RM" />
        <Address Area="Input" Type="Bool" BitOffset="91219" Informative="true" />
      </Symbol>
    </Access>
    <Access Scope="GlobalVariable" UId="26">
      <IntegerAttribute Name="NumBLs" Informative="true">5</IntegerAttribute>
      <Symbol>
        <Component Name="DB_F_Data_To_Safety" />
        <Component Name="080SB_080" />
        <Component Name="080RB_100_PI.BASIC.ZBUE_NS" />
        <Address Area="DB" Type="Bool" BlockNumber="235" BitOffset="257" Informative="true" />
      </Symbol>
    </Access>
    <Access Scope="LiteralConstant" UId="27">
      <IntegerAttribute Name="NumBLs" Informative="true">5</IntegerAttribute>
      <Constant>
        <ConstantType>Bool</ConstantType>
        <ConstantValue>true</ConstantValue>
        <StringAttribute Name="Format" Informative="true">Bool</StringAttribute>
      </Constant>
    </Access>
    <Access Scope="LiteralConstant" UId="28">
      <IntegerAttribute Name="NumBLs" Informative="true">5</IntegerAttribute>
      <Constant>
        <ConstantType>Bool</ConstantType>
        <ConstantValue>true</ConstantValue>
        <StringAttribute Name="Format" Informative="true">Bool</StringAttribute>
      </Constant>
    </Access>
    <Access Scope="LiteralConstant" UId="29">
      <IntegerAttribute Name="NumBLs" Informative="true">5</IntegerAttribute>
      <Constant>
        <ConstantType>Bool</ConstantType>
        <ConstantValue>true</ConstantValue>
        <StringAttribute Name="Format" Informative="true">Bool</StringAttribute>
      </Constant>
    </Access>
    <Access Scope="LiteralConstant" UId="30">
      <IntegerAttribute Name="NumBLs" Informative="true">5</IntegerAttribute>
      <Constant>
        <ConstantType>Bool</ConstantType>
        <ConstantValue>true</ConstantValue>
        <StringAttribute Name="Format" Informative="true">Bool</StringAttribute>
      </Constant>
    </Access>
    <Access Scope="LiteralConstant" UId="31">
      <IntegerAttribute Name="NumBLs" Informative="true">5</IntegerAttribute>
      <Constant>
        <ConstantType>Bool</ConstantType>
        <ConstantValue>true</ConstantValue>
        <StringAttribute Name="Format" Informative="true">Bool</StringAttribute>
      </Constant>
    </Access>
    <Access Scope="LiteralConstant" UId="32">
      <IntegerAttribute Name="NumBLs" Informative="true">5</IntegerAttribute>
      <Constant>
        <ConstantType>Bool</ConstantType>
        <ConstantValue>true</ConstantValue>
        <StringAttribute Name="Format" Informative="true">Bool</StringAttribute>
      </Constant>
    </Access>
    <Access Scope="LiteralConstant" UId="33">
      <IntegerAttribute Name="NumBLs" Informative="true">5</IntegerAttribute>
      <Constant>
        <ConstantType>Bool</ConstantType>
        <ConstantValue>true</ConstantValue>
        <StringAttribute Name="Format" Informative="true">Bool</StringAttribute>
      </Constant>
    </Access>
    <Access Scope="LiteralConstant" UId="34">
      <IntegerAttribute Name="NumBLs" Informative="true">5</IntegerAttribute>
      <Constant>
        <ConstantType>Bool</ConstantType>
        <ConstantValue>true</ConstantValue>
        <StringAttribute Name="Format" Informative="true">Bool</StringAttribute>
      </Constant>
    </Access>
    <Access Scope="LiteralConstant" UId="35">
      <IntegerAttribute Name="NumBLs" Informative="true">5</IntegerAttribute>
      <Constant>
        <ConstantType>Bool</ConstantType>
        <ConstantValue>true</ConstantValue>
        <StringAttribute Name="Format" Informative="true">Bool</StringAttribute>
      </Constant>
    </Access>
    <Access Scope="TypedConstant" UId="36">
      <IntegerAttribute Name="NumBLs" Informative="true">5</IntegerAttribute>
      <Constant>
        <ConstantValue>t#3s</ConstantValue>
        <StringAttribute Name="Format" Informative="true">Time</StringAttribute>
        <StringAttribute Name="FormatFlags" Informative="true">TypeQualifier</StringAttribute>
      </Constant>
    </Access>
    <Access Scope="GlobalVariable" UId="37">
      <IntegerAttribute Name="NumBLs" Informative="true">5</IntegerAttribute>
      <Symbol>
        <Component Name="DB_000SB_000_F_Data" />
        <Component Name="GM_estop_ack_complete_plant" />
        <Address Area="None" Type="Bool" BlockNumber="16" BitOffset="160" Informative="true" />
      </Symbol>
    </Access>
    <Access Scope="GlobalVariable" UId="38">
      <IntegerAttribute Name="NumBLs" Informative="true">5</IntegerAttribute>
      <Symbol>
        <Component Name="080RB_100_PO_F_SOP" />
        <Component Name="WZ1" />
        <Address Area="Output" Type="Bool" BitOffset="91248" Informative="true" />
      </Symbol>
    </Access>
    <Access Scope="GlobalVariable" UId="39">
      <IntegerAttribute Name="NumBLs" Informative="true">5</IntegerAttribute>
      <Symbol>
        <Component Name="080RB_100_PO_F_SOP" />
        <Component Name="I-VRED" />
        <Address Area="Output" Type="Bool" BitOffset="91217" Informative="true" />
      </Symbol>
    </Access>
    <Access Scope="GlobalVariable" UId="40">
      <IntegerAttribute Name="NumBLs" Informative="true">5</IntegerAttribute>
      <Symbol>
        <Component Name="DB_080SB_080_F_Data" />
        <Component Name="SR_080RB_100_ERR_SAFE1" />
        <Address Area="None" Type="Bool" BlockNumber="295" BitOffset="152" Informative="true" />
      </Symbol>
    </Access>
    <Call UId="41">
      <CallInfo Name="iFG_F_ROBOT_SAFE_OP" BlockType="FB">
        <IntegerAttribute Name="BlockNumber" Informative="true">5629</IntegerAttribute>
        <DateAttribute Name="ParameterModifiedTS" Informative="true">2019-10-15T09:30:23</DateAttribute>
        <Instance Scope="GlobalVariable" UId="42">
          <Component Name="SEDB_080RB_100-Safe" />
          <Address Area="DB" Type="iFG_F_ROBOT_SAFE_OP" BlockNumber="171" BitOffset="0" Informative="true" />
        </Instance>
        <Parameter Name="selectionFlex_1" Section="Input" Type="Bool">
          <StringAttribute Name="InterfaceFlags" Informative="true">S7_Visible</StringAttribute>
        </Parameter>
        <Parameter Name="selectionFlex_2" Section="Input" Type="Bool">
          <StringAttribute Name="InterfaceFlags" Informative="true">S7_Visible</StringAttribute>
        </Parameter>
        <Parameter Name="selectionFlex_3" Section="Input" Type="Bool">
          <StringAttribute Name="InterfaceFlags" Informative="true">S7_Visible</StringAttribute>
        </Parameter>
        <Parameter Name="selectionFlex_4" Section="Input" Type="Bool">
          <StringAttribute Name="InterfaceFlags" Informative="true">S7_Visible</StringAttribute>
        </Parameter>
        <Parameter Name="selectionFlex_5" Section="Input" Type="Bool">
          <StringAttribute Name="InterfaceFlags" Informative="true">S7_Visible</StringAttribute>
        </Parameter>
        <Parameter Name="selectionFlex_6" Section="Input" Type="Bool">
          <StringAttribute Name="InterfaceFlags" Informative="true">S7_Visible</StringAttribute>
        </Parameter>
        <Parameter Name="selectionFlex_7" Section="Input" Type="Bool">
          <StringAttribute Name="InterfaceFlags" Informative="true">S7_Visible</StringAttribute>
        </Parameter>
        <Parameter Name="selectionFlex_8" Section="Input" Type="Bool">
          <StringAttribute Name="InterfaceFlags" Informative="true">S7_Visible</StringAttribute>
        </Parameter>
        <Parameter Name="selectionFlex_9" Section="Input" Type="Bool">
          <StringAttribute Name="InterfaceFlags" Informative="true">S7_Visible</StringAttribute>
        </Parameter>
        <Parameter Name="selectionFlex_10" Section="Input" Type="Bool">
          <StringAttribute Name="InterfaceFlags" Informative="true">S7_Visible</StringAttribute>
        </Parameter>
        <Parameter Name="selectionFlex_11" Section="Input" Type="Bool">
          <StringAttribute Name="InterfaceFlags" Informative="true">S7_Visible</StringAttribute>
        </Parameter>
        <Parameter Name="selectionFlex_12" Section="Input" Type="Bool">
          <StringAttribute Name="InterfaceFlags" Informative="true">S7_Visible</StringAttribute>
        </Parameter>
        <Parameter Name="feedbackFlex_1" Section="Input" Type="Bool">
          <StringAttribute Name="InterfaceFlags" Informative="true">S7_Visible</StringAttribute>
        </Parameter>
        <Parameter Name="feedbackFlex_2" Section="Input" Type="Bool">
          <StringAttribute Name="InterfaceFlags" Informative="true">S7_Visible</StringAttribute>
        </Parameter>
        <Parameter Name="feedbackFlex_3" Section="Input" Type="Bool">
          <StringAttribute Name="InterfaceFlags" Informative="true">S7_Visible</StringAttribute>
        </Parameter>
        <Parameter Name="feedbackFlex_4" Section="Input" Type="Bool">
          <StringAttribute Name="InterfaceFlags" Informative="true">S7_Visible</StringAttribute>
        </Parameter>
        <Parameter Name="feedbackFlex_5" Section="Input" Type="Bool">
          <StringAttribute Name="InterfaceFlags" Informative="true">S7_Visible</StringAttribute>
        </Parameter>
        <Parameter Name="feedbackFlex_6" Section="Input" Type="Bool">
          <StringAttribute Name="InterfaceFlags" Informative="true">S7_Visible</StringAttribute>
        </Parameter>
        <Parameter Name="feedbackFlex_7" Section="Input" Type="Bool">
          <StringAttribute Name="InterfaceFlags" Informative="true">S7_Visible</StringAttribute>
        </Parameter>
        <Parameter Name="feedbackFlex_8" Section="Input" Type="Bool">
          <StringAttribute Name="InterfaceFlags" Informative="true">S7_Visible</StringAttribute>
        </Parameter>
        <Parameter Name="feedbackFlex_9" Section="Input" Type="Bool">
          <StringAttribute Name="InterfaceFlags" Informative="true">S7_Visible</StringAttribute>
        </Parameter>
        <Parameter Name="feedbackFlex_10" Section="Input" Type="Bool">
          <StringAttribute Name="InterfaceFlags" Informative="true">S7_Visible</StringAttribute>
        </Parameter>
        <Parameter Name="feedbackFlex_11" Section="Input" Type="Bool">
          <StringAttribute Name="InterfaceFlags" Informative="true">S7_Visible</StringAttribute>
        </Parameter>
        <Parameter Name="feedbackFlex_12" Section="Input" Type="Bool">
          <StringAttribute Name="InterfaceFlags" Informative="true">S7_Visible</StringAttribute>
        </Parameter>
        <Parameter Name="feedbackDelay" Section="Input" Type="Time">
          <StringAttribute Name="InterfaceFlags" Informative="true">S7_Visible</StringAttribute>
        </Parameter>
        <Parameter Name="ack" Section="Input" Type="Bool">
          <StringAttribute Name="InterfaceFlags" Informative="true">S7_Visible</StringAttribute>
        </Parameter>
        <Parameter Name="enableFlex_1" Section="Output" Type="Bool">
          <StringAttribute Name="InterfaceFlags" Informative="true">S7_Visible</StringAttribute>
        </Parameter>
        <Parameter Name="enableFlex_2" Section="Output" Type="Bool">
          <StringAttribute Name="InterfaceFlags" Informative="true">S7_Visible</StringAttribute>
        </Parameter>
        <Parameter Name="enableFlex_3" Section="Output" Type="Bool">
          <StringAttribute Name="InterfaceFlags" Informative="true">S7_Visible</StringAttribute>
        </Parameter>
        <Parameter Name="enableFlex_4" Section="Output" Type="Bool">
          <StringAttribute Name="InterfaceFlags" Informative="true">S7_Visible</StringAttribute>
        </Parameter>
        <Parameter Name="enableFlex_5" Section="Output" Type="Bool">
          <StringAttribute Name="InterfaceFlags" Informative="true">S7_Visible</StringAttribute>
        </Parameter>
        <Parameter Name="enableFlex_6" Section="Output" Type="Bool">
          <StringAttribute Name="InterfaceFlags" Informative="true">S7_Visible</StringAttribute>
        </Parameter>
        <Parameter Name="enableFlex_7" Section="Output" Type="Bool">
          <StringAttribute Name="InterfaceFlags" Informative="true">S7_Visible</StringAttribute>
        </Parameter>
        <Parameter Name="enableFlex_8" Section="Output" Type="Bool">
          <StringAttribute Name="InterfaceFlags" Informative="true">S7_Visible</StringAttribute>
        </Parameter>
        <Parameter Name="enableFlex_9" Section="Output" Type="Bool">
          <StringAttribute Name="InterfaceFlags" Informative="true">S7_Visible</StringAttribute>
        </Parameter>
        <Parameter Name="enableFlex_10" Section="Output" Type="Bool">
          <StringAttribute Name="InterfaceFlags" Informative="true">S7_Visible</StringAttribute>
        </Parameter>
        <Parameter Name="enableFlex_11" Section="Output" Type="Bool">
          <StringAttribute Name="InterfaceFlags" Informative="true">S7_Visible</StringAttribute>
        </Parameter>
        <Parameter Name="enableFlex_12" Section="Output" Type="Bool">
          <StringAttribute Name="InterfaceFlags" Informative="true">S7_Visible</StringAttribute>
        </Parameter>
        <Parameter Name="fault" Section="Output" Type="Bool">
          <StringAttribute Name="InterfaceFlags" Informative="true">S7_Visible</StringAttribute>
        </Parameter>
      </CallInfo>
      <Negated Name="feedbackFlex_3" />
    </Call>
  </Parts>
  <Wires>
    <Wire UId="63">
      <OpenCon UId="43" />
      <NameCon UId="41" Name="en" />
    </Wire>
    <Wire UId="64">
      <IdentCon UId="21" />
      <NameCon UId="41" Name="selectionFlex_1" />
    </Wire>
    <Wire UId="65">
      <IdentCon UId="22" />
      <NameCon UId="41" Name="selectionFlex_2" />
    </Wire>
    <Wire UId="66">
      <IdentCon UId="23" />
      <NameCon UId="41" Name="selectionFlex_3" />
    </Wire>
    <Wire UId="67">
      <OpenCon UId="44" />
      <NameCon UId="41" Name="selectionFlex_4" />
    </Wire>
    <Wire UId="68">
      <OpenCon UId="45" />
      <NameCon UId="41" Name="selectionFlex_5" />
    </Wire>
    <Wire UId="69">
      <OpenCon UId="46" />
      <NameCon UId="41" Name="selectionFlex_6" />
    </Wire>
    <Wire UId="70">
      <OpenCon UId="47" />
      <NameCon UId="41" Name="selectionFlex_7" />
    </Wire>
    <Wire UId="71">
      <OpenCon UId="48" />
      <NameCon UId="41" Name="selectionFlex_8" />
    </Wire>
    <Wire UId="72">
      <OpenCon UId="49" />
      <NameCon UId="41" Name="selectionFlex_9" />
    </Wire>
    <Wire UId="73">
      <OpenCon UId="50" />
      <NameCon UId="41" Name="selectionFlex_10" />
    </Wire>
    <Wire UId="74">
      <OpenCon UId="51" />
      <NameCon UId="41" Name="selectionFlex_11" />
    </Wire>
    <Wire UId="75">
      <OpenCon UId="52" />
      <NameCon UId="41" Name="selectionFlex_12" />
    </Wire>
    <Wire UId="76">
      <IdentCon UId="24" />
      <NameCon UId="41" Name="feedbackFlex_1" />
    </Wire>
    <Wire UId="77">
      <IdentCon UId="25" />
      <NameCon UId="41" Name="feedbackFlex_2" />
    </Wire>
    <Wire UId="78">
      <IdentCon UId="26" />
      <NameCon UId="41" Name="feedbackFlex_3" />
    </Wire>
    <Wire UId="79">
      <IdentCon UId="27" />
      <NameCon UId="41" Name="feedbackFlex_4" />
    </Wire>
    <Wire UId="80">
      <IdentCon UId="28" />
      <NameCon UId="41" Name="feedbackFlex_5" />
    </Wire>
    <Wire UId="81">
      <IdentCon UId="29" />
      <NameCon UId="41" Name="feedbackFlex_6" />
    </Wire>
    <Wire UId="82">
      <IdentCon UId="30" />
      <NameCon UId="41" Name="feedbackFlex_7" />
    </Wire>
    <Wire UId="83">
      <IdentCon UId="31" />
      <NameCon UId="41" Name="feedbackFlex_8" />
    </Wire>
    <Wire UId="84">
      <IdentCon UId="32" />
      <NameCon UId="41" Name="feedbackFlex_9" />
    </Wire>
    <Wire UId="85">
      <IdentCon UId="33" />
      <NameCon UId="41" Name="feedbackFlex_10" />
    </Wire>
    <Wire UId="86">
      <IdentCon UId="34" />
      <NameCon UId="41" Name="feedbackFlex_11" />
    </Wire>
    <Wire UId="87">
      <IdentCon UId="35" />
      <NameCon UId="41" Name="feedbackFlex_12" />
    </Wire>
    <Wire UId="88">
      <IdentCon UId="36" />
      <NameCon UId="41" Name="feedbackDelay" />
    </Wire>
    <Wire UId="89">
      <IdentCon UId="37" />
      <NameCon UId="41" Name="ack" />
    </Wire>
    <Wire UId="90">
      <NameCon UId="41" Name="enableFlex_1" />
      <IdentCon UId="38" />
    </Wire>
    <Wire UId="91">
      <NameCon UId="41" Name="enableFlex_2" />
      <IdentCon UId="39" />
    </Wire>
    <Wire UId="92">
      <NameCon UId="41" Name="enableFlex_3" />
      <OpenCon UId="53" />
    </Wire>
    <Wire UId="93">
      <NameCon UId="41" Name="enableFlex_4" />
      <OpenCon UId="54" />
    </Wire>
    <Wire UId="94">
      <NameCon UId="41" Name="enableFlex_5" />
      <OpenCon UId="55" />
    </Wire>
    <Wire UId="95">
      <NameCon UId="41" Name="enableFlex_6" />
      <OpenCon UId="56" />
    </Wire>
    <Wire UId="96">
      <NameCon UId="41" Name="enableFlex_7" />
      <OpenCon UId="57" />
    </Wire>
    <Wire UId="97">
      <NameCon UId="41" Name="enableFlex_8" />
      <OpenCon UId="58" />
    </Wire>
    <Wire UId="98">
      <NameCon UId="41" Name="enableFlex_9" />
      <OpenCon UId="59" />
    </Wire>
    <Wire UId="99">
      <NameCon UId="41" Name="enableFlex_10" />
      <OpenCon UId="60" />
    </Wire>
    <Wire UId="100">
      <NameCon UId="41" Name="enableFlex_11" />
      <OpenCon UId="61" />
    </Wire>
    <Wire UId="101">
      <NameCon UId="41" Name="enableFlex_12" />
      <OpenCon UId="62" />
    </Wire>
    <Wire UId="102">
      <NameCon UId="41" Name="fault" />
      <IdentCon UId="40" />
    </Wire>
  </Wires>
</FlgNet></NetworkSource>
          <ProgrammingLanguage>F_FBD</ProgrammingLanguage>
        </AttributeList>
        <ObjectList>
          <MultilingualText ID="28" CompositionName="Comment">
            <ObjectList>
              <MultilingualTextItem ID="29" CompositionName="Items">
                <AttributeList>
                  <Culture>en-US</Culture>
                  <Text />
                </AttributeList>
              </MultilingualTextItem>
              <MultilingualTextItem ID="2A" CompositionName="Items">
                <AttributeList>
                  <Culture>de-DE</Culture>
                  <Text />
                </AttributeList>
              </MultilingualTextItem>
            </ObjectList>
          </MultilingualText>
          <MultilingualText ID="2B" CompositionName="Title">
            <ObjectList>
              <MultilingualTextItem ID="2C" CompositionName="Items">
                <AttributeList>
                  <Culture>en-US</Culture>
                  <Text>010RB_100 release safe robot operation</Text>
                </AttributeList>
              </MultilingualTextItem>
              <MultilingualTextItem ID="2D" CompositionName="Items">
                <AttributeList>
                  <Culture>de-DE</Culture>
                  <Text>080RB_100-Safe OP</Text>
                </AttributeList>
              </MultilingualTextItem>
            </ObjectList>
          </MultilingualText>
        </ObjectList>
      </SW.Blocks.CompileUnit>
      <SW.Blocks.CompileUnit ID="2E" CompositionName="CompileUnits">
        <AttributeList>
          <NetworkSource><FlgNet xmlns="http://www.siemens.com/automation/Openness/SW/NetworkSource/FlgNet/v4">
  <Parts>
    <Access Scope="GlobalVariable" UId="21">
      <IntegerAttribute Name="NumBLs" Informative="true">5</IntegerAttribute>
      <Symbol>
        <Component Name="DB_080SB_080_F_Data" />
        <Component Name="ENBL_ROB_BS" />
        <Address Area="None" Type="Bool" BlockNumber="295" BitOffset="136" Informative="true" />
      </Symbol>
    </Access>
    <Access Scope="GlobalVariable" UId="22">
      <IntegerAttribute Name="NumBLs" Informative="true">5</IntegerAttribute>
      <Symbol>
        <Component Name="DB_080SB_080_F_Data" />
        <Component Name="SR_080RB_100_ERR_SAFE1" />
        <Address Area="None" Type="Bool" BlockNumber="295" BitOffset="152" Informative="true" />
      </Symbol>
    </Access>
    <Access Scope="GlobalVariable" UId="23">
      <IntegerAttribute Name="NumBLs" Informative="true">5</IntegerAttribute>
      <Symbol>
        <Component Name="DB_080SB_080_F_Data" />
        <Component Name="ENBL_ROB_BS_080RB_100" />
        <Address Area="None" Type="Bool" BlockNumber="295" BitOffset="160" Informative="true" />
      </Symbol>
    </Access>
    <Part Name="A" UId="24">
      <TemplateValue Name="Card" Type="Cardinality">2</TemplateValue>
      <Negated Name="in2" />
    </Part>
    <Part Name="Coil" UId="25" />
  </Parts>
  <Wires>
    <Wire UId="26">
      <IdentCon UId="21" />
      <NameCon UId="24" Name="in1" />
    </Wire>
    <Wire UId="27">
      <IdentCon UId="22" />
      <NameCon UId="24" Name="in2" />
    </Wire>
    <Wire UId="28">
      <NameCon UId="24" Name="out" />
      <NameCon UId="25" Name="in" />
    </Wire>
    <Wire UId="29">
      <IdentCon UId="23" />
      <NameCon UId="25" Name="operand" />
    </Wire>
  </Wires>
</FlgNet></NetworkSource>
          <ProgrammingLanguage>F_FBD</ProgrammingLanguage>
        </AttributeList>
        <ObjectList>
          <MultilingualText ID="2F" CompositionName="Comment">
            <ObjectList>
              <MultilingualTextItem ID="30" CompositionName="Items">
                <AttributeList>
                  <Culture>en-US</Culture>
                  <Text />
                </AttributeList>
              </MultilingualTextItem>
              <MultilingualTextItem ID="31" CompositionName="Items">
                <AttributeList>
                  <Culture>de-DE</Culture>
                  <Text />
                </AttributeList>
              </MultilingualTextItem>
            </ObjectList>
          </MultilingualText>
          <MultilingualText ID="32" CompositionName="Title">
            <ObjectList>
              <MultilingualTextItem ID="33" CompositionName="Items">
                <AttributeList>
                  <Culture>en-US</Culture>
                  <Text />
                </AttributeList>
              </MultilingualTextItem>
              <MultilingualTextItem ID="34" CompositionName="Items">
                <AttributeList>
                  <Culture>de-DE</Culture>
                  <Text>080RB_100 Freigabe Bedienerschutz Roboter </Text>
                </AttributeList>
              </MultilingualTextItem>
            </ObjectList>
          </MultilingualText>
        </ObjectList>
      </SW.Blocks.CompileUnit>
      <SW.Blocks.CompileUnit ID="35" CompositionName="CompileUnits">
        <AttributeList>
          <NetworkSource><FlgNet xmlns="http://www.siemens.com/automation/Openness/SW/NetworkSource/FlgNet/v4">
  <Parts>
    <Access Scope="GlobalVariable" UId="21">
      <IntegerAttribute Name="NumBLs" Informative="true">5</IntegerAttribute>
      <Symbol>
        <Component Name="F00260_F-PM-E24VDC/8APPMST_9" />
        <Component Name="QBAD" />
        <Address Area="None" Type="Bool" BlockNumber="30039" BitOffset="80" Informative="true" />
      </Symbol>
    </Access>
    <Access Scope="GlobalVariable" UId="22">
      <IntegerAttribute Name="NumBLs" Informative="true">5</IntegerAttribute>
      <Symbol>
        <Component Name="DB_080SB_080_F_Data" />
        <Component Name="QBAD_TechnoPS_080RB_100" />
        <Address Area="None" Type="Bool" BlockNumber="295" BitOffset="176" Informative="true" />
      </Symbol>
    </Access>
    <Part Name="Coil" UId="23" />
  </Parts>
  <Wires>
    <Wire UId="24">
      <IdentCon UId="21" />
      <NameCon UId="23" Name="in" />
    </Wire>
    <Wire UId="25">
      <IdentCon UId="22" />
      <NameCon UId="23" Name="operand" />
    </Wire>
  </Wires>
</FlgNet></NetworkSource>
          <ProgrammingLanguage>F_FBD</ProgrammingLanguage>
        </AttributeList>
        <ObjectList>
          <MultilingualText ID="36" CompositionName="Comment">
            <ObjectList>
              <MultilingualTextItem ID="37" CompositionName="Items">
                <AttributeList>
                  <Culture>en-US</Culture>
                  <Text />
                </AttributeList>
              </MultilingualTextItem>
              <MultilingualTextItem ID="38" CompositionName="Items">
                <AttributeList>
                  <Culture>de-DE</Culture>
                  <Text />
                </AttributeList>
              </MultilingualTextItem>
            </ObjectList>
          </MultilingualText>
          <MultilingualText ID="39" CompositionName="Title">
            <ObjectList>
              <MultilingualTextItem ID="3A" CompositionName="Items">
                <AttributeList>
                  <Culture>en-US</Culture>
                  <Text />
                </AttributeList>
              </MultilingualTextItem>
              <MultilingualTextItem ID="3B" CompositionName="Items">
                <AttributeList>
                  <Culture>de-DE</Culture>
                  <Text>080RB_100 Sammelmeldung QBAD US2</Text>
                </AttributeList>
              </MultilingualTextItem>
            </ObjectList>
          </MultilingualText>
        </ObjectList>
      </SW.Blocks.CompileUnit>
      <SW.Blocks.CompileUnit ID="3C" CompositionName="CompileUnits">
        <AttributeList>
          <NetworkSource><FlgNet xmlns="http://www.siemens.com/automation/Openness/SW/NetworkSource/FlgNet/v4">
  <Parts>
    <Access Scope="GlobalVariable" UId="21">
      <IntegerAttribute Name="NumBLs" Informative="true">5</IntegerAttribute>
      <Symbol>
        <Component Name="DB_000SB_000_F_Data" />
        <Component Name="F_FRG_T2" />
        <Address Area="None" Type="Bool" BlockNumber="16" BitOffset="184" Informative="true" />
      </Symbol>
    </Access>
    <Access Scope="GlobalVariable" UId="22">
      <IntegerAttribute Name="NumBLs" Informative="true">5</IntegerAttribute>
      <Symbol>
        <Component Name="DB_080SB_080_F_Data" />
        <Component Name="ENBL_ROB_BS_080RB_100" />
        <Address Area="None" Type="Bool" BlockNumber="295" BitOffset="160" Informative="true" />
      </Symbol>
    </Access>
    <Access Scope="GlobalVariable" UId="23">
      <IntegerAttribute Name="NumBLs" Informative="true">5</IntegerAttribute>
      <Symbol>
        <Component Name="DB_080SB_080_F_Data" />
        <Component Name="ENBL_ROB_NH" />
        <Address Area="None" Type="Bool" BlockNumber="295" BitOffset="128" Informative="true" />
      </Symbol>
    </Access>
    <Access Scope="GlobalVariable" UId="24">
      <IntegerAttribute Name="NumBLs" Informative="true">5</IntegerAttribute>
      <Symbol>
        <Component Name="DB_F_Data_To_Safety" />
        <Component Name="080SB_080" />
        <Component Name="080RB_100_robotdeselected_safety" />
        <Address Area="DB" Type="Bool" BlockNumber="235" BitOffset="256" Informative="true" />
      </Symbol>
    </Access>
    <Access Scope="GlobalVariable" UId="25">
      <IntegerAttribute Name="NumBLs" Informative="true">5</IntegerAttribute>
      <Symbol>
        <Component Name="DB_F_Data_To_Safety" />
        <Component Name="000SB_000" />
        <Component Name="controlVoltageOn" />
        <Address Area="DB" Type="Bool" BlockNumber="235" BitOffset="9" Informative="true" />
      </Symbol>
    </Access>
    <Access Scope="GlobalVariable" UId="26">
      <IntegerAttribute Name="NumBLs" Informative="true">5</IntegerAttribute>
      <Symbol>
        <Component Name="080RB_100_PI_F" />
        <Address Area="Input" Type="iUDT_PI_ROBOT_FAILSAFE_BASIC" BitOffset="91200" Informative="true" />
      </Symbol>
    </Access>
    <Access Scope="GlobalVariable" UId="27">
      <IntegerAttribute Name="NumBLs" Informative="true">5</IntegerAttribute>
      <Symbol>
        <Component Name="DB_000SB_000_F_Data" />
        <Component Name="GM_estop_ack_complete_plant" />
        <Address Area="None" Type="Bool" BlockNumber="16" BitOffset="160" Informative="true" />
      </Symbol>
    </Access>
    <Access Scope="GlobalVariable" UId="28">
      <IntegerAttribute Name="NumBLs" Informative="true">5</IntegerAttribute>
      <Symbol>
        <Component Name="F11400_64sicheredigitaleEin-und" />
        <Component Name="QBAD" />
        <Address Area="None" Type="Bool" BlockNumber="30079" BitOffset="80" Informative="true" />
      </Symbol>
    </Access>
    <Access Scope="GlobalVariable" UId="29">
      <IntegerAttribute Name="NumBLs" Informative="true">5</IntegerAttribute>
      <Symbol>
        <Component Name="F11400_64sicheredigitaleEin-und" />
        <Component Name="ACK_REQ" />
        <Address Area="None" Type="Bool" BlockNumber="30079" BitOffset="88" Informative="true" />
      </Symbol>
    </Access>
    <Access Scope="GlobalVariable" UId="30">
      <IntegerAttribute Name="NumBLs" Informative="true">5</IntegerAttribute>
      <Symbol>
        <Component Name="DB_080SB_080_F_Data" />
        <Component Name="QBAD_TechnoPS_080RB_100" />
        <Address Area="None" Type="Bool" BlockNumber="295" BitOffset="176" Informative="true" />
      </Symbol>
    </Access>
    <Access Scope="GlobalVariable" UId="31">
      <IntegerAttribute Name="NumBLs" Informative="true">5</IntegerAttribute>
      <Symbol>
        <Component Name="080RB_100_PO_F" />
        <Address Area="Output" Type="iUDT_PO_ROBOT_FAILSAFE_BASIC" BitOffset="91200" Informative="true" />
      </Symbol>
    </Access>
    <Access Scope="GlobalVariable" UId="32">
      <IntegerAttribute Name="NumBLs" Informative="true">5</IntegerAttribute>
      <Symbol>
        <Component Name="DB_080SB_080_F_Data" />
        <Component Name="080RB_100_FN1_ENBL" />
        <Address Area="None" Type="Bool" BlockNumber="295" BitOffset="144" Informative="true" />
      </Symbol>
    </Access>
    <Call UId="33">
      <CallInfo Name="iFG_F_ROBOT_SAFE_BASIC" BlockType="FB">
        <IntegerAttribute Name="BlockNumber" Informative="true">5628</IntegerAttribute>
        <DateAttribute Name="ParameterModifiedTS" Informative="true">2019-12-09T09:20:33</DateAttribute>
        <Instance Scope="GlobalVariable" UId="34">
          <Component Name="SEDB_080RB_100" />
          <Address Area="DB" Type="iFG_F_ROBOT_SAFE_BASIC" BlockNumber="172" BitOffset="0" Informative="true" />
        </Instance>
        <Parameter Name="fctT2" Section="Input" Type="Bool">
          <StringAttribute Name="InterfaceFlags" Informative="true">S7_Visible</StringAttribute>
        </Parameter>
        <Parameter Name="operatorProt" Section="Input" Type="Bool">
          <StringAttribute Name="InterfaceFlags" Informative="true">S7_Visible</StringAttribute>
        </Parameter>
        <Parameter Name="eStop" Section="Input" Type="Bool">
          <StringAttribute Name="InterfaceFlags" Informative="true">S7_Visible</StringAttribute>
        </Parameter>
        <Parameter Name="disEStopRobotLocal" Section="Input" Type="Bool">
          <StringAttribute Name="InterfaceFlags" Informative="true">S7_Visible</StringAttribute>
        </Parameter>
        <Parameter Name="ackStart" Section="Input" Type="Bool">
          <StringAttribute Name="InterfaceFlags" Informative="true">S7_Visible</StringAttribute>
        </Parameter>
        <Parameter Name="inIfcSafe" Section="Input" Type="&quot;iUDT_PI_ROBOT_FAILSAFE_BASIC&quot;">
          <StringAttribute Name="InterfaceFlags" Informative="true">S7_Visible</StringAttribute>
        </Parameter>
        <Parameter Name="ack" Section="Input" Type="Bool">
          <StringAttribute Name="InterfaceFlags" Informative="true">S7_Visible</StringAttribute>
        </Parameter>
        <Parameter Name="QBAD" Section="Input" Type="Bool">
          <StringAttribute Name="InterfaceFlags" Informative="true">S7_Visible</StringAttribute>
        </Parameter>
        <Parameter Name="ACK_REQ" Section="Input" Type="Bool">
          <StringAttribute Name="InterfaceFlags" Informative="true">S7_Visible</StringAttribute>
        </Parameter>
        <Parameter Name="QBADTechnoPs" Section="Input" Type="Bool">
          <StringAttribute Name="InterfaceFlags" Informative="true">S7_Visible</StringAttribute>
        </Parameter>
        <Parameter Name="outIfcSafe" Section="Output" Type="&quot;iUDT_PO_ROBOT_FAILSAFE_BASIC&quot;">
          <StringAttribute Name="InterfaceFlags" Informative="true">S7_Visible</StringAttribute>
        </Parameter>
        <Parameter Name="eStopLocalEnable" Section="Output" Type="Bool">
          <StringAttribute Name="InterfaceFlags" Informative="true">S7_Visible</StringAttribute>
        </Parameter>
      </CallInfo>
    </Call>
  </Parts>
  <Wires>
    <Wire UId="36">
      <OpenCon UId="35" />
      <NameCon UId="33" Name="en" />
    </Wire>
    <Wire UId="37">
      <IdentCon UId="21" />
      <NameCon UId="33" Name="fctT2" />
    </Wire>
    <Wire UId="38">
      <IdentCon UId="22" />
      <NameCon UId="33" Name="operatorProt" />
    </Wire>
    <Wire UId="39">
      <IdentCon UId="23" />
      <NameCon UId="33" Name="eStop" />
    </Wire>
    <Wire UId="40">
      <IdentCon UId="24" />
      <NameCon UId="33" Name="disEStopRobotLocal" />
    </Wire>
    <Wire UId="41">
      <IdentCon UId="25" />
      <NameCon UId="33" Name="ackStart" />
    </Wire>
    <Wire UId="42">
      <IdentCon UId="26" />
      <NameCon UId="33" Name="inIfcSafe" />
    </Wire>
    <Wire UId="43">
      <IdentCon UId="27" />
      <NameCon UId="33" Name="ack" />
    </Wire>
    <Wire UId="44">
      <IdentCon UId="28" />
      <NameCon UId="33" Name="QBAD" />
    </Wire>
    <Wire UId="45">
      <IdentCon UId="29" />
      <NameCon UId="33" Name="ACK_REQ" />
    </Wire>
    <Wire UId="46">
      <IdentCon UId="30" />
      <NameCon UId="33" Name="QBADTechnoPs" />
    </Wire>
    <Wire UId="47">
      <NameCon UId="33" Name="outIfcSafe" />
      <IdentCon UId="31" />
    </Wire>
    <Wire UId="48">
      <NameCon UId="33" Name="eStopLocalEnable" />
      <IdentCon UId="32" />
    </Wire>
  </Wires>
</FlgNet></NetworkSource>
          <ProgrammingLanguage>F_FBD</ProgrammingLanguage>
        </AttributeList>
        <ObjectList>
          <MultilingualText ID="3D" CompositionName="Comment">
            <ObjectList>
              <MultilingualTextItem ID="3E" CompositionName="Items">
                <AttributeList>
                  <Culture>en-US</Culture>
                  <Text />
                </AttributeList>
              </MultilingualTextItem>
              <MultilingualTextItem ID="3F" CompositionName="Items">
                <AttributeList>
                  <Culture>de-DE</Culture>
                  <Text />
                </AttributeList>
              </MultilingualTextItem>
            </ObjectList>
          </MultilingualText>
          <MultilingualText ID="40" CompositionName="Title">
            <ObjectList>
              <MultilingualTextItem ID="41" CompositionName="Items">
                <AttributeList>
                  <Culture>en-US</Culture>
                  <Text>Call 080RB_100 robot</Text>
                </AttributeList>
              </MultilingualTextItem>
              <MultilingualTextItem ID="42" CompositionName="Items">
                <AttributeList>
                  <Culture>de-DE</Culture>
                  <Text>080RB_100 Roboter</Text>
                </AttributeList>
              </MultilingualTextItem>
            </ObjectList>
          </MultilingualText>
        </ObjectList>
      </SW.Blocks.CompileUnit>
      <SW.Blocks.CompileUnit ID="43" CompositionName="CompileUnits">
        <AttributeList>
          <NetworkSource><FlgNet xmlns="http://www.siemens.com/automation/Openness/SW/NetworkSource/FlgNet/v4">
  <Parts>
    <Access Scope="LiteralConstant" UId="21">
      <IntegerAttribute Name="NumBLs" Informative="true">5</IntegerAttribute>
      <Constant>
        <ConstantType>Bool</ConstantType>
        <ConstantValue>true</ConstantValue>
        <StringAttribute Name="Format" Informative="true">Bool</StringAttribute>
      </Constant>
    </Access>
    <Access Scope="GlobalVariable" UId="22">
      <IntegerAttribute Name="NumBLs" Informative="true">5</IntegerAttribute>
      <Symbol>
        <Component Name="F11400_64sicheredigitaleEin-und" />
        <Component Name="QBAD" />
        <Address Area="None" Type="Bool" BlockNumber="30079" BitOffset="80" Informative="true" />
      </Symbol>
    </Access>
    <Access Scope="GlobalVariable" UId="23">
      <IntegerAttribute Name="NumBLs" Informative="true">5</IntegerAttribute>
      <Symbol>
        <Component Name="SEDB_080RB_100" />
        <Component Name="outIfcSafe" />
        <Address Area="None" Type="iUDT_PO_ROBOT_FAILSAFE_BASIC" BlockNumber="172" BitOffset="616" Informative="true" />
      </Symbol>
    </Access>
    <Access Scope="GlobalVariable" UId="24">
      <IntegerAttribute Name="NumBLs" Informative="true">5</IntegerAttribute>
      <Symbol>
        <Component Name="080RB_100_PI_F" />
        <Address Area="Input" Type="iUDT_PI_ROBOT_FAILSAFE_BASIC" BitOffset="91200" Informative="true" />
      </Symbol>
    </Access>
    <Access Scope="GlobalVariable" UId="25">
      <IntegerAttribute Name="NumBLs" Informative="true">5</IntegerAttribute>
      <Symbol>
        <Component Name="DB_F_Data_To_Safety" />
        <Component Name="000SB_000" />
        <Component Name="controlVoltageOn" />
        <Address Area="DB" Type="Bool" BlockNumber="235" BitOffset="9" Informative="true" />
      </Symbol>
    </Access>
    <Access Scope="GlobalVariable" UId="26">
      <IntegerAttribute Name="NumBLs" Informative="true">5</IntegerAttribute>
      <Symbol>
        <Component Name="F00260_F-PM-E24VDC/8APPMST_9" />
        <Component Name="QBAD" />
        <Address Area="None" Type="Bool" BlockNumber="30039" BitOffset="80" Informative="true" />
      </Symbol>
    </Access>
    <Access Scope="GlobalVariable" UId="27">
      <IntegerAttribute Name="NumBLs" Informative="true">5</IntegerAttribute>
      <Symbol>
        <Component Name="F00260_F-PM-E24VDC/8APPMST_9" />
        <Component Name="ACK_REQ" />
        <Address Area="None" Type="Bool" BlockNumber="30039" BitOffset="88" Informative="true" />
      </Symbol>
    </Access>
    <Access Scope="GlobalVariable" UId="28">
      <IntegerAttribute Name="NumBLs" Informative="true">5</IntegerAttribute>
      <Symbol>
        <Component Name="000EK_137_H111-XD41:3" />
        <Address Area="Output" Type="Bool" BitOffset="2080" Informative="true" />
      </Symbol>
    </Access>
    <Call UId="29">
      <CallInfo Name="iFG_F_ROBOT_TECHNO_PS" BlockType="FB">
        <IntegerAttribute Name="BlockNumber" Informative="true">5632</IntegerAttribute>
        <DateAttribute Name="ParameterModifiedTS" Informative="true">2022-07-07T06:33:21</DateAttribute>
        <Instance Scope="GlobalVariable" UId="30">
          <Component Name="SEDB_080RB_100_US2" />
          <Address Area="DB" Type="iFG_F_ROBOT_TECHNO_PS" BlockNumber="173" BitOffset="0" Informative="true" />
        </Instance>
        <Parameter Name="fctEnablingSwitch" Section="Input" Type="Bool">
          <StringAttribute Name="InterfaceFlags" Informative="true">S7_Visible</StringAttribute>
        </Parameter>
        <Parameter Name="fctMode" Section="Input" Type="Bool">
          <StringAttribute Name="InterfaceFlags" Informative="true">S7_Visible</StringAttribute>
        </Parameter>
        <Parameter Name="QBADRobot" Section="Input" Type="Bool">
          <StringAttribute Name="InterfaceFlags" Informative="true">S7_Visible</StringAttribute>
        </Parameter>
        <Parameter Name="delayPS" Section="Input" Type="Time">
          <StringAttribute Name="InterfaceFlags" Informative="true">S7_Visible</StringAttribute>
        </Parameter>
        <Parameter Name="outIfcSafeBasic" Section="Input" Type="&quot;iUDT_PO_ROBOT_FAILSAFE_BASIC&quot;">
          <StringAttribute Name="InterfaceFlags" Informative="true">S7_Visible</StringAttribute>
        </Parameter>
        <Parameter Name="inIfcSafe" Section="Input" Type="&quot;iUDT_PI_ROBOT_FAILSAFE_BASIC&quot;">
          <StringAttribute Name="InterfaceFlags" Informative="true">S7_Visible</StringAttribute>
        </Parameter>
        <Parameter Name="controlVoltageOn" Section="Input" Type="Bool">
          <StringAttribute Name="InterfaceFlags" Informative="true">S7_Visible</StringAttribute>
        </Parameter>
        <Parameter Name="QBAD" Section="Input" Type="Bool">
          <StringAttribute Name="InterfaceFlags" Informative="true">S7_Visible</StringAttribute>
        </Parameter>
        <Parameter Name="ACK_REQ" Section="Input" Type="Bool">
          <StringAttribute Name="InterfaceFlags" Informative="true">S7_Visible</StringAttribute>
        </Parameter>
        <Parameter Name="enablePS" Section="Output" Type="Bool">
          <StringAttribute Name="InterfaceFlags" Informative="true">S7_Visible</StringAttribute>
        </Parameter>
      </CallInfo>
    </Call>
  </Parts>
  <Wires>
    <Wire UId="34">
      <OpenCon UId="31" />
      <NameCon UId="29" Name="en" />
    </Wire>
    <Wire UId="35">
      <OpenCon UId="32" />
      <NameCon UId="29" Name="fctEnablingSwitch" />
    </Wire>
    <Wire UId="36">
      <IdentCon UId="21" />
      <NameCon UId="29" Name="fctMode" />
    </Wire>
    <Wire UId="37">
      <IdentCon UId="22" />
      <NameCon UId="29" Name="QBADRobot" />
    </Wire>
    <Wire UId="38">
      <IdentCon UId="23" />
      <NameCon UId="29" Name="outIfcSafeBasic" />
    </Wire>
    <Wire UId="39">
      <IdentCon UId="24" />
      <NameCon UId="29" Name="inIfcSafe" />
    </Wire>
    <Wire UId="40">
      <IdentCon UId="25" />
      <NameCon UId="29" Name="controlVoltageOn" />
    </Wire>
    <Wire UId="41">
      <IdentCon UId="26" />
      <NameCon UId="29" Name="QBAD" />
    </Wire>
    <Wire UId="42">
      <IdentCon UId="27" />
      <NameCon UId="29" Name="ACK_REQ" />
    </Wire>
    <Wire UId="43">
      <NameCon UId="29" Name="enablePS" />
      <IdentCon UId="28" />
    </Wire>
    <Wire UId="44">
      <OpenCon UId="33" />
      <NameCon UId="29" Name="delayPS" />
    </Wire>
  </Wires>
</FlgNet></NetworkSource>
          <ProgrammingLanguage>F_FBD</ProgrammingLanguage>
        </AttributeList>
        <ObjectList>
          <MultilingualText ID="44" CompositionName="Comment">
            <ObjectList>
              <MultilingualTextItem ID="45" CompositionName="Items">
                <AttributeList>
                  <Culture>en-US</Culture>
                  <Text />
                </AttributeList>
              </MultilingualTextItem>
              <MultilingualTextItem ID="46" CompositionName="Items">
                <AttributeList>
                  <Culture>de-DE</Culture>
                  <Text />
                </AttributeList>
              </MultilingualTextItem>
            </ObjectList>
          </MultilingualText>
          <MultilingualText ID="47" CompositionName="Title">
            <ObjectList>
              <MultilingualTextItem ID="48" CompositionName="Items">
                <AttributeList>
                  <Culture>en-US</Culture>
                  <Text>080RB_100 release robot US2 TECH</Text>
                </AttributeList>
              </MultilingualTextItem>
              <MultilingualTextItem ID="49" CompositionName="Items">
                <AttributeList>
                  <Culture>de-DE</Culture>
                  <Text>080RB_100-US2 Technologie</Text>
                </AttributeList>
              </MultilingualTextItem>
            </ObjectList>
          </MultilingualText>
        </ObjectList>
      </SW.Blocks.CompileUnit>
      <MultilingualText ID="4A" CompositionName="Title">
        <ObjectList>
          <MultilingualTextItem ID="4B" CompositionName="Items">
            <AttributeList>
              <Culture>en-US</Culture>
              <Text />
            </AttributeList>
          </MultilingualTextItem>
          <MultilingualTextItem ID="4C" CompositionName="Items">
            <AttributeList>
              <Culture>de-DE</Culture>
              <Text>Aufruf Ausgänge Sicherheitsbereich 080SB_080</Text>
            </AttributeList>
          </MultilingualTextItem>
        </ObjectList>
      </MultilingualText>
    </ObjectList>
  </SW.Blocks.FC>
</Document>