﻿<?xml version="1.0" encoding="utf-8"?>
<Document>
  <Engineering version="V16" />
  <DocumentInfo>
    <Created>2025-05-12T11:27:48.5001486Z</Created>
    <ExportSetting>WithDefaults, WithReadOnly</ExportSetting>
    <InstalledProducts>
      <Product>
        <DisplayName>Totally Integrated Automation Portal</DisplayName>
        <DisplayVersion>V16 Update 7</DisplayVersion>
      </Product>
      <OptionPackage>
        <DisplayName>TIA Portal Version Control Interface</DisplayName>
        <DisplayVersion>V16 Update 2</DisplayVersion>
      </OptionPackage>
      <OptionPackage>
        <DisplayName>TIA Portal Openness</DisplayName>
        <DisplayVersion>V16 Update 7</DisplayVersion>
      </OptionPackage>
      <Product>
        <DisplayName>SINAMICS Startdrive Advanced</DisplayName>
        <DisplayVersion>V16 Update 5</DisplayVersion>
      </Product>
      <OptionPackage>
        <DisplayName>SINAMICS Startdrive G130, G150, S120, S150, SINAMICS MV, S210</DisplayName>
        <DisplayVersion>V16 Update 5</DisplayVersion>
      </OptionPackage>
      <OptionPackage>
        <DisplayName>SINAMICS Startdrive G110M, G120, G120C, G120D, G120P, G115D</DisplayName>
        <DisplayVersion>V16 Update 5</DisplayVersion>
      </OptionPackage>
      <Product>
        <DisplayName>STEP 7 Professional</DisplayName>
        <DisplayVersion>V16 Update 7</DisplayVersion>
      </Product>
      <OptionPackage>
        <DisplayName>STEP 7 Safety</DisplayName>
        <DisplayVersion>V16 Update 7</DisplayVersion>
      </OptionPackage>
      <Product>
        <DisplayName>WinCC Advanced</DisplayName>
        <DisplayVersion>V16 Update 7</DisplayVersion>
      </Product>
      <OptionPackage>
        <DisplayName>SIMATIC Visualization Architect</DisplayName>
        <DisplayVersion>V16</DisplayVersion>
      </OptionPackage>
    </InstalledProducts>
  </DocumentInfo>
  <SW.Blocks.FC ID="0">
    <AttributeList>
      <AutoNumber>true</AutoNumber>
      <CodeModifiedDate ReadOnly="true">2023-06-23T15:24:34.4568046Z</CodeModifiedDate>
      <CompileDate ReadOnly="true">2023-07-13T07:24:59.364393Z</CompileDate>
      <CreationDate ReadOnly="true">2023-06-23T13:44:50.7690398Z</CreationDate>
      <HandleErrorsWithinBlock ReadOnly="true">false</HandleErrorsWithinBlock>
      <HeaderAuthor />
      <HeaderFamily />
      <HeaderName />
      <HeaderVersion>0.1</HeaderVersion>
      <Interface><Sections xmlns="http://www.siemens.com/automation/Openness/SW/Interface/v4">
  <Section Name="Input" />
  <Section Name="Output" />
  <Section Name="InOut" />
  <Section Name="Temp" />
  <Section Name="Constant" />
  <Section Name="Return">
    <Member Name="Ret_Val" Datatype="Void" Accessibility="Public" />
  </Section>
</Sections></Interface>
      <InterfaceModifiedDate ReadOnly="true">2023-06-23T14:00:39.6614172Z</InterfaceModifiedDate>
      <IsConsistent ReadOnly="true">true</IsConsistent>
      <IsIECCheckEnabled>false</IsIECCheckEnabled>
      <IsKnowHowProtected ReadOnly="true">false</IsKnowHowProtected>
      <IsWriteProtected ReadOnly="true">false</IsWriteProtected>
      <LibraryConformanceStatus ReadOnly="true">Warning: The object contains access to global data blocks.
</LibraryConformanceStatus>
      <MemoryLayout>Optimized</MemoryLayout>
      <ModifiedDate ReadOnly="true">2023-06-23T15:24:34.4568046Z</ModifiedDate>
      <Name>110SB_110_Outputs_Call</Name>
      <Number>94</Number>
      <ParameterModified ReadOnly="true">2023-06-23T13:44:50.7690398Z</ParameterModified>
      <PLCSimAdvancedSupport ReadOnly="true">true</PLCSimAdvancedSupport>
      <ProgrammingLanguage>F_FBD</ProgrammingLanguage>
      <StructureModified ReadOnly="true">2023-06-23T13:44:50.7690398Z</StructureModified>
      <UDABlockProperties />
      <UDAEnableTagReadback>false</UDAEnableTagReadback>
    </AttributeList>
    <ObjectList>
      <MultilingualText ID="1" CompositionName="Comment">
        <ObjectList>
          <MultilingualTextItem ID="2" CompositionName="Items">
            <AttributeList>
              <Culture>en-US</Culture>
              <Text />
            </AttributeList>
          </MultilingualTextItem>
          <MultilingualTextItem ID="3" CompositionName="Items">
            <AttributeList>
              <Culture>de-DE</Culture>
              <Text />
            </AttributeList>
          </MultilingualTextItem>
        </ObjectList>
      </MultilingualText>
      <SW.Blocks.CompileUnit ID="4" CompositionName="CompileUnits">
        <AttributeList>
          <NetworkSource><FlgNet xmlns="http://www.siemens.com/automation/Openness/SW/NetworkSource/FlgNet/v4">
  <Parts>
    <Access Scope="GlobalVariable" UId="21">
      <IntegerAttribute Name="NumBLs" Informative="true">5</IntegerAttribute>
      <Symbol>
        <Component Name="DB_F_Data_To_Safety" />
        <Component Name="000SB_000" />
        <Component Name="controlVoltageOn" />
        <Address Area="DB" Type="Bool" BlockNumber="235" BitOffset="9" Informative="true" />
      </Symbol>
    </Access>
    <Access Scope="GlobalVariable" UId="22">
      <IntegerAttribute Name="NumBLs" Informative="true">5</IntegerAttribute>
      <Symbol>
        <Component Name="DB_000SB_000_F_Data" />
        <Component Name="GM_estop_complete_plant" />
        <Address Area="None" Type="Bool" BlockNumber="16" BitOffset="136" Informative="true" />
      </Symbol>
    </Access>
    <Access Scope="GlobalVariable" UId="23">
      <IntegerAttribute Name="NumBLs" Informative="true">5</IntegerAttribute>
      <Symbol>
        <Component Name="DB_000SB_000_F_Data" />
        <Component Name="GM_VI_Switch_deskLocked" />
        <Address Area="None" Type="Bool" BlockNumber="16" BitOffset="56" Informative="true" />
      </Symbol>
    </Access>
    <Access Scope="GlobalVariable" UId="24">
      <IntegerAttribute Name="NumBLs" Informative="true">5</IntegerAttribute>
      <Symbol>
        <Component Name="DB_000SB_000_F_Data" />
        <Component Name="GM_VI_Switch_overall_plant_unlocked" />
        <Address Area="None" Type="Bool" BlockNumber="16" BitOffset="72" Informative="true" />
      </Symbol>
    </Access>
    <Access Scope="GlobalVariable" UId="25">
      <IntegerAttribute Name="NumBLs" Informative="true">5</IntegerAttribute>
      <Symbol>
        <Component Name="DB_000SB_000_F_Data" />
        <Component Name="RFK_EN_001PNE001" />
        <Address Area="None" Type="Bool" BlockNumber="16" BitOffset="328" Informative="true" />
      </Symbol>
    </Access>
    <Access Scope="GlobalVariable" UId="26">
      <IntegerAttribute Name="NumBLs" Informative="true">5</IntegerAttribute>
      <Symbol>
        <Component Name="DB_F_Data_To_Safety" />
        <Component Name="000SB_000" />
        <Component Name="001PNE001-BP1" />
        <Address Area="DB" Type="Bool" BlockNumber="235" BitOffset="19" Informative="true" />
      </Symbol>
    </Access>
    <Access Scope="GlobalVariable" UId="27">
      <IntegerAttribute Name="NumBLs" Informative="true">5</IntegerAttribute>
      <Symbol>
        <Component Name="DB_110SB_110_F_Data" />
        <Component Name="ENBL_SAREA_NH" />
        <Address Area="None" Type="Bool" BlockNumber="317" BitOffset="112" Informative="true" />
      </Symbol>
    </Access>
    <Part Name="A" UId="28">
      <TemplateValue Name="Card" Type="Cardinality">6</TemplateValue>
    </Part>
    <Part Name="Coil" UId="29" />
  </Parts>
  <Wires>
    <Wire UId="30">
      <IdentCon UId="21" />
      <NameCon UId="28" Name="in1" />
    </Wire>
    <Wire UId="31">
      <IdentCon UId="22" />
      <NameCon UId="28" Name="in2" />
    </Wire>
    <Wire UId="32">
      <IdentCon UId="23" />
      <NameCon UId="28" Name="in3" />
    </Wire>
    <Wire UId="33">
      <IdentCon UId="24" />
      <NameCon UId="28" Name="in4" />
    </Wire>
    <Wire UId="34">
      <IdentCon UId="25" />
      <NameCon UId="28" Name="in5" />
    </Wire>
    <Wire UId="35">
      <IdentCon UId="26" />
      <NameCon UId="28" Name="in6" />
    </Wire>
    <Wire UId="36">
      <NameCon UId="28" Name="out" />
      <NameCon UId="29" Name="in" />
    </Wire>
    <Wire UId="37">
      <IdentCon UId="27" />
      <NameCon UId="29" Name="operand" />
    </Wire>
  </Wires>
</FlgNet></NetworkSource>
          <ProgrammingLanguage>F_FBD</ProgrammingLanguage>
        </AttributeList>
        <ObjectList>
          <MultilingualText ID="5" CompositionName="Comment">
            <ObjectList>
              <MultilingualTextItem ID="6" CompositionName="Items">
                <AttributeList>
                  <Culture>en-US</Culture>
                  <Text />
                </AttributeList>
              </MultilingualTextItem>
              <MultilingualTextItem ID="7" CompositionName="Items">
                <AttributeList>
                  <Culture>de-DE</Culture>
                  <Text />
                </AttributeList>
              </MultilingualTextItem>
            </ObjectList>
          </MultilingualText>
          <MultilingualText ID="8" CompositionName="Title">
            <ObjectList>
              <MultilingualTextItem ID="9" CompositionName="Items">
                <AttributeList>
                  <Culture>en-US</Culture>
                  <Text>110SB_110 safety area release Emergency stop</Text>
                </AttributeList>
              </MultilingualTextItem>
              <MultilingualTextItem ID="A" CompositionName="Items">
                <AttributeList>
                  <Culture>de-DE</Culture>
                  <Text>110SB_110 Freigabe SB Not Halt</Text>
                </AttributeList>
              </MultilingualTextItem>
            </ObjectList>
          </MultilingualText>
        </ObjectList>
      </SW.Blocks.CompileUnit>
      <SW.Blocks.CompileUnit ID="B" CompositionName="CompileUnits">
        <AttributeList>
          <NetworkSource><FlgNet xmlns="http://www.siemens.com/automation/Openness/SW/NetworkSource/FlgNet/v4">
  <Parts>
    <Access Scope="GlobalVariable" UId="21">
      <IntegerAttribute Name="NumBLs" Informative="true">5</IntegerAttribute>
      <Symbol>
        <Component Name="DB_110SB_110_F_Data" />
        <Component Name="ENBL_SAREA_NH" />
        <Address Area="None" Type="Bool" BlockNumber="317" BitOffset="112" Informative="true" />
      </Symbol>
    </Access>
    <Access Scope="GlobalVariable" UId="22">
      <IntegerAttribute Name="NumBLs" Informative="true">5</IntegerAttribute>
      <Symbol>
        <Component Name="DB_110SB_110_F_Data" />
        <Component Name="GM_BS_ENBL" />
        <Address Area="None" Type="Bool" BlockNumber="317" BitOffset="48" Informative="true" />
      </Symbol>
    </Access>
    <Access Scope="GlobalVariable" UId="23">
      <IntegerAttribute Name="NumBLs" Informative="true">5</IntegerAttribute>
      <Symbol>
        <Component Name="DB_110SB_110_F_Data" />
        <Component Name="ENBL_SAREA_BS" />
        <Address Area="None" Type="Bool" BlockNumber="317" BitOffset="120" Informative="true" />
      </Symbol>
    </Access>
    <Part Name="A" UId="24">
      <TemplateValue Name="Card" Type="Cardinality">2</TemplateValue>
    </Part>
    <Part Name="Coil" UId="25" />
  </Parts>
  <Wires>
    <Wire UId="26">
      <IdentCon UId="21" />
      <NameCon UId="24" Name="in1" />
    </Wire>
    <Wire UId="27">
      <IdentCon UId="22" />
      <NameCon UId="24" Name="in2" />
    </Wire>
    <Wire UId="28">
      <NameCon UId="24" Name="out" />
      <NameCon UId="25" Name="in" />
    </Wire>
    <Wire UId="29">
      <IdentCon UId="23" />
      <NameCon UId="25" Name="operand" />
    </Wire>
  </Wires>
</FlgNet></NetworkSource>
          <ProgrammingLanguage>F_FBD</ProgrammingLanguage>
        </AttributeList>
        <ObjectList>
          <MultilingualText ID="C" CompositionName="Comment">
            <ObjectList>
              <MultilingualTextItem ID="D" CompositionName="Items">
                <AttributeList>
                  <Culture>en-US</Culture>
                  <Text />
                </AttributeList>
              </MultilingualTextItem>
              <MultilingualTextItem ID="E" CompositionName="Items">
                <AttributeList>
                  <Culture>de-DE</Culture>
                  <Text />
                </AttributeList>
              </MultilingualTextItem>
            </ObjectList>
          </MultilingualText>
          <MultilingualText ID="F" CompositionName="Title">
            <ObjectList>
              <MultilingualTextItem ID="10" CompositionName="Items">
                <AttributeList>
                  <Culture>en-US</Culture>
                  <Text>110SB_110 safety area release user protection</Text>
                </AttributeList>
              </MultilingualTextItem>
              <MultilingualTextItem ID="11" CompositionName="Items">
                <AttributeList>
                  <Culture>de-DE</Culture>
                  <Text>110SB_110 Freigabe SB Bedienerschutz</Text>
                </AttributeList>
              </MultilingualTextItem>
            </ObjectList>
          </MultilingualText>
        </ObjectList>
      </SW.Blocks.CompileUnit>
      <SW.Blocks.CompileUnit ID="12" CompositionName="CompileUnits">
        <AttributeList>
          <NetworkSource><FlgNet xmlns="http://www.siemens.com/automation/Openness/SW/NetworkSource/FlgNet/v4">
  <Parts>
    <Access Scope="GlobalVariable" UId="21">
      <IntegerAttribute Name="NumBLs" Informative="true">5</IntegerAttribute>
      <Symbol>
        <Component Name="DB_110SB_110_F_Data" />
        <Component Name="ENBL_SAREA_NH" />
        <Address Area="None" Type="Bool" BlockNumber="317" BitOffset="112" Informative="true" />
      </Symbol>
    </Access>
    <Access Scope="GlobalVariable" UId="22">
      <IntegerAttribute Name="NumBLs" Informative="true">5</IntegerAttribute>
      <Symbol>
        <Component Name="DB_110SB_110_F_Data" />
        <Component Name="GM_NH_ENBL_ROB" />
        <Address Area="None" Type="Bool" BlockNumber="317" BitOffset="56" Informative="true" />
      </Symbol>
    </Access>
    <Access Scope="GlobalVariable" UId="23">
      <IntegerAttribute Name="NumBLs" Informative="true">5</IntegerAttribute>
      <Symbol>
        <Component Name="DB_110SB_110_F_Data" />
        <Component Name="ENBL_ROB_NH" />
        <Address Area="None" Type="Bool" BlockNumber="317" BitOffset="128" Informative="true" />
      </Symbol>
    </Access>
    <Part Name="A" UId="24">
      <TemplateValue Name="Card" Type="Cardinality">2</TemplateValue>
    </Part>
    <Part Name="Coil" UId="25" />
  </Parts>
  <Wires>
    <Wire UId="26">
      <IdentCon UId="21" />
      <NameCon UId="24" Name="in1" />
    </Wire>
    <Wire UId="27">
      <IdentCon UId="22" />
      <NameCon UId="24" Name="in2" />
    </Wire>
    <Wire UId="28">
      <NameCon UId="24" Name="out" />
      <NameCon UId="25" Name="in" />
    </Wire>
    <Wire UId="29">
      <IdentCon UId="23" />
      <NameCon UId="25" Name="operand" />
    </Wire>
  </Wires>
</FlgNet></NetworkSource>
          <ProgrammingLanguage>F_FBD</ProgrammingLanguage>
        </AttributeList>
        <ObjectList>
          <MultilingualText ID="13" CompositionName="Comment">
            <ObjectList>
              <MultilingualTextItem ID="14" CompositionName="Items">
                <AttributeList>
                  <Culture>en-US</Culture>
                  <Text />
                </AttributeList>
              </MultilingualTextItem>
              <MultilingualTextItem ID="15" CompositionName="Items">
                <AttributeList>
                  <Culture>de-DE</Culture>
                  <Text />
                </AttributeList>
              </MultilingualTextItem>
            </ObjectList>
          </MultilingualText>
          <MultilingualText ID="16" CompositionName="Title">
            <ObjectList>
              <MultilingualTextItem ID="17" CompositionName="Items">
                <AttributeList>
                  <Culture>en-US</Culture>
                  <Text>110SB_110 safety area release robot emergency stop</Text>
                </AttributeList>
              </MultilingualTextItem>
              <MultilingualTextItem ID="18" CompositionName="Items">
                <AttributeList>
                  <Culture>de-DE</Culture>
                  <Text>110SB_110 Freigabe SB Not Halt Roboter</Text>
                </AttributeList>
              </MultilingualTextItem>
            </ObjectList>
          </MultilingualText>
        </ObjectList>
      </SW.Blocks.CompileUnit>
      <SW.Blocks.CompileUnit ID="19" CompositionName="CompileUnits">
        <AttributeList>
          <NetworkSource><FlgNet xmlns="http://www.siemens.com/automation/Openness/SW/NetworkSource/FlgNet/v4">
  <Parts>
    <Access Scope="GlobalVariable" UId="21">
      <IntegerAttribute Name="NumBLs" Informative="true">5</IntegerAttribute>
      <Symbol>
        <Component Name="DB_110SB_110_F_Data" />
        <Component Name="GM_BS_ENBL_ROB" />
        <Address Area="None" Type="Bool" BlockNumber="317" BitOffset="64" Informative="true" />
      </Symbol>
    </Access>
    <Access Scope="GlobalVariable" UId="22">
      <IntegerAttribute Name="NumBLs" Informative="true">5</IntegerAttribute>
      <Symbol>
        <Component Name="DB_110SB_110_F_Data" />
        <Component Name="ENBL_ROB_BS" />
        <Address Area="None" Type="Bool" BlockNumber="317" BitOffset="136" Informative="true" />
      </Symbol>
    </Access>
    <Part Name="A" UId="23">
      <TemplateValue Name="Card" Type="Cardinality">1</TemplateValue>
    </Part>
    <Part Name="Coil" UId="24" />
  </Parts>
  <Wires>
    <Wire UId="25">
      <IdentCon UId="21" />
      <NameCon UId="23" Name="in1" />
    </Wire>
    <Wire UId="26">
      <NameCon UId="23" Name="out" />
      <NameCon UId="24" Name="in" />
    </Wire>
    <Wire UId="27">
      <IdentCon UId="22" />
      <NameCon UId="24" Name="operand" />
    </Wire>
  </Wires>
</FlgNet></NetworkSource>
          <ProgrammingLanguage>F_FBD</ProgrammingLanguage>
        </AttributeList>
        <ObjectList>
          <MultilingualText ID="1A" CompositionName="Comment">
            <ObjectList>
              <MultilingualTextItem ID="1B" CompositionName="Items">
                <AttributeList>
                  <Culture>en-US</Culture>
                  <Text />
                </AttributeList>
              </MultilingualTextItem>
              <MultilingualTextItem ID="1C" CompositionName="Items">
                <AttributeList>
                  <Culture>de-DE</Culture>
                  <Text />
                </AttributeList>
              </MultilingualTextItem>
            </ObjectList>
          </MultilingualText>
          <MultilingualText ID="1D" CompositionName="Title">
            <ObjectList>
              <MultilingualTextItem ID="1E" CompositionName="Items">
                <AttributeList>
                  <Culture>en-US</Culture>
                  <Text>110SB_110 safety area release robot user protection</Text>
                </AttributeList>
              </MultilingualTextItem>
              <MultilingualTextItem ID="1F" CompositionName="Items">
                <AttributeList>
                  <Culture>de-DE</Culture>
                  <Text>110SB_110 Freigabe SB Bedienerschutz Roboter</Text>
                </AttributeList>
              </MultilingualTextItem>
            </ObjectList>
          </MultilingualText>
        </ObjectList>
      </SW.Blocks.CompileUnit>
      <SW.Blocks.CompileUnit ID="20" CompositionName="CompileUnits">
        <AttributeList>
          <NetworkSource><FlgNet xmlns="http://www.siemens.com/automation/Openness/SW/NetworkSource/FlgNet/v4">
  <Parts>
    <Access Scope="GlobalVariable" UId="21">
      <IntegerAttribute Name="NumBLs" Informative="true">5</IntegerAttribute>
      <Symbol>
        <Component Name="DB_000SB_000_F_Data" />
        <Component Name="RFK_ERR_001PNE001" />
        <Address Area="None" Type="Bool" BlockNumber="16" BitOffset="336" Informative="true" />
      </Symbol>
    </Access>
    <Access Scope="LiteralConstant" UId="22">
      <IntegerAttribute Name="NumBLs" Informative="true">5</IntegerAttribute>
      <Constant>
        <ConstantType>Bool</ConstantType>
        <ConstantValue>true</ConstantValue>
        <StringAttribute Name="Format" Informative="true">Bool</StringAttribute>
      </Constant>
    </Access>
    <Access Scope="GlobalVariable" UId="23">
      <IntegerAttribute Name="NumBLs" Informative="true">5</IntegerAttribute>
      <Symbol>
        <Component Name="DB_110SB_110_F_Data" />
        <Component Name="GM_RFK_ENBL" />
        <Address Area="None" Type="Bool" BlockNumber="317" BitOffset="96" Informative="true" />
      </Symbol>
    </Access>
    <Part Name="A" UId="24">
      <TemplateValue Name="Card" Type="Cardinality">2</TemplateValue>
      <Negated Name="in1" />
    </Part>
    <Part Name="Coil" UId="25" />
  </Parts>
  <Wires>
    <Wire UId="26">
      <IdentCon UId="21" />
      <NameCon UId="24" Name="in1" />
    </Wire>
    <Wire UId="27">
      <IdentCon UId="22" />
      <NameCon UId="24" Name="in2" />
    </Wire>
    <Wire UId="28">
      <NameCon UId="24" Name="out" />
      <NameCon UId="25" Name="in" />
    </Wire>
    <Wire UId="29">
      <IdentCon UId="23" />
      <NameCon UId="25" Name="operand" />
    </Wire>
  </Wires>
</FlgNet></NetworkSource>
          <ProgrammingLanguage>F_FBD</ProgrammingLanguage>
        </AttributeList>
        <ObjectList>
          <MultilingualText ID="21" CompositionName="Comment">
            <ObjectList>
              <MultilingualTextItem ID="22" CompositionName="Items">
                <AttributeList>
                  <Culture>en-US</Culture>
                  <Text />
                </AttributeList>
              </MultilingualTextItem>
              <MultilingualTextItem ID="23" CompositionName="Items">
                <AttributeList>
                  <Culture>de-DE</Culture>
                  <Text />
                </AttributeList>
              </MultilingualTextItem>
            </ObjectList>
          </MultilingualText>
          <MultilingualText ID="24" CompositionName="Title">
            <ObjectList>
              <MultilingualTextItem ID="25" CompositionName="Items">
                <AttributeList>
                  <Culture>en-US</Culture>
                  <Text>Group flag RFK SB IO</Text>
                </AttributeList>
              </MultilingualTextItem>
              <MultilingualTextItem ID="26" CompositionName="Items">
                <AttributeList>
                  <Culture>de-DE</Culture>
                  <Text>Sammelmeldung RFK SB IO</Text>
                </AttributeList>
              </MultilingualTextItem>
            </ObjectList>
          </MultilingualText>
        </ObjectList>
      </SW.Blocks.CompileUnit>
      <MultilingualText ID="27" CompositionName="Title">
        <ObjectList>
          <MultilingualTextItem ID="28" CompositionName="Items">
            <AttributeList>
              <Culture>en-US</Culture>
              <Text />
            </AttributeList>
          </MultilingualTextItem>
          <MultilingualTextItem ID="29" CompositionName="Items">
            <AttributeList>
              <Culture>de-DE</Culture>
              <Text>Aufruf Ausgänge Sicherheitsbereich 110SB_110</Text>
            </AttributeList>
          </MultilingualTextItem>
        </ObjectList>
      </MultilingualText>
    </ObjectList>
  </SW.Blocks.FC>
</Document>