﻿<?xml version="1.0" encoding="utf-8"?>
<Document>
  <Engineering version="V16" />
  <DocumentInfo>
    <Created>2025-05-12T11:28:00.5413766Z</Created>
    <ExportSetting>WithDefaults, WithReadOnly</ExportSetting>
    <InstalledProducts>
      <Product>
        <DisplayName>Totally Integrated Automation Portal</DisplayName>
        <DisplayVersion>V16 Update 7</DisplayVersion>
      </Product>
      <OptionPackage>
        <DisplayName>TIA Portal Version Control Interface</DisplayName>
        <DisplayVersion>V16 Update 2</DisplayVersion>
      </OptionPackage>
      <OptionPackage>
        <DisplayName>TIA Portal Openness</DisplayName>
        <DisplayVersion>V16 Update 7</DisplayVersion>
      </OptionPackage>
      <Product>
        <DisplayName>SINAMICS Startdrive Advanced</DisplayName>
        <DisplayVersion>V16 Update 5</DisplayVersion>
      </Product>
      <OptionPackage>
        <DisplayName>SINAMICS Startdrive G130, G150, S120, S150, SINAMICS MV, S210</DisplayName>
        <DisplayVersion>V16 Update 5</DisplayVersion>
      </OptionPackage>
      <OptionPackage>
        <DisplayName>SINAMICS Startdrive G110M, G120, G120C, G120D, G120P, G115D</DisplayName>
        <DisplayVersion>V16 Update 5</DisplayVersion>
      </OptionPackage>
      <Product>
        <DisplayName>STEP 7 Professional</DisplayName>
        <DisplayVersion>V16 Update 7</DisplayVersion>
      </Product>
      <OptionPackage>
        <DisplayName>STEP 7 Safety</DisplayName>
        <DisplayVersion>V16 Update 7</DisplayVersion>
      </OptionPackage>
      <Product>
        <DisplayName>WinCC Advanced</DisplayName>
        <DisplayVersion>V16 Update 7</DisplayVersion>
      </Product>
      <OptionPackage>
        <DisplayName>SIMATIC Visualization Architect</DisplayName>
        <DisplayVersion>V16</DisplayVersion>
      </OptionPackage>
    </InstalledProducts>
  </DocumentInfo>
  <SW.Blocks.FC ID="0">
    <AttributeList>
      <AutoNumber>true</AutoNumber>
      <CodeModifiedDate ReadOnly="true">2023-07-13T06:26:44.9424798Z</CodeModifiedDate>
      <CompileDate ReadOnly="true">2023-07-13T07:25:02.3644111Z</CompileDate>
      <CreationDate ReadOnly="true">2023-07-03T18:17:15.665754Z</CreationDate>
      <HandleErrorsWithinBlock ReadOnly="true">false</HandleErrorsWithinBlock>
      <HeaderAuthor />
      <HeaderFamily />
      <HeaderName />
      <HeaderVersion>0.1</HeaderVersion>
      <Interface><Sections xmlns="http://www.siemens.com/automation/Openness/SW/Interface/v4">
  <Section Name="Input" />
  <Section Name="Output" />
  <Section Name="InOut" />
  <Section Name="Temp" />
  <Section Name="Constant" />
  <Section Name="Return">
    <Member Name="Ret_Val" Datatype="Void" Accessibility="Public" />
  </Section>
</Sections></Interface>
      <InterfaceModifiedDate ReadOnly="true">2018-09-03T07:48:57.5126003Z</InterfaceModifiedDate>
      <IsConsistent ReadOnly="true">true</IsConsistent>
      <IsIECCheckEnabled>false</IsIECCheckEnabled>
      <IsKnowHowProtected ReadOnly="true">false</IsKnowHowProtected>
      <IsWriteProtected ReadOnly="true">false</IsWriteProtected>
      <LibraryConformanceStatus ReadOnly="true">Error: The block contains calls of single instances.
Warning: The object contains access to global data blocks.
Warning: The block contains direct access to inputs, outputs, bit memories, indirect access to the registry or indirect access to external memory areas that are unknown at the time of compilation.
</LibraryConformanceStatus>
      <MemoryLayout>Standard</MemoryLayout>
      <ModifiedDate ReadOnly="true">2023-07-13T06:26:44.9424798Z</ModifiedDate>
      <Name>050MSR101_Call</Name>
      <Number>206</Number>
      <ParameterModified ReadOnly="true">2018-09-03T07:48:57.5126003Z</ParameterModified>
      <PLCSimAdvancedSupport ReadOnly="true">true</PLCSimAdvancedSupport>
      <ProgrammingLanguage>FBD</ProgrammingLanguage>
      <SetENOAutomatically>false</SetENOAutomatically>
      <StructureModified ReadOnly="true">2018-09-03T07:48:57.5126003Z</StructureModified>
      <UDABlockProperties />
      <UDAEnableTagReadback>false</UDAEnableTagReadback>
    </AttributeList>
    <ObjectList>
      <MultilingualText ID="1" CompositionName="Comment">
        <ObjectList>
          <MultilingualTextItem ID="2" CompositionName="Items">
            <AttributeList>
              <Culture>en-US</Culture>
              <Text />
            </AttributeList>
          </MultilingualTextItem>
          <MultilingualTextItem ID="3" CompositionName="Items">
            <AttributeList>
              <Culture>de-DE</Culture>
              <Text />
            </AttributeList>
          </MultilingualTextItem>
        </ObjectList>
      </MultilingualText>
      <SW.Blocks.CompileUnit ID="4" CompositionName="CompileUnits">
        <AttributeList>
          <NetworkSource><FlgNet xmlns="http://www.siemens.com/automation/Openness/SW/NetworkSource/FlgNet/v4">
  <Parts>
    <Access Scope="GlobalVariable" UId="21">
      <IntegerAttribute Name="NumBLs" Informative="true">5</IntegerAttribute>
      <Symbol>
        <Component Name="FGDB_050RB_100@AddOn" />
        <Component Name="AddT" />
        <Component Name="FM" />
        <Address Area="DB" Type="Bool" BlockNumber="276" BitOffset="198" Informative="true" />
      </Symbol>
    </Access>
    <Access Scope="GlobalVariable" UId="22">
      <IntegerAttribute Name="NumBLs" Informative="true">5</IntegerAttribute>
      <Symbol>
        <Component Name="FGDB_050RB_200@AddOn" />
        <Component Name="AddT" />
        <Component Name="FM" />
        <Address Area="DB" Type="Bool" BlockNumber="277" BitOffset="198" Informative="true" />
      </Symbol>
    </Access>
    <Access Scope="GlobalVariable" UId="23">
      <IntegerAttribute Name="NumBLs" Informative="true">5</IntegerAttribute>
      <Symbol>
        <Component Name="DB_ACTIONS_050XSK001" />
        <Component Name="A_Anf_Messen_050VR_009" />
        <Address Area="DB" Type="Bool" BlockNumber="389" BitOffset="16" Informative="true" />
      </Symbol>
    </Access>
    <Access Scope="GlobalVariable" UId="24">
      <IntegerAttribute Name="NumBLs" Informative="true">5</IntegerAttribute>
      <Symbol>
        <Component Name="FGDB_050MSR101" />
        <Component Name="reqTempComp" />
        <Address Area="DB" Type="Bool" BlockNumber="387" BitOffset="329" Informative="true" />
      </Symbol>
    </Access>
    <Access Scope="GlobalVariable" UId="25">
      <IntegerAttribute Name="NumBLs" Informative="true">5</IntegerAttribute>
      <Symbol>
        <Component Name="FGDB_050MSR101" />
        <Component Name="reqRef" />
        <Address Area="DB" Type="Bool" BlockNumber="387" BitOffset="330" Informative="true" />
      </Symbol>
    </Access>
    <Access Scope="GlobalVariable" UId="26">
      <IntegerAttribute Name="NumBLs" Informative="true">5</IntegerAttribute>
      <Symbol>
        <Component Name="FGDB_050MSR101" />
        <Component Name="reqTool" />
        <Address Area="DB" Type="Bool" BlockNumber="387" BitOffset="331" Informative="true" />
      </Symbol>
    </Access>
    <Access Scope="GlobalVariable" UId="27">
      <IntegerAttribute Name="NumBLs" Informative="true">5</IntegerAttribute>
      <Symbol>
        <Component Name="DB_ACTIONS_050XSK002" />
        <Component Name="A_Wait_Measuring" />
        <Address Area="DB" Type="Bool" BlockNumber="390" BitOffset="28" Informative="true" />
      </Symbol>
    </Access>
    <Access Scope="GlobalVariable" UId="28">
      <IntegerAttribute Name="NumBLs" Informative="true">5</IntegerAttribute>
      <Symbol>
        <Component Name="FGDB_050MSR101" />
        <Component Name="measEnd" />
        <Address Area="DB" Type="Bool" BlockNumber="387" BitOffset="19" Informative="true" />
      </Symbol>
    </Access>
    <Part Name="A" UId="29">
      <TemplateValue Name="Card" Type="Cardinality">2</TemplateValue>
    </Part>
    <Part Name="A" UId="30">
      <TemplateValue Name="Card" Type="Cardinality">2</TemplateValue>
    </Part>
    <Part Name="A" UId="31">
      <TemplateValue Name="Card" Type="Cardinality">1</TemplateValue>
    </Part>
    <Part Name="O" UId="32">
      <TemplateValue Name="Card" Type="Cardinality">2</TemplateValue>
    </Part>
    <Part Name="O" UId="33">
      <TemplateValue Name="Card" Type="Cardinality">3</TemplateValue>
    </Part>
    <Part Name="A" UId="34">
      <TemplateValue Name="Card" Type="Cardinality">2</TemplateValue>
    </Part>
    <Part Name="Coil" UId="35" />
  </Parts>
  <Wires>
    <Wire UId="36">
      <IdentCon UId="21" />
      <NameCon UId="29" Name="in1" />
    </Wire>
    <Wire UId="37">
      <IdentCon UId="22" />
      <NameCon UId="29" Name="in2" />
    </Wire>
    <Wire UId="38">
      <NameCon UId="29" Name="out" />
      <NameCon UId="30" Name="in1" />
    </Wire>
    <Wire UId="39">
      <IdentCon UId="23" />
      <NameCon UId="30" Name="in2" />
    </Wire>
    <Wire UId="40">
      <NameCon UId="30" Name="out" />
      <NameCon UId="33" Name="in1" />
    </Wire>
    <Wire UId="41">
      <IdentCon UId="24" />
      <NameCon UId="31" Name="in1" />
    </Wire>
    <Wire UId="42">
      <NameCon UId="31" Name="out" />
      <NameCon UId="33" Name="in2" />
    </Wire>
    <Wire UId="43">
      <IdentCon UId="25" />
      <NameCon UId="32" Name="in1" />
    </Wire>
    <Wire UId="44">
      <IdentCon UId="26" />
      <NameCon UId="32" Name="in2" />
    </Wire>
    <Wire UId="45">
      <NameCon UId="32" Name="out" />
      <NameCon UId="33" Name="in3" />
    </Wire>
    <Wire UId="46">
      <NameCon UId="33" Name="out" />
      <NameCon UId="34" Name="in1" />
    </Wire>
    <Wire UId="47">
      <IdentCon UId="27" />
      <NameCon UId="34" Name="in2" />
    </Wire>
    <Wire UId="48">
      <NameCon UId="34" Name="out" />
      <NameCon UId="35" Name="in" />
    </Wire>
    <Wire UId="49">
      <IdentCon UId="28" />
      <NameCon UId="35" Name="operand" />
    </Wire>
  </Wires>
</FlgNet></NetworkSource>
          <ProgrammingLanguage>FBD</ProgrammingLanguage>
        </AttributeList>
        <ObjectList>
          <MultilingualText ID="5" CompositionName="Comment">
            <ObjectList>
              <MultilingualTextItem ID="6" CompositionName="Items">
                <AttributeList>
                  <Culture>en-US</Culture>
                  <Text />
                </AttributeList>
              </MultilingualTextItem>
              <MultilingualTextItem ID="7" CompositionName="Items">
                <AttributeList>
                  <Culture>de-DE</Culture>
                  <Text />
                </AttributeList>
              </MultilingualTextItem>
            </ObjectList>
          </MultilingualText>
          <MultilingualText ID="8" CompositionName="Title">
            <ObjectList>
              <MultilingualTextItem ID="9" CompositionName="Items">
                <AttributeList>
                  <Culture>en-US</Culture>
                  <Text>Alle Roboter haben letzten Messpunkt gemessen</Text>
                </AttributeList>
              </MultilingualTextItem>
              <MultilingualTextItem ID="A" CompositionName="Items">
                <AttributeList>
                  <Culture>de-DE</Culture>
                  <Text>Alle Roboter haben letzten Messpunkt gemessen</Text>
                </AttributeList>
              </MultilingualTextItem>
            </ObjectList>
          </MultilingualText>
        </ObjectList>
      </SW.Blocks.CompileUnit>
      <SW.Blocks.CompileUnit ID="B" CompositionName="CompileUnits">
        <AttributeList>
          <NetworkSource><FlgNet xmlns="http://www.siemens.com/automation/Openness/SW/NetworkSource/FlgNet/v4">
  <Parts>
    <Access Scope="GlobalVariable" UId="21">
      <IntegerAttribute Name="NumBLs" Informative="true">5</IntegerAttribute>
      <Symbol>
        <Component Name="FGDB_050VR_009@AddOn" />
        <Component Name="AddS" />
        <Component Name="Station leer" />
        <Address Area="DB" Type="Bool" BlockNumber="278" BitOffset="208" Informative="true" />
      </Symbol>
    </Access>
    <Access Scope="GlobalVariable" UId="22">
      <IntegerAttribute Name="NumBLs" Informative="true">5</IntegerAttribute>
      <Symbol>
        <Component Name="FGDB_050VR_009@AddOn" />
        <Component Name="AddS" />
        <Component Name="Station_GRD_leer" />
        <Address Area="DB" Type="Bool" BlockNumber="278" BitOffset="214" Informative="true" />
      </Symbol>
    </Access>
    <Access Scope="GlobalVariable" UId="23">
      <IntegerAttribute Name="NumBLs" Informative="true">5</IntegerAttribute>
      <Symbol>
        <Component Name="DB_ACTIONS_030XSK001" />
        <Component Name="A_INI" />
        <Address Area="DB" Type="Bool" BlockNumber="372" BitOffset="0" Informative="true" />
      </Symbol>
    </Access>
    <Access Scope="GlobalVariable" UId="24">
      <IntegerAttribute Name="NumBLs" Informative="true">5</IntegerAttribute>
      <Symbol>
        <Component Name="FGDB_030RB_100" />
        <Component Name="initialPosition" />
        <Address Area="DB" Type="Bool" BlockNumber="122" BitOffset="65" Informative="true" />
      </Symbol>
    </Access>
    <Access Scope="GlobalVariable" UId="25">
      <IntegerAttribute Name="NumBLs" Informative="true">5</IntegerAttribute>
      <Symbol>
        <Component Name="030RB_100_PI_APPL" />
        <Component Name="RB-SPS" />
        <Component Name="Q0141" />
        <Address Area="Input" Type="Bool" BitOffset="83508" Informative="true" />
      </Symbol>
    </Access>
    <Access Scope="GlobalVariable" UId="26">
      <IntegerAttribute Name="NumBLs" Informative="true">5</IntegerAttribute>
      <Symbol>
        <Component Name="FGDB_050MSR101" />
        <Component Name="permRef" />
        <Address Area="DB" Type="Bool" BlockNumber="387" BitOffset="20" Informative="true" />
      </Symbol>
    </Access>
    <Part Name="A" UId="27">
      <TemplateValue Name="Card" Type="Cardinality">5</TemplateValue>
    </Part>
    <Part Name="Coil" UId="28" />
  </Parts>
  <Wires>
    <Wire UId="29">
      <IdentCon UId="21" />
      <NameCon UId="27" Name="in1" />
    </Wire>
    <Wire UId="30">
      <IdentCon UId="22" />
      <NameCon UId="27" Name="in2" />
    </Wire>
    <Wire UId="31">
      <IdentCon UId="23" />
      <NameCon UId="27" Name="in3" />
    </Wire>
    <Wire UId="32">
      <IdentCon UId="24" />
      <NameCon UId="27" Name="in4" />
    </Wire>
    <Wire UId="33">
      <IdentCon UId="25" />
      <NameCon UId="27" Name="in5" />
    </Wire>
    <Wire UId="34">
      <NameCon UId="27" Name="out" />
      <NameCon UId="28" Name="in" />
    </Wire>
    <Wire UId="35">
      <IdentCon UId="26" />
      <NameCon UId="28" Name="operand" />
    </Wire>
  </Wires>
</FlgNet></NetworkSource>
          <ProgrammingLanguage>FBD</ProgrammingLanguage>
        </AttributeList>
        <ObjectList>
          <MultilingualText ID="C" CompositionName="Comment">
            <ObjectList>
              <MultilingualTextItem ID="D" CompositionName="Items">
                <AttributeList>
                  <Culture>en-US</Culture>
                  <Text />
                </AttributeList>
              </MultilingualTextItem>
              <MultilingualTextItem ID="E" CompositionName="Items">
                <AttributeList>
                  <Culture>de-DE</Culture>
                  <Text />
                </AttributeList>
              </MultilingualTextItem>
            </ObjectList>
          </MultilingualText>
          <MultilingualText ID="F" CompositionName="Title">
            <ObjectList>
              <MultilingualTextItem ID="10" CompositionName="Items">
                <AttributeList>
                  <Culture>en-US</Culture>
                  <Text>Freigabe Referenzraum</Text>
                </AttributeList>
              </MultilingualTextItem>
              <MultilingualTextItem ID="11" CompositionName="Items">
                <AttributeList>
                  <Culture>de-DE</Culture>
                  <Text>Freigabe Referenzraum</Text>
                </AttributeList>
              </MultilingualTextItem>
            </ObjectList>
          </MultilingualText>
        </ObjectList>
      </SW.Blocks.CompileUnit>
      <SW.Blocks.CompileUnit ID="12" CompositionName="CompileUnits">
        <AttributeList>
          <NetworkSource><FlgNet xmlns="http://www.siemens.com/automation/Openness/SW/NetworkSource/FlgNet/v4">
  <Parts>
    <Access Scope="GlobalVariable" UId="21">
      <IntegerAttribute Name="NumBLs" Informative="true">5</IntegerAttribute>
      <Symbol>
        <Component Name="FGDB_050VR_009@AddOn" />
        <Component Name="AddS" />
        <Component Name="Station_belegt" />
        <Address Area="DB" Type="Bool" BlockNumber="278" BitOffset="213" Informative="true" />
      </Symbol>
    </Access>
    <Access Scope="GlobalVariable" UId="22">
      <IntegerAttribute Name="NumBLs" Informative="true">5</IntegerAttribute>
      <Symbol>
        <Component Name="FGDB_050VR_009@AddOn" />
        <Component Name="AddS" />
        <Component Name="FM" />
        <Address Area="DB" Type="Bool" BlockNumber="278" BitOffset="220" Informative="true" />
      </Symbol>
    </Access>
    <Access Scope="GlobalVariable" UId="23">
      <IntegerAttribute Name="NumBLs" Informative="true">5</IntegerAttribute>
      <Symbol>
        <Component Name="FGDB_050RB_100" />
        <Component Name="initialPosition" />
        <Address Area="DB" Type="Bool" BlockNumber="145" BitOffset="65" Informative="true" />
      </Symbol>
    </Access>
    <Access Scope="GlobalVariable" UId="24">
      <IntegerAttribute Name="NumBLs" Informative="true">5</IntegerAttribute>
      <Symbol>
        <Component Name="FGDB_050RB_200" />
        <Component Name="initialPosition" />
        <Address Area="DB" Type="Bool" BlockNumber="146" BitOffset="65" Informative="true" />
      </Symbol>
    </Access>
    <Access Scope="GlobalVariable" UId="25">
      <IntegerAttribute Name="NumBLs" Informative="true">5</IntegerAttribute>
      <Symbol>
        <Component Name="030RB_100_PI_APPL" />
        <Component Name="RB-SPS" />
        <Component Name="Q0126" />
        <Address Area="Input" Type="Bool" BitOffset="83493" Informative="true" />
      </Symbol>
    </Access>
    <Access Scope="GlobalVariable" UId="26">
      <IntegerAttribute Name="NumBLs" Informative="true">5</IntegerAttribute>
      <Symbol>
        <Component Name="030RB_100_PI_APPL" />
        <Component Name="RB-SPS" />
        <Component Name="Q0141" />
        <Address Area="Input" Type="Bool" BitOffset="83508" Informative="true" />
      </Symbol>
    </Access>
    <Access Scope="GlobalVariable" UId="27">
      <IntegerAttribute Name="NumBLs" Informative="true">5</IntegerAttribute>
      <Symbol>
        <Component Name="030RB_100_PI_APPL" />
        <Component Name="RB-SPS" />
        <Component Name="Q0142" />
        <Address Area="Input" Type="Bool" BitOffset="83509" Informative="true" />
      </Symbol>
    </Access>
    <Access Scope="GlobalVariable" UId="28">
      <IntegerAttribute Name="NumBLs" Informative="true">5</IntegerAttribute>
      <Symbol>
        <Component Name="030RB_100_PI_APPL" />
        <Component Name="RB-SPS" />
        <Component Name="Q0141" />
        <Address Area="Input" Type="Bool" BitOffset="83508" Informative="true" />
      </Symbol>
    </Access>
    <Access Scope="GlobalVariable" UId="29">
      <IntegerAttribute Name="NumBLs" Informative="true">5</IntegerAttribute>
      <Symbol>
        <Component Name="DB_ACTIONS_050XSK002" />
        <Component Name="A_FM_050MSR001_loeschen" />
        <Address Area="DB" Type="Bool" BlockNumber="390" BitOffset="26" Informative="true" />
      </Symbol>
    </Access>
    <Access Scope="GlobalVariable" UId="30">
      <IntegerAttribute Name="NumBLs" Informative="true">5</IntegerAttribute>
      <Symbol>
        <Component Name="FGDB_050MSR101" />
        <Component Name="permModel" />
        <Address Area="DB" Type="Bool" BlockNumber="387" BitOffset="21" Informative="true" />
      </Symbol>
    </Access>
    <Part Name="A" UId="31">
      <TemplateValue Name="Card" Type="Cardinality">4</TemplateValue>
      <Negated Name="in2" />
    </Part>
    <Part Name="A" UId="32">
      <TemplateValue Name="Card" Type="Cardinality">2</TemplateValue>
      <Negated Name="in2" />
    </Part>
    <Part Name="A" UId="33">
      <TemplateValue Name="Card" Type="Cardinality">2</TemplateValue>
      <Negated Name="in2" />
    </Part>
    <Part Name="O" UId="34">
      <TemplateValue Name="Card" Type="Cardinality">3</TemplateValue>
    </Part>
    <Part Name="Sr" UId="35" />
  </Parts>
  <Wires>
    <Wire UId="36">
      <IdentCon UId="21" />
      <NameCon UId="31" Name="in1" />
    </Wire>
    <Wire UId="37">
      <IdentCon UId="22" />
      <NameCon UId="31" Name="in2" />
    </Wire>
    <Wire UId="38">
      <IdentCon UId="23" />
      <NameCon UId="31" Name="in3" />
    </Wire>
    <Wire UId="39">
      <IdentCon UId="24" />
      <NameCon UId="31" Name="in4" />
    </Wire>
    <Wire UId="40">
      <NameCon UId="31" Name="out" />
      <NameCon UId="35" Name="s" />
    </Wire>
    <Wire UId="41">
      <IdentCon UId="25" />
      <NameCon UId="32" Name="in1" />
    </Wire>
    <Wire UId="42">
      <IdentCon UId="26" />
      <NameCon UId="32" Name="in2" />
    </Wire>
    <Wire UId="43">
      <NameCon UId="32" Name="out" />
      <NameCon UId="34" Name="in1" />
    </Wire>
    <Wire UId="44">
      <IdentCon UId="27" />
      <NameCon UId="33" Name="in1" />
    </Wire>
    <Wire UId="45">
      <IdentCon UId="28" />
      <NameCon UId="33" Name="in2" />
    </Wire>
    <Wire UId="46">
      <NameCon UId="33" Name="out" />
      <NameCon UId="34" Name="in2" />
    </Wire>
    <Wire UId="47">
      <IdentCon UId="29" />
      <NameCon UId="34" Name="in3" />
    </Wire>
    <Wire UId="48">
      <NameCon UId="34" Name="out" />
      <NameCon UId="35" Name="r1" />
    </Wire>
    <Wire UId="49">
      <IdentCon UId="30" />
      <NameCon UId="35" Name="operand" />
    </Wire>
  </Wires>
</FlgNet></NetworkSource>
          <ProgrammingLanguage>FBD</ProgrammingLanguage>
        </AttributeList>
        <ObjectList>
          <MultilingualText ID="13" CompositionName="Comment">
            <ObjectList>
              <MultilingualTextItem ID="14" CompositionName="Items">
                <AttributeList>
                  <Culture>en-US</Culture>
                  <Text />
                </AttributeList>
              </MultilingualTextItem>
              <MultilingualTextItem ID="15" CompositionName="Items">
                <AttributeList>
                  <Culture>de-DE</Culture>
                  <Text />
                </AttributeList>
              </MultilingualTextItem>
            </ObjectList>
          </MultilingualText>
          <MultilingualText ID="16" CompositionName="Title">
            <ObjectList>
              <MultilingualTextItem ID="17" CompositionName="Items">
                <AttributeList>
                  <Culture>en-US</Culture>
                  <Text>Freigabe Modellraum</Text>
                </AttributeList>
              </MultilingualTextItem>
              <MultilingualTextItem ID="18" CompositionName="Items">
                <AttributeList>
                  <Culture>de-DE</Culture>
                  <Text>Freigabe Modellraum</Text>
                </AttributeList>
              </MultilingualTextItem>
            </ObjectList>
          </MultilingualText>
        </ObjectList>
      </SW.Blocks.CompileUnit>
      <SW.Blocks.CompileUnit ID="19" CompositionName="CompileUnits">
        <AttributeList>
          <NetworkSource><FlgNet xmlns="http://www.siemens.com/automation/Openness/SW/NetworkSource/FlgNet/v4">
  <Parts>
    <Access Scope="GlobalVariable" UId="21">
      <IntegerAttribute Name="NumBLs" Informative="true">5</IntegerAttribute>
      <Symbol>
        <Component Name="DB_ACTIONS_050XSK002" />
        <Component Name="A_050RPC100_Start" />
        <Address Area="DB" Type="Bool" BlockNumber="390" BitOffset="27" Informative="true" />
      </Symbol>
    </Access>
    <Access Scope="GlobalVariable" UId="22">
      <IntegerAttribute Name="NumBLs" Informative="true">5</IntegerAttribute>
      <Symbol>
        <Component Name="DB_ACTIONS_050XSK002" />
        <Component Name="A_Start_Kompensation" />
        <Address Area="DB" Type="Bool" BlockNumber="390" BitOffset="21" Informative="true" />
      </Symbol>
    </Access>
    <Access Scope="GlobalVariable" UId="23">
      <IntegerAttribute Name="NumBLs" Informative="true">5</IntegerAttribute>
      <Symbol>
        <Component Name="DB_ACTIONS_050XSK002" />
        <Component Name="A_Start_Referenz" />
        <Address Area="DB" Type="Bool" BlockNumber="390" BitOffset="22" Informative="true" />
      </Symbol>
    </Access>
    <Access Scope="GlobalVariable" UId="24">
      <IntegerAttribute Name="NumBLs" Informative="true">5</IntegerAttribute>
      <Symbol>
        <Component Name="FGDB_050MSR101" />
        <Component Name="start" />
        <Address Area="DB" Type="Bool" BlockNumber="387" BitOffset="18" Informative="true" />
      </Symbol>
    </Access>
    <Part Name="O" UId="25">
      <TemplateValue Name="Card" Type="Cardinality">3</TemplateValue>
    </Part>
    <Part Name="Coil" UId="26" />
  </Parts>
  <Wires>
    <Wire UId="27">
      <IdentCon UId="21" />
      <NameCon UId="25" Name="in1" />
    </Wire>
    <Wire UId="28">
      <IdentCon UId="22" />
      <NameCon UId="25" Name="in2" />
    </Wire>
    <Wire UId="29">
      <IdentCon UId="23" />
      <NameCon UId="25" Name="in3" />
    </Wire>
    <Wire UId="30">
      <NameCon UId="25" Name="out" />
      <NameCon UId="26" Name="in" />
    </Wire>
    <Wire UId="31">
      <IdentCon UId="24" />
      <NameCon UId="26" Name="operand" />
    </Wire>
  </Wires>
</FlgNet></NetworkSource>
          <ProgrammingLanguage>FBD</ProgrammingLanguage>
        </AttributeList>
        <ObjectList>
          <MultilingualText ID="1A" CompositionName="Comment">
            <ObjectList>
              <MultilingualTextItem ID="1B" CompositionName="Items">
                <AttributeList>
                  <Culture>en-US</Culture>
                  <Text />
                </AttributeList>
              </MultilingualTextItem>
              <MultilingualTextItem ID="1C" CompositionName="Items">
                <AttributeList>
                  <Culture>de-DE</Culture>
                  <Text />
                </AttributeList>
              </MultilingualTextItem>
            </ObjectList>
          </MultilingualText>
          <MultilingualText ID="1D" CompositionName="Title">
            <ObjectList>
              <MultilingualTextItem ID="1E" CompositionName="Items">
                <AttributeList>
                  <Culture>en-US</Culture>
                  <Text>Start Messung</Text>
                </AttributeList>
              </MultilingualTextItem>
              <MultilingualTextItem ID="1F" CompositionName="Items">
                <AttributeList>
                  <Culture>de-DE</Culture>
                  <Text>Start Messung</Text>
                </AttributeList>
              </MultilingualTextItem>
            </ObjectList>
          </MultilingualText>
        </ObjectList>
      </SW.Blocks.CompileUnit>
      <SW.Blocks.CompileUnit ID="20" CompositionName="CompileUnits">
        <AttributeList>
          <NetworkSource><FlgNet xmlns="http://www.siemens.com/automation/Openness/SW/NetworkSource/FlgNet/v4">
  <Parts>
    <Access Scope="GlobalVariable" UId="21">
      <IntegerAttribute Name="NumBLs" Informative="true">5</IntegerAttribute>
      <Symbol>
        <Component Name="TRUE" />
        <Address Area="Memory" Type="Bool" BitOffset="18" Informative="true" />
      </Symbol>
    </Access>
    <Access Scope="GlobalVariable" UId="22">
      <IntegerAttribute Name="NumBLs" Informative="true">5</IntegerAttribute>
      <Symbol>
        <Component Name="DB_ACTIONS_050XSK001" />
        <Component Name="A_Anf_Messen_050VR_009" />
        <Address Area="DB" Type="Bool" BlockNumber="389" BitOffset="16" Informative="true" />
      </Symbol>
    </Access>
    <Access Scope="GlobalVariable" UId="23">
      <IntegerAttribute Name="NumBLs" Informative="true">5</IntegerAttribute>
      <Symbol>
        <Component Name="FGDB_050VR_009@AddOn" />
        <Component Name="data" />
        <Component Name="TM" />
        <Address Area="DB" Type="iUDT_USERDATA_W54_TM" BlockNumber="278" BitOffset="464" Informative="true" />
      </Symbol>
    </Access>
    <Access Scope="GlobalVariable" UId="24">
      <IntegerAttribute Name="NumBLs" Informative="true">5</IntegerAttribute>
      <Symbol>
        <Component Name="DB_050MSR101@USERDATA" />
        <Component Name="UserData" />
        <Component Name="TM" />
        <Address Area="DB" Type="iUDT_USERDATA_W50_TM" BlockNumber="453" BitOffset="288" Informative="true" />
      </Symbol>
    </Access>
    <Part Name="A" UId="25">
      <TemplateValue Name="Card" Type="Cardinality">1</TemplateValue>
    </Part>
    <Part Name="A" UId="26">
      <TemplateValue Name="Card" Type="Cardinality">2</TemplateValue>
    </Part>
    <Part Name="Move" UId="27" DisabledENO="true">
      <TemplateValue Name="Card" Type="Cardinality">1</TemplateValue>
    </Part>
  </Parts>
  <Wires>
    <Wire UId="28">
      <IdentCon UId="21" />
      <NameCon UId="25" Name="in1" />
    </Wire>
    <Wire UId="29">
      <NameCon UId="25" Name="out" />
      <NameCon UId="26" Name="in1" />
    </Wire>
    <Wire UId="30">
      <IdentCon UId="22" />
      <NameCon UId="26" Name="in2" />
    </Wire>
    <Wire UId="31">
      <NameCon UId="26" Name="out" />
      <NameCon UId="27" Name="en" />
    </Wire>
    <Wire UId="32">
      <IdentCon UId="23" />
      <NameCon UId="27" Name="in" />
    </Wire>
    <Wire UId="33">
      <NameCon UId="27" Name="out1" />
      <IdentCon UId="24" />
    </Wire>
  </Wires>
</FlgNet></NetworkSource>
          <ProgrammingLanguage>FBD</ProgrammingLanguage>
        </AttributeList>
        <ObjectList>
          <MultilingualText ID="21" CompositionName="Comment">
            <ObjectList>
              <MultilingualTextItem ID="22" CompositionName="Items">
                <AttributeList>
                  <Culture>en-US</Culture>
                  <Text />
                </AttributeList>
              </MultilingualTextItem>
              <MultilingualTextItem ID="23" CompositionName="Items">
                <AttributeList>
                  <Culture>de-DE</Culture>
                  <Text />
                </AttributeList>
              </MultilingualTextItem>
            </ObjectList>
          </MultilingualText>
          <MultilingualText ID="24" CompositionName="Title">
            <ObjectList>
              <MultilingualTextItem ID="25" CompositionName="Items">
                <AttributeList>
                  <Culture>en-US</Culture>
                  <Text>TM Produktionsdaten</Text>
                </AttributeList>
              </MultilingualTextItem>
              <MultilingualTextItem ID="26" CompositionName="Items">
                <AttributeList>
                  <Culture>de-DE</Culture>
                  <Text>TM Produktionsdaten</Text>
                </AttributeList>
              </MultilingualTextItem>
            </ObjectList>
          </MultilingualText>
        </ObjectList>
      </SW.Blocks.CompileUnit>
      <SW.Blocks.CompileUnit ID="27" CompositionName="CompileUnits">
        <AttributeList>
          <NetworkSource><FlgNet xmlns="http://www.siemens.com/automation/Openness/SW/NetworkSource/FlgNet/v4">
  <Parts>
    <Access Scope="LiteralConstant" UId="21">
      <IntegerAttribute Name="NumBLs" Informative="true">5</IntegerAttribute>
      <Constant>
        <ConstantType>Int</ConstantType>
        <ConstantValue>1</ConstantValue>
        <StringAttribute Name="Format" Informative="true">Dec_signed</StringAttribute>
      </Constant>
    </Access>
    <Access Scope="LiteralConstant" UId="22">
      <IntegerAttribute Name="NumBLs" Informative="true">5</IntegerAttribute>
      <Constant>
        <ConstantType>Bool</ConstantType>
        <ConstantValue>true</ConstantValue>
        <StringAttribute Name="Format" Informative="true">Bool</StringAttribute>
      </Constant>
    </Access>
    <Access Scope="LiteralConstant" UId="23">
      <IntegerAttribute Name="NumBLs" Informative="true">5</IntegerAttribute>
      <Constant>
        <ConstantType>Bool</ConstantType>
        <ConstantValue>true</ConstantValue>
        <StringAttribute Name="Format" Informative="true">Bool</StringAttribute>
      </Constant>
    </Access>
    <Access Scope="GlobalVariable" UId="24">
      <IntegerAttribute Name="NumBLs" Informative="true">5</IntegerAttribute>
      <Symbol>
        <Component Name="FGDB_050MSR101" />
        <Component Name="start" />
        <Address Area="DB" Type="Bool" BlockNumber="387" BitOffset="18" Informative="true" />
      </Symbol>
    </Access>
    <Access Scope="GlobalVariable" UId="25">
      <IntegerAttribute Name="NumBLs" Informative="true">5</IntegerAttribute>
      <Symbol>
        <Component Name="FGDB_050MSR101" />
        <Component Name="measEnd" />
        <Address Area="DB" Type="Bool" BlockNumber="387" BitOffset="19" Informative="true" />
      </Symbol>
    </Access>
    <Access Scope="GlobalVariable" UId="26">
      <IntegerAttribute Name="NumBLs" Informative="true">5</IntegerAttribute>
      <Symbol>
        <Component Name="FGDB_050MSR101" />
        <Component Name="permRef" />
        <Address Area="DB" Type="Bool" BlockNumber="387" BitOffset="20" Informative="true" />
      </Symbol>
    </Access>
    <Access Scope="GlobalVariable" UId="27">
      <IntegerAttribute Name="NumBLs" Informative="true">5</IntegerAttribute>
      <Symbol>
        <Component Name="FGDB_050MSR101" />
        <Component Name="permModel" />
        <Address Area="DB" Type="Bool" BlockNumber="387" BitOffset="21" Informative="true" />
      </Symbol>
    </Access>
    <Access Scope="GlobalVariable" UId="28">
      <IntegerAttribute Name="NumBLs" Informative="true">5</IntegerAttribute>
      <Symbol>
        <Component Name="FGDB_050MSR101" />
        <Component Name="reqFull" />
        <Address Area="DB" Type="Bool" BlockNumber="387" BitOffset="22" Informative="true" />
      </Symbol>
    </Access>
    <Access Scope="GlobalVariable" UId="29">
      <IntegerAttribute Name="NumBLs" Informative="true">5</IntegerAttribute>
      <Symbol>
        <Component Name="FGDB_050MSR101" />
        <Component Name="lineNumber" />
        <Address Area="DB" Type="Int" BlockNumber="387" BitOffset="32" Informative="true" />
      </Symbol>
    </Access>
    <Access Scope="GlobalVariable" UId="30">
      <IntegerAttribute Name="NumBLs" Informative="true">5</IntegerAttribute>
      <Symbol>
        <Component Name="DB_050MSR101@USERDATA" />
        <Component Name="UserData" />
        <Component Name="IW" />
        <Address Area="DB" Type="Array[1..24] of Char" BlockNumber="453" BitOffset="0" Informative="true" />
      </Symbol>
    </Access>
    <Access Scope="GlobalVariable" UId="31">
      <IntegerAttribute Name="NumBLs" Informative="true">5</IntegerAttribute>
      <Symbol>
        <Component Name="DB_050MSR101@USERDATA" />
        <Component Name="UserData" />
        <Component Name="IW" />
        <Address Area="DB" Type="Array[1..24] of Char" BlockNumber="453" BitOffset="0" Informative="true" />
      </Symbol>
    </Access>
    <Access Scope="GlobalVariable" UId="32">
      <IntegerAttribute Name="NumBLs" Informative="true">5</IntegerAttribute>
      <Symbol>
        <Component Name="050PRC100_PI" />
        <Address Area="Input" Type="iUDT_PI_PERCEPTRON" BitOffset="72000" Informative="true" />
      </Symbol>
    </Access>
    <Access Scope="GlobalVariable" UId="33">
      <IntegerAttribute Name="NumBLs" Informative="true">5</IntegerAttribute>
      <Symbol>
        <Component Name="DB_050MSR101@USERDATA" />
        <Component Name="UserData" />
        <Component Name="TM" />
        <Address Area="DB" Type="iUDT_USERDATA_W50_TM" BlockNumber="453" BitOffset="288" Informative="true" />
      </Symbol>
    </Access>
    <Access Scope="GlobalVariable" UId="34">
      <IntegerAttribute Name="NumBLs" Informative="true">5</IntegerAttribute>
      <Symbol>
        <Component Name="DB_PARA_POINT_NUMBER@USERDATA-RB-W50" />
        <Address Area="DB" Type="iUDT_ROBOT_TECH_POINT_NUMBER" BlockNumber="434" BitOffset="0" Informative="true" />
      </Symbol>
    </Access>
    <Access Scope="GlobalVariable" UId="35">
      <IntegerAttribute Name="NumBLs" Informative="true">5</IntegerAttribute>
      <Symbol>
        <Component Name="FGDB_050MSR101" />
        <Component Name="ready" />
        <Address Area="DB" Type="Bool" BlockNumber="387" BitOffset="320" Informative="true" />
      </Symbol>
    </Access>
    <Access Scope="GlobalVariable" UId="36">
      <IntegerAttribute Name="NumBLs" Informative="true">5</IntegerAttribute>
      <Symbol>
        <Component Name="FGDB_050MSR101" />
        <Component Name="inCycle" />
        <Address Area="DB" Type="Bool" BlockNumber="387" BitOffset="321" Informative="true" />
      </Symbol>
    </Access>
    <Access Scope="GlobalVariable" UId="37">
      <IntegerAttribute Name="NumBLs" Informative="true">5</IntegerAttribute>
      <Symbol>
        <Component Name="FGDB_050MSR101" />
        <Component Name="cycleDone" />
        <Address Area="DB" Type="Bool" BlockNumber="387" BitOffset="322" Informative="true" />
      </Symbol>
    </Access>
    <Access Scope="GlobalVariable" UId="38">
      <IntegerAttribute Name="NumBLs" Informative="true">5</IntegerAttribute>
      <Symbol>
        <Component Name="FGDB_050MSR101" />
        <Component Name="measurementOK" />
        <Address Area="DB" Type="Bool" BlockNumber="387" BitOffset="323" Informative="true" />
      </Symbol>
    </Access>
    <Access Scope="GlobalVariable" UId="39">
      <IntegerAttribute Name="NumBLs" Informative="true">5</IntegerAttribute>
      <Symbol>
        <Component Name="FGDB_050MSR101" />
        <Component Name="measurementNOK" />
        <Address Area="DB" Type="Bool" BlockNumber="387" BitOffset="324" Informative="true" />
      </Symbol>
    </Access>
    <Access Scope="GlobalVariable" UId="40">
      <IntegerAttribute Name="NumBLs" Informative="true">5</IntegerAttribute>
      <Symbol>
        <Component Name="FGDB_050MSR101" />
        <Component Name="measurementIgnore" />
        <Address Area="DB" Type="Bool" BlockNumber="387" BitOffset="325" Informative="true" />
      </Symbol>
    </Access>
    <Access Scope="GlobalVariable" UId="41">
      <IntegerAttribute Name="NumBLs" Informative="true">5</IntegerAttribute>
      <Symbol>
        <Component Name="FGDB_050MSR101" />
        <Component Name="measurementRepeat" />
        <Address Area="DB" Type="Bool" BlockNumber="387" BitOffset="326" Informative="true" />
      </Symbol>
    </Access>
    <Access Scope="GlobalVariable" UId="42">
      <IntegerAttribute Name="NumBLs" Informative="true">5</IntegerAttribute>
      <Symbol>
        <Component Name="FGDB_050MSR101" />
        <Component Name="measurementDischarge" />
        <Address Area="DB" Type="Bool" BlockNumber="387" BitOffset="327" Informative="true" />
      </Symbol>
    </Access>
    <Access Scope="GlobalVariable" UId="43">
      <IntegerAttribute Name="NumBLs" Informative="true">5</IntegerAttribute>
      <Symbol>
        <Component Name="FGDB_050MSR101" />
        <Component Name="reqModel" />
        <Address Area="DB" Type="Bool" BlockNumber="387" BitOffset="328" Informative="true" />
      </Symbol>
    </Access>
    <Access Scope="GlobalVariable" UId="44">
      <IntegerAttribute Name="NumBLs" Informative="true">5</IntegerAttribute>
      <Symbol>
        <Component Name="FGDB_050MSR101" />
        <Component Name="reqTempComp" />
        <Address Area="DB" Type="Bool" BlockNumber="387" BitOffset="329" Informative="true" />
      </Symbol>
    </Access>
    <Access Scope="GlobalVariable" UId="45">
      <IntegerAttribute Name="NumBLs" Informative="true">5</IntegerAttribute>
      <Symbol>
        <Component Name="FGDB_050MSR101" />
        <Component Name="reqRef" />
        <Address Area="DB" Type="Bool" BlockNumber="387" BitOffset="330" Informative="true" />
      </Symbol>
    </Access>
    <Access Scope="GlobalVariable" UId="46">
      <IntegerAttribute Name="NumBLs" Informative="true">5</IntegerAttribute>
      <Symbol>
        <Component Name="FGDB_050MSR101" />
        <Component Name="reqTool" />
        <Address Area="DB" Type="Bool" BlockNumber="387" BitOffset="331" Informative="true" />
      </Symbol>
    </Access>
    <Access Scope="GlobalVariable" UId="47">
      <IntegerAttribute Name="NumBLs" Informative="true">5</IntegerAttribute>
      <Symbol>
        <Component Name="FGDB_050MSR101" />
        <Component Name="cancelSC" />
        <Address Area="DB" Type="Bool" BlockNumber="387" BitOffset="333" Informative="true" />
      </Symbol>
    </Access>
    <Access Scope="GlobalVariable" UId="48">
      <IntegerAttribute Name="NumBLs" Informative="true">5</IntegerAttribute>
      <Symbol>
        <Component Name="FGDB_050MSR101" />
        <Component Name="stationLocked" />
        <Address Area="DB" Type="Bool" BlockNumber="387" BitOffset="334" Informative="true" />
      </Symbol>
    </Access>
    <Access Scope="GlobalVariable" UId="49">
      <IntegerAttribute Name="NumBLs" Informative="true">5</IntegerAttribute>
      <Symbol>
        <Component Name="050PRC100_PO" />
        <Address Area="Output" Type="iUDT_PO_PERCEPTRON" BitOffset="72000" Informative="true" />
      </Symbol>
    </Access>
    <Access Scope="GlobalVariable" UId="50">
      <IntegerAttribute Name="NumBLs" Informative="true">5</IntegerAttribute>
      <Symbol>
        <Component Name="FGDB_050MSR101" />
        <Component Name="fault" />
        <Address Area="DB" Type="Bool" BlockNumber="387" BitOffset="592" Informative="true" />
      </Symbol>
    </Access>
    <Access Scope="GlobalVariable" UId="51">
      <IntegerAttribute Name="NumBLs" Informative="true">5</IntegerAttribute>
      <Symbol>
        <Component Name="FGDB_050MSR101" />
        <Component Name="faultExt" />
        <Address Area="DB" Type="Bool" BlockNumber="387" BitOffset="593" Informative="true" />
      </Symbol>
    </Access>
    <Call UId="52">
      <CallInfo Name="iFG_PERCEPTRON" BlockType="FB">
        <IntegerAttribute Name="BlockNumber" Informative="true">24</IntegerAttribute>
        <DateAttribute Name="ParameterModifiedTS" Informative="true">2020-06-03T14:24:15</DateAttribute>
        <Instance Scope="GlobalVariable" UId="53">
          <Component Name="FGDB_050MSR101" />
          <Address Area="DB" Type="iFG_PERCEPTRON" BlockNumber="387" BitOffset="0" Informative="true" />
        </Instance>
        <Parameter Name="fct" Section="Input" Type="Int">
          <StringAttribute Name="InterfaceFlags" Informative="true">S7_Visible</StringAttribute>
        </Parameter>
        <Parameter Name="safetyStop" Section="Input" Type="Bool">
          <StringAttribute Name="InterfaceFlags" Informative="true">S7_Visible</StringAttribute>
        </Parameter>
        <Parameter Name="enableOut" Section="Input" Type="Bool">
          <StringAttribute Name="InterfaceFlags" Informative="true">S7_Visible</StringAttribute>
        </Parameter>
        <Parameter Name="start" Section="Input" Type="Bool">
          <StringAttribute Name="InterfaceFlags" Informative="true">S7_Visible</StringAttribute>
        </Parameter>
        <Parameter Name="measEnd" Section="Input" Type="Bool">
          <StringAttribute Name="InterfaceFlags" Informative="true">S7_Visible</StringAttribute>
        </Parameter>
        <Parameter Name="permRef" Section="Input" Type="Bool">
          <StringAttribute Name="InterfaceFlags" Informative="true">S7_Visible</StringAttribute>
        </Parameter>
        <Parameter Name="permModel" Section="Input" Type="Bool">
          <StringAttribute Name="InterfaceFlags" Informative="true">S7_Visible</StringAttribute>
        </Parameter>
        <Parameter Name="reqFull" Section="Input" Type="Bool">
          <StringAttribute Name="InterfaceFlags" Informative="true">S7_Visible</StringAttribute>
        </Parameter>
        <Parameter Name="resetResult" Section="Input" Type="Bool">
          <StringAttribute Name="InterfaceFlags" Informative="true">S7_Visible</StringAttribute>
        </Parameter>
        <Parameter Name="lineNumber" Section="Input" Type="Int">
          <StringAttribute Name="InterfaceFlags" Informative="true">S7_Visible</StringAttribute>
        </Parameter>
        <Parameter Name="IDENT" Section="Input" Type="Variant">
          <StringAttribute Name="InterfaceFlags" Informative="true">S7_Visible</StringAttribute>
        </Parameter>
        <Parameter Name="PALETTE" Section="Input" Type="Variant">
          <StringAttribute Name="InterfaceFlags" Informative="true">S7_Visible</StringAttribute>
        </Parameter>
        <Parameter Name="In_PI" Section="Input" Type="&quot;iUDT_PI_PERCEPTRON&quot;">
          <StringAttribute Name="InterfaceFlags" Informative="true">S7_Visible</StringAttribute>
        </Parameter>
        <Parameter Name="openCycle" Section="Input" Type="Bool">
          <StringAttribute Name="InterfaceFlags" Informative="true">S7_Visible</StringAttribute>
        </Parameter>
        <Parameter Name="ready" Section="Output" Type="Bool">
          <StringAttribute Name="InterfaceFlags" Informative="true">S7_Visible</StringAttribute>
        </Parameter>
        <Parameter Name="inCycle" Section="Output" Type="Bool">
          <StringAttribute Name="InterfaceFlags" Informative="true">S7_Visible</StringAttribute>
        </Parameter>
        <Parameter Name="cycleDone" Section="Output" Type="Bool">
          <StringAttribute Name="InterfaceFlags" Informative="true">S7_Visible</StringAttribute>
        </Parameter>
        <Parameter Name="measurementOK" Section="Output" Type="Bool">
          <StringAttribute Name="InterfaceFlags" Informative="true">S7_Visible</StringAttribute>
        </Parameter>
        <Parameter Name="measurementNOK" Section="Output" Type="Bool">
          <StringAttribute Name="InterfaceFlags" Informative="true">S7_Visible</StringAttribute>
        </Parameter>
        <Parameter Name="measurementIgnore" Section="Output" Type="Bool">
          <StringAttribute Name="InterfaceFlags" Informative="true">S7_Visible</StringAttribute>
        </Parameter>
        <Parameter Name="measurementRepeat" Section="Output" Type="Bool">
          <StringAttribute Name="InterfaceFlags" Informative="true">S7_Visible</StringAttribute>
        </Parameter>
        <Parameter Name="measurementDischarge" Section="Output" Type="Bool">
          <StringAttribute Name="InterfaceFlags" Informative="true">S7_Visible</StringAttribute>
        </Parameter>
        <Parameter Name="reqModel" Section="Output" Type="Bool">
          <StringAttribute Name="InterfaceFlags" Informative="true">S7_Visible</StringAttribute>
        </Parameter>
        <Parameter Name="reqTempComp" Section="Output" Type="Bool">
          <StringAttribute Name="InterfaceFlags" Informative="true">S7_Visible</StringAttribute>
        </Parameter>
        <Parameter Name="reqRef" Section="Output" Type="Bool">
          <StringAttribute Name="InterfaceFlags" Informative="true">S7_Visible</StringAttribute>
        </Parameter>
        <Parameter Name="reqTool" Section="Output" Type="Bool">
          <StringAttribute Name="InterfaceFlags" Informative="true">S7_Visible</StringAttribute>
        </Parameter>
        <Parameter Name="reqOpenCycle" Section="Output" Type="Bool">
          <StringAttribute Name="InterfaceFlags" Informative="true">S7_Visible</StringAttribute>
        </Parameter>
        <Parameter Name="cancelSC" Section="Output" Type="Bool">
          <StringAttribute Name="InterfaceFlags" Informative="true">S7_Visible</StringAttribute>
        </Parameter>
        <Parameter Name="stationLocked" Section="Output" Type="Bool">
          <StringAttribute Name="InterfaceFlags" Informative="true">S7_Visible</StringAttribute>
        </Parameter>
        <Parameter Name="Out_PO" Section="Output" Type="&quot;iUDT_PO_PERCEPTRON&quot;">
          <StringAttribute Name="InterfaceFlags" Informative="true">S7_Visible</StringAttribute>
        </Parameter>
        <Parameter Name="fault" Section="Output" Type="Bool">
          <StringAttribute Name="InterfaceFlags" Informative="true">S7_Visible</StringAttribute>
        </Parameter>
        <Parameter Name="faultExt" Section="Output" Type="Bool">
          <StringAttribute Name="InterfaceFlags" Informative="true">S7_Visible</StringAttribute>
        </Parameter>
        <Parameter Name="TMU" Section="InOut" Type="Struct">
          <StringAttribute Name="InterfaceFlags" Informative="true">S7_Visible</StringAttribute>
        </Parameter>
        <Parameter Name="DB_PARA_POINT_NUMBER" Section="InOut" Type="&quot;iUDT_ROBOT_TECH_POINT_NUMBER&quot;">
          <StringAttribute Name="InterfaceFlags" Informative="true">S7_Visible</StringAttribute>
        </Parameter>
      </CallInfo>
    </Call>
  </Parts>
  <Wires>
    <Wire UId="58">
      <OpenCon UId="54" />
      <NameCon UId="52" Name="en" />
    </Wire>
    <Wire UId="59">
      <IdentCon UId="21" />
      <NameCon UId="52" Name="fct" />
    </Wire>
    <Wire UId="60">
      <IdentCon UId="22" />
      <NameCon UId="52" Name="safetyStop" />
    </Wire>
    <Wire UId="61">
      <IdentCon UId="23" />
      <NameCon UId="52" Name="enableOut" />
    </Wire>
    <Wire UId="62">
      <IdentCon UId="24" />
      <NameCon UId="52" Name="start" />
    </Wire>
    <Wire UId="63">
      <IdentCon UId="25" />
      <NameCon UId="52" Name="measEnd" />
    </Wire>
    <Wire UId="64">
      <IdentCon UId="26" />
      <NameCon UId="52" Name="permRef" />
    </Wire>
    <Wire UId="65">
      <IdentCon UId="27" />
      <NameCon UId="52" Name="permModel" />
    </Wire>
    <Wire UId="66">
      <IdentCon UId="28" />
      <NameCon UId="52" Name="reqFull" />
    </Wire>
    <Wire UId="67">
      <OpenCon UId="55" />
      <NameCon UId="52" Name="resetResult" />
    </Wire>
    <Wire UId="68">
      <IdentCon UId="29" />
      <NameCon UId="52" Name="lineNumber" />
    </Wire>
    <Wire UId="69">
      <IdentCon UId="30" />
      <NameCon UId="52" Name="IDENT" />
    </Wire>
    <Wire UId="70">
      <IdentCon UId="31" />
      <NameCon UId="52" Name="PALETTE" />
    </Wire>
    <Wire UId="71">
      <IdentCon UId="32" />
      <NameCon UId="52" Name="In_PI" />
    </Wire>
    <Wire UId="72">
      <OpenCon UId="56" />
      <NameCon UId="52" Name="openCycle" />
    </Wire>
    <Wire UId="73">
      <IdentCon UId="33" />
      <NameCon UId="52" Name="TMU" />
    </Wire>
    <Wire UId="74">
      <IdentCon UId="34" />
      <NameCon UId="52" Name="DB_PARA_POINT_NUMBER" />
    </Wire>
    <Wire UId="75">
      <NameCon UId="52" Name="ready" />
      <IdentCon UId="35" />
    </Wire>
    <Wire UId="76">
      <NameCon UId="52" Name="inCycle" />
      <IdentCon UId="36" />
    </Wire>
    <Wire UId="77">
      <NameCon UId="52" Name="cycleDone" />
      <IdentCon UId="37" />
    </Wire>
    <Wire UId="78">
      <NameCon UId="52" Name="measurementOK" />
      <IdentCon UId="38" />
    </Wire>
    <Wire UId="79">
      <NameCon UId="52" Name="measurementNOK" />
      <IdentCon UId="39" />
    </Wire>
    <Wire UId="80">
      <NameCon UId="52" Name="measurementIgnore" />
      <IdentCon UId="40" />
    </Wire>
    <Wire UId="81">
      <NameCon UId="52" Name="measurementRepeat" />
      <IdentCon UId="41" />
    </Wire>
    <Wire UId="82">
      <NameCon UId="52" Name="measurementDischarge" />
      <IdentCon UId="42" />
    </Wire>
    <Wire UId="83">
      <NameCon UId="52" Name="reqModel" />
      <IdentCon UId="43" />
    </Wire>
    <Wire UId="84">
      <NameCon UId="52" Name="reqTempComp" />
      <IdentCon UId="44" />
    </Wire>
    <Wire UId="85">
      <NameCon UId="52" Name="reqRef" />
      <IdentCon UId="45" />
    </Wire>
    <Wire UId="86">
      <NameCon UId="52" Name="reqTool" />
      <IdentCon UId="46" />
    </Wire>
    <Wire UId="87">
      <NameCon UId="52" Name="reqOpenCycle" />
      <OpenCon UId="57" />
    </Wire>
    <Wire UId="88">
      <NameCon UId="52" Name="cancelSC" />
      <IdentCon UId="47" />
    </Wire>
    <Wire UId="89">
      <NameCon UId="52" Name="stationLocked" />
      <IdentCon UId="48" />
    </Wire>
    <Wire UId="90">
      <NameCon UId="52" Name="Out_PO" />
      <IdentCon UId="49" />
    </Wire>
    <Wire UId="91">
      <NameCon UId="52" Name="fault" />
      <IdentCon UId="50" />
    </Wire>
    <Wire UId="92">
      <NameCon UId="52" Name="faultExt" />
      <IdentCon UId="51" />
    </Wire>
  </Wires>
</FlgNet></NetworkSource>
          <ProgrammingLanguage>FBD</ProgrammingLanguage>
        </AttributeList>
        <ObjectList>
          <MultilingualText ID="28" CompositionName="Comment">
            <ObjectList>
              <MultilingualTextItem ID="29" CompositionName="Items">
                <AttributeList>
                  <Culture>en-US</Culture>
                  <Text />
                </AttributeList>
              </MultilingualTextItem>
              <MultilingualTextItem ID="2A" CompositionName="Items">
                <AttributeList>
                  <Culture>de-DE</Culture>
                  <Text />
                </AttributeList>
              </MultilingualTextItem>
            </ObjectList>
          </MultilingualText>
          <MultilingualText ID="2B" CompositionName="Title">
            <ObjectList>
              <MultilingualTextItem ID="2C" CompositionName="Items">
                <AttributeList>
                  <Culture>en-US</Culture>
                  <Text>140MSR101 Aufruf</Text>
                </AttributeList>
              </MultilingualTextItem>
              <MultilingualTextItem ID="2D" CompositionName="Items">
                <AttributeList>
                  <Culture>de-DE</Culture>
                  <Text>050MSR101 Aufruf</Text>
                </AttributeList>
              </MultilingualTextItem>
            </ObjectList>
          </MultilingualText>
        </ObjectList>
      </SW.Blocks.CompileUnit>
      <SW.Blocks.CompileUnit ID="2E" CompositionName="CompileUnits">
        <AttributeList>
          <NetworkSource><FlgNet xmlns="http://www.siemens.com/automation/Openness/SW/NetworkSource/FlgNet/v4">
  <Parts>
    <Access Scope="GlobalVariable" UId="21">
      <IntegerAttribute Name="NumBLs" Informative="true">5</IntegerAttribute>
      <Symbol>
        <Component Name="FGDB_050MSR101" />
        <Component Name="TmrB" />
        <Component Name="3_Done" />
        <Address Area="DB" Type="Bool" BlockNumber="387" BitOffset="1608" Informative="true" />
      </Symbol>
    </Access>
    <Access Scope="GlobalVariable" UId="22">
      <IntegerAttribute Name="NumBLs" Informative="true">5</IntegerAttribute>
      <Symbol>
        <Component Name="FGDB_050MSR101" />
        <Component Name="D" />
        <Component Name="disableRefCycle" />
        <Address Area="DB" Type="Bool" BlockNumber="387" BitOffset="1677" Informative="true" />
      </Symbol>
    </Access>
    <Access Scope="GlobalVariable" UId="23">
      <IntegerAttribute Name="NumBLs" Informative="true">5</IntegerAttribute>
      <Symbol>
        <Component Name="FGDB_050MSR101" />
        <Component Name="reqRef" />
        <Address Area="DB" Type="Bool" BlockNumber="387" BitOffset="330" Informative="true" />
      </Symbol>
    </Access>
    <Access Scope="GlobalVariable" UId="24">
      <IntegerAttribute Name="NumBLs" Informative="true">5</IntegerAttribute>
      <Symbol>
        <Component Name="FGDB_050MSR101@AddOn" />
        <Component Name="AddS" />
        <Component Name="RefReq" />
        <Address Area="DB" Type="Bool" BlockNumber="432" BitOffset="0" Informative="true" />
      </Symbol>
    </Access>
    <Part Name="A" UId="25">
      <TemplateValue Name="Card" Type="Cardinality">2</TemplateValue>
      <Negated Name="in2" />
    </Part>
    <Part Name="O" UId="26">
      <TemplateValue Name="Card" Type="Cardinality">2</TemplateValue>
    </Part>
    <Part Name="Coil" UId="27" />
  </Parts>
  <Wires>
    <Wire UId="28">
      <IdentCon UId="21" />
      <NameCon UId="25" Name="in1" />
    </Wire>
    <Wire UId="29">
      <IdentCon UId="22" />
      <NameCon UId="25" Name="in2" />
    </Wire>
    <Wire UId="30">
      <NameCon UId="25" Name="out" />
      <NameCon UId="26" Name="in1" />
    </Wire>
    <Wire UId="31">
      <IdentCon UId="23" />
      <NameCon UId="26" Name="in2" />
    </Wire>
    <Wire UId="32">
      <NameCon UId="26" Name="out" />
      <NameCon UId="27" Name="in" />
    </Wire>
    <Wire UId="33">
      <IdentCon UId="24" />
      <NameCon UId="27" Name="operand" />
    </Wire>
  </Wires>
</FlgNet></NetworkSource>
          <ProgrammingLanguage>FBD</ProgrammingLanguage>
        </AttributeList>
        <ObjectList>
          <MultilingualText ID="2F" CompositionName="Comment">
            <ObjectList>
              <MultilingualTextItem ID="30" CompositionName="Items">
                <AttributeList>
                  <Culture>en-US</Culture>
                  <Text />
                </AttributeList>
              </MultilingualTextItem>
              <MultilingualTextItem ID="31" CompositionName="Items">
                <AttributeList>
                  <Culture>de-DE</Culture>
                  <Text />
                </AttributeList>
              </MultilingualTextItem>
            </ObjectList>
          </MultilingualText>
          <MultilingualText ID="32" CompositionName="Title">
            <ObjectList>
              <MultilingualTextItem ID="33" CompositionName="Items">
                <AttributeList>
                  <Culture>en-US</Culture>
                  <Text />
                </AttributeList>
              </MultilingualTextItem>
              <MultilingualTextItem ID="34" CompositionName="Items">
                <AttributeList>
                  <Culture>de-DE</Culture>
                  <Text>Referenzmessung angefordert -> Beladung 050VR_009 sperren</Text>
                </AttributeList>
              </MultilingualTextItem>
            </ObjectList>
          </MultilingualText>
        </ObjectList>
      </SW.Blocks.CompileUnit>
      <SW.Blocks.CompileUnit ID="35" CompositionName="CompileUnits">
        <AttributeList>
          <NetworkSource><FlgNet xmlns="http://www.siemens.com/automation/Openness/SW/NetworkSource/FlgNet/v4">
  <Parts>
    <Access Scope="GlobalVariable" UId="21">
      <IntegerAttribute Name="NumBLs" Informative="true">5</IntegerAttribute>
      <Symbol>
        <Component Name="FGDB_050MSR101@VOLLMESS" />
        <Component Name="requestSpecialFunction" />
        <Address Area="DB" Type="Bool" BlockNumber="388" BitOffset="48" Informative="true" />
      </Symbol>
    </Access>
    <Access Scope="GlobalVariable" UId="22">
      <IntegerAttribute Name="NumBLs" Informative="true">5</IntegerAttribute>
      <Symbol>
        <Component Name="FGDB_050MSR101" />
        <Component Name="reqTempComp" />
        <Address Area="DB" Type="Bool" BlockNumber="387" BitOffset="329" Informative="true" />
      </Symbol>
    </Access>
    <Access Scope="GlobalVariable" UId="23">
      <IntegerAttribute Name="NumBLs" Informative="true">5</IntegerAttribute>
      <Symbol>
        <Component Name="FGDB_050MSR101" />
        <Component Name="reqFull" />
        <Address Area="DB" Type="Bool" BlockNumber="387" BitOffset="22" Informative="true" />
      </Symbol>
    </Access>
    <Part Name="A" UId="24">
      <TemplateValue Name="Card" Type="Cardinality">2</TemplateValue>
      <Negated Name="in2" />
    </Part>
    <Part Name="Coil" UId="25" />
  </Parts>
  <Wires>
    <Wire UId="26">
      <IdentCon UId="21" />
      <NameCon UId="24" Name="in1" />
    </Wire>
    <Wire UId="27">
      <IdentCon UId="22" />
      <NameCon UId="24" Name="in2" />
    </Wire>
    <Wire UId="28">
      <NameCon UId="24" Name="out" />
      <NameCon UId="25" Name="in" />
    </Wire>
    <Wire UId="29">
      <IdentCon UId="23" />
      <NameCon UId="25" Name="operand" />
    </Wire>
  </Wires>
</FlgNet></NetworkSource>
          <ProgrammingLanguage>FBD</ProgrammingLanguage>
        </AttributeList>
        <ObjectList>
          <MultilingualText ID="36" CompositionName="Comment">
            <ObjectList>
              <MultilingualTextItem ID="37" CompositionName="Items">
                <AttributeList>
                  <Culture>en-US</Culture>
                  <Text />
                </AttributeList>
              </MultilingualTextItem>
              <MultilingualTextItem ID="38" CompositionName="Items">
                <AttributeList>
                  <Culture>de-DE</Culture>
                  <Text />
                </AttributeList>
              </MultilingualTextItem>
            </ObjectList>
          </MultilingualText>
          <MultilingualText ID="39" CompositionName="Title">
            <ObjectList>
              <MultilingualTextItem ID="3A" CompositionName="Items">
                <AttributeList>
                  <Culture>en-US</Culture>
                  <Text />
                </AttributeList>
              </MultilingualTextItem>
              <MultilingualTextItem ID="3B" CompositionName="Items">
                <AttributeList>
                  <Culture>de-DE</Culture>
                  <Text>Anforderung Vollprogramm</Text>
                </AttributeList>
              </MultilingualTextItem>
            </ObjectList>
          </MultilingualText>
        </ObjectList>
      </SW.Blocks.CompileUnit>
      <SW.Blocks.CompileUnit ID="3C" CompositionName="CompileUnits">
        <AttributeList>
          <NetworkSource><FlgNet xmlns="http://www.siemens.com/automation/Openness/SW/NetworkSource/FlgNet/v4">
  <Parts>
    <Access Scope="GlobalVariable" UId="21">
      <IntegerAttribute Name="NumBLs" Informative="true">5</IntegerAttribute>
      <Symbol>
        <Component Name="FGDB_050VR_009@AddOn" />
        <Component Name="data" />
        <Component Name="TM" />
        <Component Name="TM043" />
        <Address Area="DB" Type="Bool" BlockNumber="278" BitOffset="506" Informative="true" />
      </Symbol>
    </Access>
    <Access Scope="GlobalVariable" UId="22">
      <IntegerAttribute Name="NumBLs" Informative="true">5</IntegerAttribute>
      <Symbol>
        <Component Name="FGDB_050MSR101@VOLLMESS" />
        <Component Name="coutVariants" AccessModifier="Array">
          <Access Scope="LiteralConstant">
            <IntegerAttribute Name="NumBLs" Informative="true">5</IntegerAttribute>
            <Constant>
              <ConstantType>DInt</ConstantType>
              <ConstantValue>1</ConstantValue>
              <StringAttribute Name="Format" Informative="true">Dec_signed</StringAttribute>
            </Constant>
          </Access>
        </Component>
        <Address Area="DB" Type="Bool" BlockNumber="388" BitOffset="32" Informative="true" />
      </Symbol>
    </Access>
    <Part Name="A" UId="23">
      <TemplateValue Name="Card" Type="Cardinality">1</TemplateValue>
    </Part>
    <Part Name="Coil" UId="24" />
  </Parts>
  <Wires>
    <Wire UId="25">
      <IdentCon UId="21" />
      <NameCon UId="23" Name="in1" />
    </Wire>
    <Wire UId="26">
      <NameCon UId="23" Name="out" />
      <NameCon UId="24" Name="in" />
    </Wire>
    <Wire UId="27">
      <IdentCon UId="22" />
      <NameCon UId="24" Name="operand" />
    </Wire>
  </Wires>
</FlgNet></NetworkSource>
          <ProgrammingLanguage>FBD</ProgrammingLanguage>
        </AttributeList>
        <ObjectList>
          <MultilingualText ID="3D" CompositionName="Comment">
            <ObjectList>
              <MultilingualTextItem ID="3E" CompositionName="Items">
                <AttributeList>
                  <Culture>en-US</Culture>
                  <Text />
                </AttributeList>
              </MultilingualTextItem>
              <MultilingualTextItem ID="3F" CompositionName="Items">
                <AttributeList>
                  <Culture>de-DE</Culture>
                  <Text />
                </AttributeList>
              </MultilingualTextItem>
            </ObjectList>
          </MultilingualText>
          <MultilingualText ID="40" CompositionName="Title">
            <ObjectList>
              <MultilingualTextItem ID="41" CompositionName="Items">
                <AttributeList>
                  <Culture>en-US</Culture>
                  <Text />
                </AttributeList>
              </MultilingualTextItem>
              <MultilingualTextItem ID="42" CompositionName="Items">
                <AttributeList>
                  <Culture>de-DE</Culture>
                  <Text>Trigger für Variantenzähler C174</Text>
                </AttributeList>
              </MultilingualTextItem>
            </ObjectList>
          </MultilingualText>
        </ObjectList>
      </SW.Blocks.CompileUnit>
      <SW.Blocks.CompileUnit ID="43" CompositionName="CompileUnits">
        <AttributeList>
          <NetworkSource><FlgNet xmlns="http://www.siemens.com/automation/Openness/SW/NetworkSource/FlgNet/v4">
  <Parts>
    <Access Scope="GlobalVariable" UId="21">
      <IntegerAttribute Name="NumBLs" Informative="true">5</IntegerAttribute>
      <Symbol>
        <Component Name="FGDB_050VR_009@AddOn" />
        <Component Name="data" />
        <Component Name="TM" />
        <Component Name="TM044" />
        <Address Area="DB" Type="Bool" BlockNumber="278" BitOffset="507" Informative="true" />
      </Symbol>
    </Access>
    <Access Scope="GlobalVariable" UId="22">
      <IntegerAttribute Name="NumBLs" Informative="true">5</IntegerAttribute>
      <Symbol>
        <Component Name="FGDB_050MSR101@VOLLMESS" />
        <Component Name="coutVariants" AccessModifier="Array">
          <Access Scope="LiteralConstant">
            <IntegerAttribute Name="NumBLs" Informative="true">5</IntegerAttribute>
            <Constant>
              <ConstantType>DInt</ConstantType>
              <ConstantValue>2</ConstantValue>
              <StringAttribute Name="Format" Informative="true">Dec_signed</StringAttribute>
            </Constant>
          </Access>
        </Component>
        <Address Area="DB" Type="Bool" BlockNumber="388" BitOffset="33" Informative="true" />
      </Symbol>
    </Access>
    <Part Name="A" UId="23">
      <TemplateValue Name="Card" Type="Cardinality">1</TemplateValue>
    </Part>
    <Part Name="Coil" UId="24" />
  </Parts>
  <Wires>
    <Wire UId="25">
      <IdentCon UId="21" />
      <NameCon UId="23" Name="in1" />
    </Wire>
    <Wire UId="26">
      <NameCon UId="23" Name="out" />
      <NameCon UId="24" Name="in" />
    </Wire>
    <Wire UId="27">
      <IdentCon UId="22" />
      <NameCon UId="24" Name="operand" />
    </Wire>
  </Wires>
</FlgNet></NetworkSource>
          <ProgrammingLanguage>FBD</ProgrammingLanguage>
        </AttributeList>
        <ObjectList>
          <MultilingualText ID="44" CompositionName="Comment">
            <ObjectList>
              <MultilingualTextItem ID="45" CompositionName="Items">
                <AttributeList>
                  <Culture>en-US</Culture>
                  <Text />
                </AttributeList>
              </MultilingualTextItem>
              <MultilingualTextItem ID="46" CompositionName="Items">
                <AttributeList>
                  <Culture>de-DE</Culture>
                  <Text />
                </AttributeList>
              </MultilingualTextItem>
            </ObjectList>
          </MultilingualText>
          <MultilingualText ID="47" CompositionName="Title">
            <ObjectList>
              <MultilingualTextItem ID="48" CompositionName="Items">
                <AttributeList>
                  <Culture>en-US</Culture>
                  <Text />
                </AttributeList>
              </MultilingualTextItem>
              <MultilingualTextItem ID="49" CompositionName="Items">
                <AttributeList>
                  <Culture>de-DE</Culture>
                  <Text>Trigger für Variantenzähler C178</Text>
                </AttributeList>
              </MultilingualTextItem>
            </ObjectList>
          </MultilingualText>
        </ObjectList>
      </SW.Blocks.CompileUnit>
      <SW.Blocks.CompileUnit ID="4A" CompositionName="CompileUnits">
        <AttributeList>
          <NetworkSource><FlgNet xmlns="http://www.siemens.com/automation/Openness/SW/NetworkSource/FlgNet/v4">
  <Parts>
    <Access Scope="GlobalVariable" UId="21">
      <IntegerAttribute Name="NumBLs" Informative="true">5</IntegerAttribute>
      <Symbol>
        <Component Name="FGDB_050VR_009@AddOn" />
        <Component Name="data" />
        <Component Name="TM" />
        <Component Name="TM046" />
        <Address Area="DB" Type="Bool" BlockNumber="278" BitOffset="509" Informative="true" />
      </Symbol>
    </Access>
    <Access Scope="GlobalVariable" UId="22">
      <IntegerAttribute Name="NumBLs" Informative="true">5</IntegerAttribute>
      <Symbol>
        <Component Name="FGDB_050MSR101@VOLLMESS" />
        <Component Name="coutVariants" AccessModifier="Array">
          <Access Scope="LiteralConstant">
            <IntegerAttribute Name="NumBLs" Informative="true">5</IntegerAttribute>
            <Constant>
              <ConstantType>DInt</ConstantType>
              <ConstantValue>3</ConstantValue>
              <StringAttribute Name="Format" Informative="true">Dec_signed</StringAttribute>
            </Constant>
          </Access>
        </Component>
        <Address Area="DB" Type="Bool" BlockNumber="388" BitOffset="34" Informative="true" />
      </Symbol>
    </Access>
    <Part Name="A" UId="23">
      <TemplateValue Name="Card" Type="Cardinality">1</TemplateValue>
    </Part>
    <Part Name="Coil" UId="24" />
  </Parts>
  <Wires>
    <Wire UId="25">
      <IdentCon UId="21" />
      <NameCon UId="23" Name="in1" />
    </Wire>
    <Wire UId="26">
      <NameCon UId="23" Name="out" />
      <NameCon UId="24" Name="in" />
    </Wire>
    <Wire UId="27">
      <IdentCon UId="22" />
      <NameCon UId="24" Name="operand" />
    </Wire>
  </Wires>
</FlgNet></NetworkSource>
          <ProgrammingLanguage>FBD</ProgrammingLanguage>
        </AttributeList>
        <ObjectList>
          <MultilingualText ID="4B" CompositionName="Comment">
            <ObjectList>
              <MultilingualTextItem ID="4C" CompositionName="Items">
                <AttributeList>
                  <Culture>en-US</Culture>
                  <Text />
                </AttributeList>
              </MultilingualTextItem>
              <MultilingualTextItem ID="4D" CompositionName="Items">
                <AttributeList>
                  <Culture>de-DE</Culture>
                  <Text />
                </AttributeList>
              </MultilingualTextItem>
            </ObjectList>
          </MultilingualText>
          <MultilingualText ID="4E" CompositionName="Title">
            <ObjectList>
              <MultilingualTextItem ID="4F" CompositionName="Items">
                <AttributeList>
                  <Culture>en-US</Culture>
                  <Text />
                </AttributeList>
              </MultilingualTextItem>
              <MultilingualTextItem ID="50" CompositionName="Items">
                <AttributeList>
                  <Culture>de-DE</Culture>
                  <Text>Trigger für Variantenzähler X174</Text>
                </AttributeList>
              </MultilingualTextItem>
            </ObjectList>
          </MultilingualText>
        </ObjectList>
      </SW.Blocks.CompileUnit>
      <SW.Blocks.CompileUnit ID="51" CompositionName="CompileUnits">
        <AttributeList>
          <NetworkSource><FlgNet xmlns="http://www.siemens.com/automation/Openness/SW/NetworkSource/FlgNet/v4">
  <Parts>
    <Access Scope="GlobalVariable" UId="21">
      <IntegerAttribute Name="NumBLs" Informative="true">5</IntegerAttribute>
      <Symbol>
        <Component Name="FGDB_050VR_009@AddOn" />
        <Component Name="data" />
        <Component Name="TM" />
        <Component Name="TM047" />
        <Address Area="DB" Type="Bool" BlockNumber="278" BitOffset="510" Informative="true" />
      </Symbol>
    </Access>
    <Access Scope="GlobalVariable" UId="22">
      <IntegerAttribute Name="NumBLs" Informative="true">5</IntegerAttribute>
      <Symbol>
        <Component Name="FGDB_050MSR101@VOLLMESS" />
        <Component Name="coutVariants" AccessModifier="Array">
          <Access Scope="LiteralConstant">
            <IntegerAttribute Name="NumBLs" Informative="true">5</IntegerAttribute>
            <Constant>
              <ConstantType>DInt</ConstantType>
              <ConstantValue>4</ConstantValue>
              <StringAttribute Name="Format" Informative="true">Dec_signed</StringAttribute>
            </Constant>
          </Access>
        </Component>
        <Address Area="DB" Type="Bool" BlockNumber="388" BitOffset="35" Informative="true" />
      </Symbol>
    </Access>
    <Part Name="A" UId="23">
      <TemplateValue Name="Card" Type="Cardinality">1</TemplateValue>
    </Part>
    <Part Name="Coil" UId="24" />
  </Parts>
  <Wires>
    <Wire UId="25">
      <IdentCon UId="21" />
      <NameCon UId="23" Name="in1" />
    </Wire>
    <Wire UId="26">
      <NameCon UId="23" Name="out" />
      <NameCon UId="24" Name="in" />
    </Wire>
    <Wire UId="27">
      <IdentCon UId="22" />
      <NameCon UId="24" Name="operand" />
    </Wire>
  </Wires>
</FlgNet></NetworkSource>
          <ProgrammingLanguage>FBD</ProgrammingLanguage>
        </AttributeList>
        <ObjectList>
          <MultilingualText ID="52" CompositionName="Comment">
            <ObjectList>
              <MultilingualTextItem ID="53" CompositionName="Items">
                <AttributeList>
                  <Culture>en-US</Culture>
                  <Text />
                </AttributeList>
              </MultilingualTextItem>
              <MultilingualTextItem ID="54" CompositionName="Items">
                <AttributeList>
                  <Culture>de-DE</Culture>
                  <Text />
                </AttributeList>
              </MultilingualTextItem>
            </ObjectList>
          </MultilingualText>
          <MultilingualText ID="55" CompositionName="Title">
            <ObjectList>
              <MultilingualTextItem ID="56" CompositionName="Items">
                <AttributeList>
                  <Culture>en-US</Culture>
                  <Text />
                </AttributeList>
              </MultilingualTextItem>
              <MultilingualTextItem ID="57" CompositionName="Items">
                <AttributeList>
                  <Culture>de-DE</Culture>
                  <Text>Trigger für Variantenzähler X178</Text>
                </AttributeList>
              </MultilingualTextItem>
            </ObjectList>
          </MultilingualText>
        </ObjectList>
      </SW.Blocks.CompileUnit>
      <MultilingualText ID="58" CompositionName="Title">
        <ObjectList>
          <MultilingualTextItem ID="59" CompositionName="Items">
            <AttributeList>
              <Culture>en-US</Culture>
              <Text>140MSR101 Aufruf</Text>
            </AttributeList>
          </MultilingualTextItem>
          <MultilingualTextItem ID="5A" CompositionName="Items">
            <AttributeList>
              <Culture>de-DE</Culture>
              <Text>140MSR101 Aufruf</Text>
            </AttributeList>
          </MultilingualTextItem>
        </ObjectList>
      </MultilingualText>
    </ObjectList>
  </SW.Blocks.FC>
</Document>