﻿<?xml version="1.0" encoding="utf-8"?>
<Document>
  <Engineering version="V16" />
  <DocumentInfo>
    <Created>2025-05-12T11:27:49.3064139Z</Created>
    <ExportSetting>WithDefaults, WithReadOnly</ExportSetting>
    <InstalledProducts>
      <Product>
        <DisplayName>Totally Integrated Automation Portal</DisplayName>
        <DisplayVersion>V16 Update 7</DisplayVersion>
      </Product>
      <OptionPackage>
        <DisplayName>TIA Portal Version Control Interface</DisplayName>
        <DisplayVersion>V16 Update 2</DisplayVersion>
      </OptionPackage>
      <OptionPackage>
        <DisplayName>TIA Portal Openness</DisplayName>
        <DisplayVersion>V16 Update 7</DisplayVersion>
      </OptionPackage>
      <Product>
        <DisplayName>SINAMICS Startdrive Advanced</DisplayName>
        <DisplayVersion>V16 Update 5</DisplayVersion>
      </Product>
      <OptionPackage>
        <DisplayName>SINAMICS Startdrive G130, G150, S120, S150, SINAMICS MV, S210</DisplayName>
        <DisplayVersion>V16 Update 5</DisplayVersion>
      </OptionPackage>
      <OptionPackage>
        <DisplayName>SINAMICS Startdrive G110M, G120, G120C, G120D, G120P, G115D</DisplayName>
        <DisplayVersion>V16 Update 5</DisplayVersion>
      </OptionPackage>
      <Product>
        <DisplayName>STEP 7 Professional</DisplayName>
        <DisplayVersion>V16 Update 7</DisplayVersion>
      </Product>
      <OptionPackage>
        <DisplayName>STEP 7 Safety</DisplayName>
        <DisplayVersion>V16 Update 7</DisplayVersion>
      </OptionPackage>
      <Product>
        <DisplayName>WinCC Advanced</DisplayName>
        <DisplayVersion>V16 Update 7</DisplayVersion>
      </Product>
      <OptionPackage>
        <DisplayName>SIMATIC Visualization Architect</DisplayName>
        <DisplayVersion>V16</DisplayVersion>
      </OptionPackage>
    </InstalledProducts>
  </DocumentInfo>
  <SW.Blocks.GlobalDB ID="0">
    <AttributeList>
      <AutoNumber>true</AutoNumber>
      <CodeModifiedDate ReadOnly="true">2023-06-23T14:31:02.9582033Z</CodeModifiedDate>
      <CompileDate ReadOnly="true">2023-07-13T07:24:48.4744795Z</CompileDate>
      <CreationDate ReadOnly="true">2023-06-23T13:40:27.4121979Z</CreationDate>
      <DBAccessibleFromOPCUA>true</DBAccessibleFromOPCUA>
      <HeaderAuthor>integra</HeaderAuthor>
      <HeaderFamily />
      <HeaderName>617040</HeaderName>
      <HeaderVersion>0.0</HeaderVersion>
      <Interface><Sections xmlns="http://www.siemens.com/automation/Openness/SW/Interface/v4">
  <Section Name="Static">
    <Member Name="AddInfo" Datatype="Struct" Remanence="Retain" Accessibility="Public"><AttributeList><IntegerAttribute Name="Offset" Informative="true" SystemDefined="true">0</IntegerAttribute><BooleanAttribute Name="ExternalAccessible" SystemDefined="true">true</BooleanAttribute><BooleanAttribute Name="ExternalVisible" SystemDefined="true">true</BooleanAttribute><BooleanAttribute Name="ExternalWritable" SystemDefined="true">true</BooleanAttribute><BooleanAttribute Name="UserVisible" Informative="true" SystemDefined="true">true</BooleanAttribute><BooleanAttribute Name="UserReadOnly" Informative="true" SystemDefined="true">false</BooleanAttribute><BooleanAttribute Name="UserDeletable" Informative="true" SystemDefined="true">true</BooleanAttribute><BooleanAttribute Name="SetPoint" SystemDefined="true">false</BooleanAttribute></AttributeList><Comment><MultiLanguageText Lang="en-US">Additional informations</MultiLanguageText><MultiLanguageText Lang="de-DE">Additional informations</MultiLanguageText></Comment><Member Name="1" Datatype="DWord"><AttributeList><IntegerAttribute Name="Offset" Informative="true" SystemDefined="true">0</IntegerAttribute><BooleanAttribute Name="ExternalAccessible" SystemDefined="true">true</BooleanAttribute><BooleanAttribute Name="ExternalVisible" SystemDefined="true">true</BooleanAttribute><BooleanAttribute Name="ExternalWritable" SystemDefined="true">true</BooleanAttribute><BooleanAttribute Name="UserVisible" Informative="true" SystemDefined="true">true</BooleanAttribute><BooleanAttribute Name="UserReadOnly" Informative="true" SystemDefined="true">false</BooleanAttribute><BooleanAttribute Name="UserDeletable" Informative="true" SystemDefined="true">true</BooleanAttribute><BooleanAttribute Name="SetPoint" SystemDefined="true">false</BooleanAttribute></AttributeList><Comment><MultiLanguageText Lang="en-US">Additional information 1</MultiLanguageText><MultiLanguageText Lang="de-DE">Additional information 1</MultiLanguageText></Comment></Member><Member Name="2" Datatype="DWord"><AttributeList><IntegerAttribute Name="Offset" Informative="true" SystemDefined="true">32</IntegerAttribute><BooleanAttribute Name="ExternalAccessible" SystemDefined="true">true</BooleanAttribute><BooleanAttribute Name="ExternalVisible" SystemDefined="true">true</BooleanAttribute><BooleanAttribute Name="ExternalWritable" SystemDefined="true">true</BooleanAttribute><BooleanAttribute Name="UserVisible" Informative="true" SystemDefined="true">true</BooleanAttribute><BooleanAttribute Name="UserReadOnly" Informative="true" SystemDefined="true">false</BooleanAttribute><BooleanAttribute Name="UserDeletable" Informative="true" SystemDefined="true">true</BooleanAttribute><BooleanAttribute Name="SetPoint" SystemDefined="true">false</BooleanAttribute></AttributeList><Comment><MultiLanguageText Lang="en-US">Additional information 2</MultiLanguageText><MultiLanguageText Lang="de-DE">Additional information 2</MultiLanguageText></Comment></Member><Member Name="3" Datatype="DWord"><AttributeList><IntegerAttribute Name="Offset" Informative="true" SystemDefined="true">64</IntegerAttribute><BooleanAttribute Name="ExternalAccessible" SystemDefined="true">true</BooleanAttribute><BooleanAttribute Name="ExternalVisible" SystemDefined="true">true</BooleanAttribute><BooleanAttribute Name="ExternalWritable" SystemDefined="true">true</BooleanAttribute><BooleanAttribute Name="UserVisible" Informative="true" SystemDefined="true">true</BooleanAttribute><BooleanAttribute Name="UserReadOnly" Informative="true" SystemDefined="true">false</BooleanAttribute><BooleanAttribute Name="UserDeletable" Informative="true" SystemDefined="true">true</BooleanAttribute><BooleanAttribute Name="SetPoint" SystemDefined="true">false</BooleanAttribute></AttributeList><Comment><MultiLanguageText Lang="en-US">Additional information 3</MultiLanguageText><MultiLanguageText Lang="de-DE">Additional information 3</MultiLanguageText></Comment></Member><Member Name="4" Datatype="DWord"><AttributeList><IntegerAttribute Name="Offset" Informative="true" SystemDefined="true">96</IntegerAttribute><BooleanAttribute Name="ExternalAccessible" SystemDefined="true">true</BooleanAttribute><BooleanAttribute Name="ExternalVisible" SystemDefined="true">true</BooleanAttribute><BooleanAttribute Name="ExternalWritable" SystemDefined="true">true</BooleanAttribute><BooleanAttribute Name="UserVisible" Informative="true" SystemDefined="true">true</BooleanAttribute><BooleanAttribute Name="UserReadOnly" Informative="true" SystemDefined="true">false</BooleanAttribute><BooleanAttribute Name="UserDeletable" Informative="true" SystemDefined="true">true</BooleanAttribute><BooleanAttribute Name="SetPoint" SystemDefined="true">false</BooleanAttribute></AttributeList><Comment><MultiLanguageText Lang="en-US">Additional information 4</MultiLanguageText><MultiLanguageText Lang="de-DE">Additional information 4</MultiLanguageText></Comment></Member><Member Name="5" Datatype="DWord"><AttributeList><IntegerAttribute Name="Offset" Informative="true" SystemDefined="true">128</IntegerAttribute><BooleanAttribute Name="ExternalAccessible" SystemDefined="true">true</BooleanAttribute><BooleanAttribute Name="ExternalVisible" SystemDefined="true">true</BooleanAttribute><BooleanAttribute Name="ExternalWritable" SystemDefined="true">true</BooleanAttribute><BooleanAttribute Name="UserVisible" Informative="true" SystemDefined="true">true</BooleanAttribute><BooleanAttribute Name="UserReadOnly" Informative="true" SystemDefined="true">false</BooleanAttribute><BooleanAttribute Name="UserDeletable" Informative="true" SystemDefined="true">true</BooleanAttribute><BooleanAttribute Name="SetPoint" SystemDefined="true">false</BooleanAttribute></AttributeList><Comment><MultiLanguageText Lang="en-US">Additional information 5</MultiLanguageText><MultiLanguageText Lang="de-DE">Additional information 5</MultiLanguageText></Comment></Member><Member Name="6" Datatype="DWord"><AttributeList><IntegerAttribute Name="Offset" Informative="true" SystemDefined="true">160</IntegerAttribute><BooleanAttribute Name="ExternalAccessible" SystemDefined="true">true</BooleanAttribute><BooleanAttribute Name="ExternalVisible" SystemDefined="true">true</BooleanAttribute><BooleanAttribute Name="ExternalWritable" SystemDefined="true">true</BooleanAttribute><BooleanAttribute Name="UserVisible" Informative="true" SystemDefined="true">true</BooleanAttribute><BooleanAttribute Name="UserReadOnly" Informative="true" SystemDefined="true">false</BooleanAttribute><BooleanAttribute Name="UserDeletable" Informative="true" SystemDefined="true">true</BooleanAttribute><BooleanAttribute Name="SetPoint" SystemDefined="true">false</BooleanAttribute></AttributeList><Comment><MultiLanguageText Lang="en-US">Additional information 6</MultiLanguageText><MultiLanguageText Lang="de-DE">Additional information 6</MultiLanguageText></Comment></Member></Member>
    <Member Name="ExtF" Datatype="Struct" Remanence="Retain" Accessibility="Public"><AttributeList><IntegerAttribute Name="Offset" Informative="true" SystemDefined="true">192</IntegerAttribute><BooleanAttribute Name="ExternalAccessible" SystemDefined="true">true</BooleanAttribute><BooleanAttribute Name="ExternalVisible" SystemDefined="true">true</BooleanAttribute><BooleanAttribute Name="ExternalWritable" SystemDefined="true">true</BooleanAttribute><BooleanAttribute Name="UserVisible" Informative="true" SystemDefined="true">true</BooleanAttribute><BooleanAttribute Name="UserReadOnly" Informative="true" SystemDefined="true">false</BooleanAttribute><BooleanAttribute Name="UserDeletable" Informative="true" SystemDefined="true">true</BooleanAttribute><BooleanAttribute Name="SetPoint" SystemDefined="true">false</BooleanAttribute></AttributeList><Comment><MultiLanguageText Lang="en-US">External fault</MultiLanguageText><MultiLanguageText Lang="de-DE">External fault</MultiLanguageText></Comment><Member Name="1" Datatype="Bool"><AttributeList><IntegerAttribute Name="Offset" Informative="true" SystemDefined="true">0</IntegerAttribute><BooleanAttribute Name="ExternalAccessible" SystemDefined="true">true</BooleanAttribute><BooleanAttribute Name="ExternalVisible" SystemDefined="true">true</BooleanAttribute><BooleanAttribute Name="ExternalWritable" SystemDefined="true">true</BooleanAttribute><BooleanAttribute Name="UserVisible" Informative="true" SystemDefined="true">true</BooleanAttribute><BooleanAttribute Name="UserReadOnly" Informative="true" SystemDefined="true">false</BooleanAttribute><BooleanAttribute Name="UserDeletable" Informative="true" SystemDefined="true">true</BooleanAttribute><BooleanAttribute Name="SetPoint" SystemDefined="true">false</BooleanAttribute></AttributeList><Comment><MultiLanguageText Lang="en-US">!* External fault 1</MultiLanguageText><MultiLanguageText Lang="de-DE">!* External fault 1</MultiLanguageText></Comment></Member><Member Name="2" Datatype="Bool"><AttributeList><IntegerAttribute Name="Offset" Informative="true" SystemDefined="true">1</IntegerAttribute><BooleanAttribute Name="ExternalAccessible" SystemDefined="true">true</BooleanAttribute><BooleanAttribute Name="ExternalVisible" SystemDefined="true">true</BooleanAttribute><BooleanAttribute Name="ExternalWritable" SystemDefined="true">true</BooleanAttribute><BooleanAttribute Name="UserVisible" Informative="true" SystemDefined="true">true</BooleanAttribute><BooleanAttribute Name="UserReadOnly" Informative="true" SystemDefined="true">false</BooleanAttribute><BooleanAttribute Name="UserDeletable" Informative="true" SystemDefined="true">true</BooleanAttribute><BooleanAttribute Name="SetPoint" SystemDefined="true">false</BooleanAttribute></AttributeList><Comment><MultiLanguageText Lang="en-US">!* External fault 2</MultiLanguageText><MultiLanguageText Lang="de-DE">!* External fault 2</MultiLanguageText></Comment></Member><Member Name="3" Datatype="Bool"><AttributeList><IntegerAttribute Name="Offset" Informative="true" SystemDefined="true">2</IntegerAttribute><BooleanAttribute Name="ExternalAccessible" SystemDefined="true">true</BooleanAttribute><BooleanAttribute Name="ExternalVisible" SystemDefined="true">true</BooleanAttribute><BooleanAttribute Name="ExternalWritable" SystemDefined="true">true</BooleanAttribute><BooleanAttribute Name="UserVisible" Informative="true" SystemDefined="true">true</BooleanAttribute><BooleanAttribute Name="UserReadOnly" Informative="true" SystemDefined="true">false</BooleanAttribute><BooleanAttribute Name="UserDeletable" Informative="true" SystemDefined="true">true</BooleanAttribute><BooleanAttribute Name="SetPoint" SystemDefined="true">false</BooleanAttribute></AttributeList><Comment><MultiLanguageText Lang="en-US">!* External fault 3</MultiLanguageText><MultiLanguageText Lang="de-DE">!* External fault 3</MultiLanguageText></Comment></Member><Member Name="4" Datatype="Bool"><AttributeList><IntegerAttribute Name="Offset" Informative="true" SystemDefined="true">3</IntegerAttribute><BooleanAttribute Name="ExternalAccessible" SystemDefined="true">true</BooleanAttribute><BooleanAttribute Name="ExternalVisible" SystemDefined="true">true</BooleanAttribute><BooleanAttribute Name="ExternalWritable" SystemDefined="true">true</BooleanAttribute><BooleanAttribute Name="UserVisible" Informative="true" SystemDefined="true">true</BooleanAttribute><BooleanAttribute Name="UserReadOnly" Informative="true" SystemDefined="true">false</BooleanAttribute><BooleanAttribute Name="UserDeletable" Informative="true" SystemDefined="true">true</BooleanAttribute><BooleanAttribute Name="SetPoint" SystemDefined="true">false</BooleanAttribute></AttributeList><Comment><MultiLanguageText Lang="en-US">!* External fault 4</MultiLanguageText><MultiLanguageText Lang="de-DE">!* External fault 4</MultiLanguageText></Comment></Member><Member Name="5" Datatype="Bool"><AttributeList><IntegerAttribute Name="Offset" Informative="true" SystemDefined="true">4</IntegerAttribute><BooleanAttribute Name="ExternalAccessible" SystemDefined="true">true</BooleanAttribute><BooleanAttribute Name="ExternalVisible" SystemDefined="true">true</BooleanAttribute><BooleanAttribute Name="ExternalWritable" SystemDefined="true">true</BooleanAttribute><BooleanAttribute Name="UserVisible" Informative="true" SystemDefined="true">true</BooleanAttribute><BooleanAttribute Name="UserReadOnly" Informative="true" SystemDefined="true">false</BooleanAttribute><BooleanAttribute Name="UserDeletable" Informative="true" SystemDefined="true">true</BooleanAttribute><BooleanAttribute Name="SetPoint" SystemDefined="true">false</BooleanAttribute></AttributeList><Comment><MultiLanguageText Lang="en-US">!* External fault 5</MultiLanguageText><MultiLanguageText Lang="de-DE">!* External fault 5</MultiLanguageText></Comment></Member><Member Name="6" Datatype="Bool"><AttributeList><IntegerAttribute Name="Offset" Informative="true" SystemDefined="true">5</IntegerAttribute><BooleanAttribute Name="ExternalAccessible" SystemDefined="true">true</BooleanAttribute><BooleanAttribute Name="ExternalVisible" SystemDefined="true">true</BooleanAttribute><BooleanAttribute Name="ExternalWritable" SystemDefined="true">true</BooleanAttribute><BooleanAttribute Name="UserVisible" Informative="true" SystemDefined="true">true</BooleanAttribute><BooleanAttribute Name="UserReadOnly" Informative="true" SystemDefined="true">false</BooleanAttribute><BooleanAttribute Name="UserDeletable" Informative="true" SystemDefined="true">true</BooleanAttribute><BooleanAttribute Name="SetPoint" SystemDefined="true">false</BooleanAttribute></AttributeList><Comment><MultiLanguageText Lang="en-US">!* External fault 6</MultiLanguageText><MultiLanguageText Lang="de-DE">!* External fault 6</MultiLanguageText></Comment></Member><Member Name="7" Datatype="Bool"><AttributeList><IntegerAttribute Name="Offset" Informative="true" SystemDefined="true">6</IntegerAttribute><BooleanAttribute Name="ExternalAccessible" SystemDefined="true">true</BooleanAttribute><BooleanAttribute Name="ExternalVisible" SystemDefined="true">true</BooleanAttribute><BooleanAttribute Name="ExternalWritable" SystemDefined="true">true</BooleanAttribute><BooleanAttribute Name="UserVisible" Informative="true" SystemDefined="true">true</BooleanAttribute><BooleanAttribute Name="UserReadOnly" Informative="true" SystemDefined="true">false</BooleanAttribute><BooleanAttribute Name="UserDeletable" Informative="true" SystemDefined="true">true</BooleanAttribute><BooleanAttribute Name="SetPoint" SystemDefined="true">false</BooleanAttribute></AttributeList><Comment><MultiLanguageText Lang="en-US">!* External fault 7</MultiLanguageText><MultiLanguageText Lang="de-DE">!* External fault 7</MultiLanguageText></Comment></Member><Member Name="8" Datatype="Bool"><AttributeList><IntegerAttribute Name="Offset" Informative="true" SystemDefined="true">7</IntegerAttribute><BooleanAttribute Name="ExternalAccessible" SystemDefined="true">true</BooleanAttribute><BooleanAttribute Name="ExternalVisible" SystemDefined="true">true</BooleanAttribute><BooleanAttribute Name="ExternalWritable" SystemDefined="true">true</BooleanAttribute><BooleanAttribute Name="UserVisible" Informative="true" SystemDefined="true">true</BooleanAttribute><BooleanAttribute Name="UserReadOnly" Informative="true" SystemDefined="true">false</BooleanAttribute><BooleanAttribute Name="UserDeletable" Informative="true" SystemDefined="true">true</BooleanAttribute><BooleanAttribute Name="SetPoint" SystemDefined="true">false</BooleanAttribute></AttributeList><Comment><MultiLanguageText Lang="en-US">!* External fault 8</MultiLanguageText><MultiLanguageText Lang="de-DE">!* External fault 8</MultiLanguageText></Comment></Member><Member Name="9" Datatype="Bool"><AttributeList><IntegerAttribute Name="Offset" Informative="true" SystemDefined="true">8</IntegerAttribute><BooleanAttribute Name="ExternalAccessible" SystemDefined="true">true</BooleanAttribute><BooleanAttribute Name="ExternalVisible" SystemDefined="true">true</BooleanAttribute><BooleanAttribute Name="ExternalWritable" SystemDefined="true">true</BooleanAttribute><BooleanAttribute Name="UserVisible" Informative="true" SystemDefined="true">true</BooleanAttribute><BooleanAttribute Name="UserReadOnly" Informative="true" SystemDefined="true">false</BooleanAttribute><BooleanAttribute Name="UserDeletable" Informative="true" SystemDefined="true">true</BooleanAttribute><BooleanAttribute Name="SetPoint" SystemDefined="true">false</BooleanAttribute></AttributeList><Comment><MultiLanguageText Lang="en-US">!* External fault 9</MultiLanguageText><MultiLanguageText Lang="de-DE">!* External fault 9</MultiLanguageText></Comment></Member><Member Name="10" Datatype="Bool"><AttributeList><IntegerAttribute Name="Offset" Informative="true" SystemDefined="true">9</IntegerAttribute><BooleanAttribute Name="ExternalAccessible" SystemDefined="true">true</BooleanAttribute><BooleanAttribute Name="ExternalVisible" SystemDefined="true">true</BooleanAttribute><BooleanAttribute Name="ExternalWritable" SystemDefined="true">true</BooleanAttribute><BooleanAttribute Name="UserVisible" Informative="true" SystemDefined="true">true</BooleanAttribute><BooleanAttribute Name="UserReadOnly" Informative="true" SystemDefined="true">false</BooleanAttribute><BooleanAttribute Name="UserDeletable" Informative="true" SystemDefined="true">true</BooleanAttribute><BooleanAttribute Name="SetPoint" SystemDefined="true">false</BooleanAttribute></AttributeList><Comment><MultiLanguageText Lang="en-US">!* External fault 10</MultiLanguageText><MultiLanguageText Lang="de-DE">!* External fault 10</MultiLanguageText></Comment></Member><Member Name="11" Datatype="Bool"><AttributeList><IntegerAttribute Name="Offset" Informative="true" SystemDefined="true">10</IntegerAttribute><BooleanAttribute Name="ExternalAccessible" SystemDefined="true">true</BooleanAttribute><BooleanAttribute Name="ExternalVisible" SystemDefined="true">true</BooleanAttribute><BooleanAttribute Name="ExternalWritable" SystemDefined="true">true</BooleanAttribute><BooleanAttribute Name="UserVisible" Informative="true" SystemDefined="true">true</BooleanAttribute><BooleanAttribute Name="UserReadOnly" Informative="true" SystemDefined="true">false</BooleanAttribute><BooleanAttribute Name="UserDeletable" Informative="true" SystemDefined="true">true</BooleanAttribute><BooleanAttribute Name="SetPoint" SystemDefined="true">false</BooleanAttribute></AttributeList><Comment><MultiLanguageText Lang="en-US">!* External fault 11</MultiLanguageText><MultiLanguageText Lang="de-DE">!* External fault 11</MultiLanguageText></Comment></Member><Member Name="12" Datatype="Bool"><AttributeList><IntegerAttribute Name="Offset" Informative="true" SystemDefined="true">11</IntegerAttribute><BooleanAttribute Name="ExternalAccessible" SystemDefined="true">true</BooleanAttribute><BooleanAttribute Name="ExternalVisible" SystemDefined="true">true</BooleanAttribute><BooleanAttribute Name="ExternalWritable" SystemDefined="true">true</BooleanAttribute><BooleanAttribute Name="UserVisible" Informative="true" SystemDefined="true">true</BooleanAttribute><BooleanAttribute Name="UserReadOnly" Informative="true" SystemDefined="true">false</BooleanAttribute><BooleanAttribute Name="UserDeletable" Informative="true" SystemDefined="true">true</BooleanAttribute><BooleanAttribute Name="SetPoint" SystemDefined="true">false</BooleanAttribute></AttributeList><Comment><MultiLanguageText Lang="en-US">!* External fault 12</MultiLanguageText><MultiLanguageText Lang="de-DE">!* External fault 12</MultiLanguageText></Comment></Member><Member Name="13" Datatype="Bool"><AttributeList><IntegerAttribute Name="Offset" Informative="true" SystemDefined="true">12</IntegerAttribute><BooleanAttribute Name="ExternalAccessible" SystemDefined="true">true</BooleanAttribute><BooleanAttribute Name="ExternalVisible" SystemDefined="true">true</BooleanAttribute><BooleanAttribute Name="ExternalWritable" SystemDefined="true">true</BooleanAttribute><BooleanAttribute Name="UserVisible" Informative="true" SystemDefined="true">true</BooleanAttribute><BooleanAttribute Name="UserReadOnly" Informative="true" SystemDefined="true">false</BooleanAttribute><BooleanAttribute Name="UserDeletable" Informative="true" SystemDefined="true">true</BooleanAttribute><BooleanAttribute Name="SetPoint" SystemDefined="true">false</BooleanAttribute></AttributeList><Comment><MultiLanguageText Lang="en-US">!* External fault 13</MultiLanguageText><MultiLanguageText Lang="de-DE">!* External fault 13</MultiLanguageText></Comment></Member><Member Name="14" Datatype="Bool"><AttributeList><IntegerAttribute Name="Offset" Informative="true" SystemDefined="true">13</IntegerAttribute><BooleanAttribute Name="ExternalAccessible" SystemDefined="true">true</BooleanAttribute><BooleanAttribute Name="ExternalVisible" SystemDefined="true">true</BooleanAttribute><BooleanAttribute Name="ExternalWritable" SystemDefined="true">true</BooleanAttribute><BooleanAttribute Name="UserVisible" Informative="true" SystemDefined="true">true</BooleanAttribute><BooleanAttribute Name="UserReadOnly" Informative="true" SystemDefined="true">false</BooleanAttribute><BooleanAttribute Name="UserDeletable" Informative="true" SystemDefined="true">true</BooleanAttribute><BooleanAttribute Name="SetPoint" SystemDefined="true">false</BooleanAttribute></AttributeList><Comment><MultiLanguageText Lang="en-US">!* External fault 14</MultiLanguageText><MultiLanguageText Lang="de-DE">!* External fault 14</MultiLanguageText></Comment></Member><Member Name="15" Datatype="Bool"><AttributeList><IntegerAttribute Name="Offset" Informative="true" SystemDefined="true">14</IntegerAttribute><BooleanAttribute Name="ExternalAccessible" SystemDefined="true">true</BooleanAttribute><BooleanAttribute Name="ExternalVisible" SystemDefined="true">true</BooleanAttribute><BooleanAttribute Name="ExternalWritable" SystemDefined="true">true</BooleanAttribute><BooleanAttribute Name="UserVisible" Informative="true" SystemDefined="true">true</BooleanAttribute><BooleanAttribute Name="UserReadOnly" Informative="true" SystemDefined="true">false</BooleanAttribute><BooleanAttribute Name="UserDeletable" Informative="true" SystemDefined="true">true</BooleanAttribute><BooleanAttribute Name="SetPoint" SystemDefined="true">false</BooleanAttribute></AttributeList><Comment><MultiLanguageText Lang="en-US">!* External fault 15</MultiLanguageText><MultiLanguageText Lang="de-DE">!* External fault 15</MultiLanguageText></Comment></Member><Member Name="16" Datatype="Bool"><AttributeList><IntegerAttribute Name="Offset" Informative="true" SystemDefined="true">15</IntegerAttribute><BooleanAttribute Name="ExternalAccessible" SystemDefined="true">true</BooleanAttribute><BooleanAttribute Name="ExternalVisible" SystemDefined="true">true</BooleanAttribute><BooleanAttribute Name="ExternalWritable" SystemDefined="true">true</BooleanAttribute><BooleanAttribute Name="UserVisible" Informative="true" SystemDefined="true">true</BooleanAttribute><BooleanAttribute Name="UserReadOnly" Informative="true" SystemDefined="true">false</BooleanAttribute><BooleanAttribute Name="UserDeletable" Informative="true" SystemDefined="true">true</BooleanAttribute><BooleanAttribute Name="SetPoint" SystemDefined="true">false</BooleanAttribute></AttributeList><Comment><MultiLanguageText Lang="en-US">!* External fault 16</MultiLanguageText><MultiLanguageText Lang="de-DE">!* External fault 16</MultiLanguageText></Comment></Member></Member>
    <Member Name="Masks" Datatype="Struct" Remanence="Retain" Accessibility="Public"><AttributeList><IntegerAttribute Name="Offset" Informative="true" SystemDefined="true">208</IntegerAttribute><BooleanAttribute Name="ExternalAccessible" SystemDefined="true">true</BooleanAttribute><BooleanAttribute Name="ExternalVisible" SystemDefined="true">true</BooleanAttribute><BooleanAttribute Name="ExternalWritable" SystemDefined="true">true</BooleanAttribute><BooleanAttribute Name="UserVisible" Informative="true" SystemDefined="true">true</BooleanAttribute><BooleanAttribute Name="UserReadOnly" Informative="true" SystemDefined="true">false</BooleanAttribute><BooleanAttribute Name="UserDeletable" Informative="true" SystemDefined="true">true</BooleanAttribute><BooleanAttribute Name="SetPoint" SystemDefined="true">false</BooleanAttribute></AttributeList><Comment><MultiLanguageText Lang="en-US">Masks external faults</MultiLanguageText><MultiLanguageText Lang="de-DE">Masks external faults</MultiLanguageText></Comment><Member Name="prodRelevantFault1_8" Datatype="Byte"><AttributeList><IntegerAttribute Name="Offset" Informative="true" SystemDefined="true">0</IntegerAttribute><BooleanAttribute Name="ExternalAccessible" SystemDefined="true">true</BooleanAttribute><BooleanAttribute Name="ExternalVisible" SystemDefined="true">true</BooleanAttribute><BooleanAttribute Name="ExternalWritable" SystemDefined="true">true</BooleanAttribute><BooleanAttribute Name="UserVisible" Informative="true" SystemDefined="true">true</BooleanAttribute><BooleanAttribute Name="UserReadOnly" Informative="true" SystemDefined="true">false</BooleanAttribute><BooleanAttribute Name="UserDeletable" Informative="true" SystemDefined="true">true</BooleanAttribute><BooleanAttribute Name="SetPoint" SystemDefined="true">false</BooleanAttribute></AttributeList><Comment><MultiLanguageText Lang="en-US">* Mask external fault 1-8 (0=production-rel.)</MultiLanguageText><MultiLanguageText Lang="de-DE">* Mask external fault 1-8 (0=production-rel.)</MultiLanguageText></Comment></Member><Member Name="prodRelevantFault9_16" Datatype="Byte"><AttributeList><IntegerAttribute Name="Offset" Informative="true" SystemDefined="true">8</IntegerAttribute><BooleanAttribute Name="ExternalAccessible" SystemDefined="true">true</BooleanAttribute><BooleanAttribute Name="ExternalVisible" SystemDefined="true">true</BooleanAttribute><BooleanAttribute Name="ExternalWritable" SystemDefined="true">true</BooleanAttribute><BooleanAttribute Name="UserVisible" Informative="true" SystemDefined="true">true</BooleanAttribute><BooleanAttribute Name="UserReadOnly" Informative="true" SystemDefined="true">false</BooleanAttribute><BooleanAttribute Name="UserDeletable" Informative="true" SystemDefined="true">true</BooleanAttribute><BooleanAttribute Name="SetPoint" SystemDefined="true">false</BooleanAttribute></AttributeList><Comment><MultiLanguageText Lang="en-US">* Mask external fault 9-16 (0=production-rel.)</MultiLanguageText><MultiLanguageText Lang="de-DE">* Mask external fault 9-16 (0=production-rel.)</MultiLanguageText></Comment></Member></Member>
    <Member Name="GroupMessages" Datatype="Struct" Remanence="Retain" Accessibility="Public"><AttributeList><IntegerAttribute Name="Offset" Informative="true" SystemDefined="true">224</IntegerAttribute><BooleanAttribute Name="ExternalAccessible" SystemDefined="true">true</BooleanAttribute><BooleanAttribute Name="ExternalVisible" SystemDefined="true">true</BooleanAttribute><BooleanAttribute Name="ExternalWritable" SystemDefined="true">true</BooleanAttribute><BooleanAttribute Name="UserVisible" Informative="true" SystemDefined="true">true</BooleanAttribute><BooleanAttribute Name="UserReadOnly" Informative="true" SystemDefined="true">false</BooleanAttribute><BooleanAttribute Name="UserDeletable" Informative="true" SystemDefined="true">true</BooleanAttribute><BooleanAttribute Name="SetPoint" SystemDefined="true">false</BooleanAttribute></AttributeList><Comment><MultiLanguageText Lang="en-US">Group messages</MultiLanguageText><MultiLanguageText Lang="de-DE">Group messages</MultiLanguageText></Comment><Member Name="groupMessageFault1_8" Datatype="Bool"><AttributeList><IntegerAttribute Name="Offset" Informative="true" SystemDefined="true">0</IntegerAttribute><BooleanAttribute Name="ExternalAccessible" SystemDefined="true">true</BooleanAttribute><BooleanAttribute Name="ExternalVisible" SystemDefined="true">true</BooleanAttribute><BooleanAttribute Name="ExternalWritable" SystemDefined="true">true</BooleanAttribute><BooleanAttribute Name="UserVisible" Informative="true" SystemDefined="true">true</BooleanAttribute><BooleanAttribute Name="UserReadOnly" Informative="true" SystemDefined="true">false</BooleanAttribute><BooleanAttribute Name="UserDeletable" Informative="true" SystemDefined="true">true</BooleanAttribute><BooleanAttribute Name="SetPoint" SystemDefined="true">false</BooleanAttribute></AttributeList><Comment><MultiLanguageText Lang="en-US">Group message external fault 1-8</MultiLanguageText><MultiLanguageText Lang="de-DE">Group message external fault 1-8</MultiLanguageText></Comment></Member><Member Name="groupMessageFault9_16" Datatype="Bool"><AttributeList><IntegerAttribute Name="Offset" Informative="true" SystemDefined="true">1</IntegerAttribute><BooleanAttribute Name="ExternalAccessible" SystemDefined="true">true</BooleanAttribute><BooleanAttribute Name="ExternalVisible" SystemDefined="true">true</BooleanAttribute><BooleanAttribute Name="ExternalWritable" SystemDefined="true">true</BooleanAttribute><BooleanAttribute Name="UserVisible" Informative="true" SystemDefined="true">true</BooleanAttribute><BooleanAttribute Name="UserReadOnly" Informative="true" SystemDefined="true">false</BooleanAttribute><BooleanAttribute Name="UserDeletable" Informative="true" SystemDefined="true">true</BooleanAttribute><BooleanAttribute Name="SetPoint" SystemDefined="true">false</BooleanAttribute></AttributeList><Comment><MultiLanguageText Lang="en-US">Group message external fault 9-16</MultiLanguageText><MultiLanguageText Lang="de-DE">Group message external fault 9-16</MultiLanguageText></Comment></Member></Member>
  </Section>
</Sections></Interface>
      <InterfaceModifiedDate ReadOnly="true">2023-06-23T13:40:27.4121979Z</InterfaceModifiedDate>
      <IsConsistent ReadOnly="true">true</IsConsistent>
      <IsKnowHowProtected ReadOnly="true">false</IsKnowHowProtected>
      <IsOnlyStoredInLoadMemory>false</IsOnlyStoredInLoadMemory>
      <IsPLCDB ReadOnly="true">false</IsPLCDB>
      <IsWriteProtectedInAS>false</IsWriteProtectedInAS>
      <MemoryLayout>Standard</MemoryLayout>
      <ModifiedDate ReadOnly="true">2023-06-23T14:31:02.9582033Z</ModifiedDate>
      <Name>FGDB_001EK_111@AddOn</Name>
      <Number>232</Number>
      <ParameterModified ReadOnly="true">2023-06-23T13:40:27.4121979Z</ParameterModified>
      <ProgrammingLanguage>DB</ProgrammingLanguage>
      <StructureModified ReadOnly="true">2023-06-23T13:40:27.4121979Z</StructureModified>
    </AttributeList>
    <ObjectList>
      <MultilingualText ID="1" CompositionName="Comment">
        <ObjectList>
          <MultilingualTextItem ID="2" CompositionName="Items">
            <AttributeList>
              <Culture>en-US</Culture>
              <Text />
            </AttributeList>
          </MultilingualTextItem>
          <MultilingualTextItem ID="3" CompositionName="Items">
            <AttributeList>
              <Culture>de-DE</Culture>
              <Text />
            </AttributeList>
          </MultilingualTextItem>
        </ObjectList>
      </MultilingualText>
      <MultilingualText ID="4" CompositionName="Title">
        <ObjectList>
          <MultilingualTextItem ID="5" CompositionName="Items">
            <AttributeList>
              <Culture>en-US</Culture>
              <Text />
            </AttributeList>
          </MultilingualTextItem>
          <MultilingualTextItem ID="6" CompositionName="Items">
            <AttributeList>
              <Culture>de-DE</Culture>
              <Text />
            </AttributeList>
          </MultilingualTextItem>
        </ObjectList>
      </MultilingualText>
    </ObjectList>
  </SW.Blocks.GlobalDB>
</Document>