﻿<?xml version="1.0" encoding="utf-8"?>
<Document>
  <Engineering version="V16" />
  <DocumentInfo>
    <Created>2025-05-12T11:27:43.8689514Z</Created>
    <ExportSetting>WithDefaults, WithReadOnly</ExportSetting>
    <InstalledProducts>
      <Product>
        <DisplayName>Totally Integrated Automation Portal</DisplayName>
        <DisplayVersion>V16 Update 7</DisplayVersion>
      </Product>
      <OptionPackage>
        <DisplayName>TIA Portal Version Control Interface</DisplayName>
        <DisplayVersion>V16 Update 2</DisplayVersion>
      </OptionPackage>
      <OptionPackage>
        <DisplayName>TIA Portal Openness</DisplayName>
        <DisplayVersion>V16 Update 7</DisplayVersion>
      </OptionPackage>
      <Product>
        <DisplayName>SINAMICS Startdrive Advanced</DisplayName>
        <DisplayVersion>V16 Update 5</DisplayVersion>
      </Product>
      <OptionPackage>
        <DisplayName>SINAMICS Startdrive G130, G150, S120, S150, SINAMICS MV, S210</DisplayName>
        <DisplayVersion>V16 Update 5</DisplayVersion>
      </OptionPackage>
      <OptionPackage>
        <DisplayName>SINAMICS Startdrive G110M, G120, G120C, G120D, G120P, G115D</DisplayName>
        <DisplayVersion>V16 Update 5</DisplayVersion>
      </OptionPackage>
      <Product>
        <DisplayName>STEP 7 Professional</DisplayName>
        <DisplayVersion>V16 Update 7</DisplayVersion>
      </Product>
      <OptionPackage>
        <DisplayName>STEP 7 Safety</DisplayName>
        <DisplayVersion>V16 Update 7</DisplayVersion>
      </OptionPackage>
      <Product>
        <DisplayName>WinCC Advanced</DisplayName>
        <DisplayVersion>V16 Update 7</DisplayVersion>
      </Product>
      <OptionPackage>
        <DisplayName>SIMATIC Visualization Architect</DisplayName>
        <DisplayVersion>V16</DisplayVersion>
      </OptionPackage>
    </InstalledProducts>
  </DocumentInfo>
  <SW.Blocks.InstanceDB ID="0">
    <AttributeList>
      <AutoNumber>true</AutoNumber>
      <CodeModifiedDate ReadOnly="true">2023-07-05T08:37:50.4768951Z</CodeModifiedDate>
      <CompileDate ReadOnly="true">2023-07-13T07:25:29.6610967Z</CompileDate>
      <CreationDate ReadOnly="true">2023-07-05T08:37:50.3672987Z</CreationDate>
      <DBAccessibleFromOPCUA>true</DBAccessibleFromOPCUA>
      <HeaderAuthor>integra</HeaderAuthor>
      <HeaderFamily />
      <HeaderName />
      <HeaderVersion>1.0</HeaderVersion>
      <InstanceOfName>iAF_COM_TCP_TLG_LOG</InstanceOfName>
      <InstanceOfNumber ReadOnly="true">29</InstanceOfNumber>
      <InstanceOfType>FB</InstanceOfType>
      <Interface><Sections xmlns="http://www.siemens.com/automation/Openness/SW/Interface/v4">
  <Section Name="Input">
    <Member Name="connectionNumber" Datatype="String[2]" Remanence="Retain" Accessibility="Public"><AttributeList><IntegerAttribute Name="Offset" Informative="true" SystemDefined="true">0</IntegerAttribute><BooleanAttribute Name="ExternalAccessible" SystemDefined="true">true</BooleanAttribute><BooleanAttribute Name="ExternalVisible" SystemDefined="true">true</BooleanAttribute><BooleanAttribute Name="ExternalWritable" SystemDefined="true">true</BooleanAttribute><BooleanAttribute Name="UserVisible" Informative="true" SystemDefined="true">true</BooleanAttribute><BooleanAttribute Name="UserReadOnly" Informative="true" SystemDefined="true">false</BooleanAttribute><BooleanAttribute Name="UserDeletable" Informative="true" SystemDefined="true">true</BooleanAttribute></AttributeList></Member>
  </Section>
  <Section Name="Output" />
  <Section Name="InOut">
    <Member Name="IfcTLG" Datatype="&quot;iUDT_IFC_TLG&quot;" Remanence="Retain" Accessibility="Public"><AttributeList><IntegerAttribute Name="Offset" Informative="true" SystemDefined="true">32</IntegerAttribute><BooleanAttribute Name="UserVisible" Informative="true" SystemDefined="true">true</BooleanAttribute><BooleanAttribute Name="UserReadOnly" Informative="true" SystemDefined="true">false</BooleanAttribute><BooleanAttribute Name="UserDeletable" Informative="true" SystemDefined="true">true</BooleanAttribute></AttributeList><Sections><Section Name="None"><Member Name="sendList_start" Datatype="Int"><AttributeList><IntegerAttribute Name="Offset" Informative="true" SystemDefined="true">0</IntegerAttribute></AttributeList></Member><Member Name="sendList_end" Datatype="Int"><AttributeList><IntegerAttribute Name="Offset" Informative="true" SystemDefined="true">16</IntegerAttribute></AttributeList></Member><Member Name="sendList_error" Datatype="Int"><AttributeList><IntegerAttribute Name="Offset" Informative="true" SystemDefined="true">32</IntegerAttribute></AttributeList></Member><Member Name="recvList_start" Datatype="Int"><AttributeList><IntegerAttribute Name="Offset" Informative="true" SystemDefined="true">48</IntegerAttribute></AttributeList></Member><Member Name="recvList_end" Datatype="Int"><AttributeList><IntegerAttribute Name="Offset" Informative="true" SystemDefined="true">64</IntegerAttribute></AttributeList></Member><Member Name="recvList_error" Datatype="Int"><AttributeList><IntegerAttribute Name="Offset" Informative="true" SystemDefined="true">80</IntegerAttribute></AttributeList></Member><Member Name="send" Datatype="Array[1..100] of Struct"><AttributeList><IntegerAttribute Name="Offset" Informative="true" SystemDefined="true">96</IntegerAttribute><IntegerAttribute Name="PaddedSize" Informative="true" SystemDefined="true">464</IntegerAttribute></AttributeList><Member Name="DbName" Datatype="String[32]"><AttributeList><IntegerAttribute Name="Offset" Informative="true" SystemDefined="true">0</IntegerAttribute></AttributeList></Member><Member Name="DBsend" Datatype="DB_ANY"><AttributeList><IntegerAttribute Name="Offset" Informative="true" SystemDefined="true">272</IntegerAttribute></AttributeList></Member><Member Name="HEAD" Datatype="Struct"><AttributeList><IntegerAttribute Name="Offset" Informative="true" SystemDefined="true">288</IntegerAttribute></AttributeList><Member Name="DS" Datatype="Int"><AttributeList><IntegerAttribute Name="Offset" Informative="true" SystemDefined="true">0</IntegerAttribute></AttributeList></Member><Member Name="Len" Datatype="UDInt"><AttributeList><IntegerAttribute Name="Offset" Informative="true" SystemDefined="true">16</IntegerAttribute></AttributeList></Member></Member><Member Name="Header" Datatype="&quot;iUDT_TLG_HEADER&quot;"><AttributeList><IntegerAttribute Name="Offset" Informative="true" SystemDefined="true">336</IntegerAttribute></AttributeList><Sections><Section Name="None"><Member Name="lbc_1" Datatype="Char"><AttributeList><IntegerAttribute Name="Offset" Informative="true" SystemDefined="true">0</IntegerAttribute></AttributeList></Member><Member Name="lbc_2" Datatype="Char"><AttributeList><IntegerAttribute Name="Offset" Informative="true" SystemDefined="true">8</IntegerAttribute></AttributeList></Member><Member Name="lbc_3" Datatype="Char"><AttributeList><IntegerAttribute Name="Offset" Informative="true" SystemDefined="true">16</IntegerAttribute></AttributeList></Member><Member Name="lbc_4" Datatype="Char"><AttributeList><IntegerAttribute Name="Offset" Informative="true" SystemDefined="true">24</IntegerAttribute></AttributeList></Member><Member Name="len_1" Datatype="Char"><AttributeList><IntegerAttribute Name="Offset" Informative="true" SystemDefined="true">32</IntegerAttribute></AttributeList></Member><Member Name="len_2" Datatype="Char"><AttributeList><IntegerAttribute Name="Offset" Informative="true" SystemDefined="true">40</IntegerAttribute></AttributeList></Member><Member Name="len_3" Datatype="Char"><AttributeList><IntegerAttribute Name="Offset" Informative="true" SystemDefined="true">48</IntegerAttribute></AttributeList></Member><Member Name="len_4" Datatype="Char"><AttributeList><IntegerAttribute Name="Offset" Informative="true" SystemDefined="true">56</IntegerAttribute></AttributeList></Member><Member Name="len_5" Datatype="Char"><AttributeList><IntegerAttribute Name="Offset" Informative="true" SystemDefined="true">64</IntegerAttribute></AttributeList></Member><Member Name="typ" Datatype="Char"><AttributeList><IntegerAttribute Name="Offset" Informative="true" SystemDefined="true">72</IntegerAttribute></AttributeList></Member><Member Name="source" Datatype="Char"><AttributeList><IntegerAttribute Name="Offset" Informative="true" SystemDefined="true">80</IntegerAttribute></AttributeList></Member><Member Name="dest" Datatype="Char"><AttributeList><IntegerAttribute Name="Offset" Informative="true" SystemDefined="true">88</IntegerAttribute></AttributeList></Member><Member Name="dc_1" Datatype="Char"><AttributeList><IntegerAttribute Name="Offset" Informative="true" SystemDefined="true">96</IntegerAttribute></AttributeList></Member><Member Name="dc_2" Datatype="Char"><AttributeList><IntegerAttribute Name="Offset" Informative="true" SystemDefined="true">104</IntegerAttribute></AttributeList></Member><Member Name="dc_3" Datatype="Char"><AttributeList><IntegerAttribute Name="Offset" Informative="true" SystemDefined="true">112</IntegerAttribute></AttributeList></Member><Member Name="dc_4" Datatype="Char"><AttributeList><IntegerAttribute Name="Offset" Informative="true" SystemDefined="true">120</IntegerAttribute></AttributeList></Member></Section></Sections></Member></Member><Member Name="recv" Datatype="Array[1..100] of Struct"><AttributeList><IntegerAttribute Name="Offset" Informative="true" SystemDefined="true">46496</IntegerAttribute><IntegerAttribute Name="PaddedSize" Informative="true" SystemDefined="true">496</IntegerAttribute></AttributeList><Member Name="DbName" Datatype="String[32]"><AttributeList><IntegerAttribute Name="Offset" Informative="true" SystemDefined="true">0</IntegerAttribute></AttributeList></Member><Member Name="DBreceive" Datatype="DB_ANY"><AttributeList><IntegerAttribute Name="Offset" Informative="true" SystemDefined="true">272</IntegerAttribute></AttributeList></Member><Member Name="maxLength" Datatype="UDInt"><AttributeList><IntegerAttribute Name="Offset" Informative="true" SystemDefined="true">288</IntegerAttribute></AttributeList></Member><Member Name="HEAD" Datatype="Struct"><AttributeList><IntegerAttribute Name="Offset" Informative="true" SystemDefined="true">320</IntegerAttribute></AttributeList><Member Name="DS" Datatype="Int"><AttributeList><IntegerAttribute Name="Offset" Informative="true" SystemDefined="true">0</IntegerAttribute></AttributeList></Member><Member Name="Len" Datatype="UDInt"><AttributeList><IntegerAttribute Name="Offset" Informative="true" SystemDefined="true">16</IntegerAttribute></AttributeList></Member></Member><Member Name="Header" Datatype="&quot;iUDT_TLG_HEADER&quot;"><AttributeList><IntegerAttribute Name="Offset" Informative="true" SystemDefined="true">368</IntegerAttribute></AttributeList><Sections><Section Name="None"><Member Name="lbc_1" Datatype="Char"><AttributeList><IntegerAttribute Name="Offset" Informative="true" SystemDefined="true">0</IntegerAttribute></AttributeList></Member><Member Name="lbc_2" Datatype="Char"><AttributeList><IntegerAttribute Name="Offset" Informative="true" SystemDefined="true">8</IntegerAttribute></AttributeList></Member><Member Name="lbc_3" Datatype="Char"><AttributeList><IntegerAttribute Name="Offset" Informative="true" SystemDefined="true">16</IntegerAttribute></AttributeList></Member><Member Name="lbc_4" Datatype="Char"><AttributeList><IntegerAttribute Name="Offset" Informative="true" SystemDefined="true">24</IntegerAttribute></AttributeList></Member><Member Name="len_1" Datatype="Char"><AttributeList><IntegerAttribute Name="Offset" Informative="true" SystemDefined="true">32</IntegerAttribute></AttributeList></Member><Member Name="len_2" Datatype="Char"><AttributeList><IntegerAttribute Name="Offset" Informative="true" SystemDefined="true">40</IntegerAttribute></AttributeList></Member><Member Name="len_3" Datatype="Char"><AttributeList><IntegerAttribute Name="Offset" Informative="true" SystemDefined="true">48</IntegerAttribute></AttributeList></Member><Member Name="len_4" Datatype="Char"><AttributeList><IntegerAttribute Name="Offset" Informative="true" SystemDefined="true">56</IntegerAttribute></AttributeList></Member><Member Name="len_5" Datatype="Char"><AttributeList><IntegerAttribute Name="Offset" Informative="true" SystemDefined="true">64</IntegerAttribute></AttributeList></Member><Member Name="typ" Datatype="Char"><AttributeList><IntegerAttribute Name="Offset" Informative="true" SystemDefined="true">72</IntegerAttribute></AttributeList></Member><Member Name="source" Datatype="Char"><AttributeList><IntegerAttribute Name="Offset" Informative="true" SystemDefined="true">80</IntegerAttribute></AttributeList></Member><Member Name="dest" Datatype="Char"><AttributeList><IntegerAttribute Name="Offset" Informative="true" SystemDefined="true">88</IntegerAttribute></AttributeList></Member><Member Name="dc_1" Datatype="Char"><AttributeList><IntegerAttribute Name="Offset" Informative="true" SystemDefined="true">96</IntegerAttribute></AttributeList></Member><Member Name="dc_2" Datatype="Char"><AttributeList><IntegerAttribute Name="Offset" Informative="true" SystemDefined="true">104</IntegerAttribute></AttributeList></Member><Member Name="dc_3" Datatype="Char"><AttributeList><IntegerAttribute Name="Offset" Informative="true" SystemDefined="true">112</IntegerAttribute></AttributeList></Member><Member Name="dc_4" Datatype="Char"><AttributeList><IntegerAttribute Name="Offset" Informative="true" SystemDefined="true">120</IntegerAttribute></AttributeList></Member></Section></Sections></Member></Member></Section></Sections></Member>
    <Member Name="ifcTlgLog" Datatype="&quot;iUDT_IFC_TLG_LOG&quot;" Remanence="Retain" Accessibility="Public"><AttributeList><IntegerAttribute Name="Offset" Informative="true" SystemDefined="true">80</IntegerAttribute><BooleanAttribute Name="UserVisible" Informative="true" SystemDefined="true">true</BooleanAttribute><BooleanAttribute Name="UserReadOnly" Informative="true" SystemDefined="true">false</BooleanAttribute><BooleanAttribute Name="UserDeletable" Informative="true" SystemDefined="true">true</BooleanAttribute></AttributeList><Sections><Section Name="None"><Member Name="receiveTlgNo" Datatype="Int"><AttributeList><IntegerAttribute Name="Offset" Informative="true" SystemDefined="true">0</IntegerAttribute></AttributeList></Member><Member Name="sendTlgNo" Datatype="Int"><AttributeList><IntegerAttribute Name="Offset" Informative="true" SystemDefined="true">16</IntegerAttribute></AttributeList></Member><Member Name="recvConfTlg" Datatype="Bool"><AttributeList><IntegerAttribute Name="Offset" Informative="true" SystemDefined="true">32</IntegerAttribute></AttributeList></Member><Member Name="sendConfTlg" Datatype="Bool"><AttributeList><IntegerAttribute Name="Offset" Informative="true" SystemDefined="true">33</IntegerAttribute></AttributeList></Member><Member Name="enableTlgLog" Datatype="Bool"><AttributeList><IntegerAttribute Name="Offset" Informative="true" SystemDefined="true">34</IntegerAttribute></AttributeList></Member><Member Name="SEND_CONF" Datatype="Struct"><AttributeList><IntegerAttribute Name="Offset" Informative="true" SystemDefined="true">48</IntegerAttribute></AttributeList><Member Name="header" Datatype="Struct"><AttributeList><IntegerAttribute Name="Offset" Informative="true" SystemDefined="true">0</IntegerAttribute></AttributeList><Member Name="Q" Datatype="Char"><AttributeList><IntegerAttribute Name="Offset" Informative="true" SystemDefined="true">0</IntegerAttribute></AttributeList></Member><Member Name="z" Datatype="Char"><AttributeList><IntegerAttribute Name="Offset" Informative="true" SystemDefined="true">8</IntegerAttribute></AttributeList></Member><Member Name="g_1" Datatype="Char"><AttributeList><IntegerAttribute Name="Offset" Informative="true" SystemDefined="true">16</IntegerAttribute></AttributeList></Member><Member Name="g_2" Datatype="Char"><AttributeList><IntegerAttribute Name="Offset" Informative="true" SystemDefined="true">24</IntegerAttribute></AttributeList></Member><Member Name="g_3" Datatype="Char"><AttributeList><IntegerAttribute Name="Offset" Informative="true" SystemDefined="true">32</IntegerAttribute></AttributeList></Member><Member Name="lbc_1" Datatype="Char"><AttributeList><IntegerAttribute Name="Offset" Informative="true" SystemDefined="true">40</IntegerAttribute></AttributeList></Member><Member Name="lbc_2" Datatype="Char"><AttributeList><IntegerAttribute Name="Offset" Informative="true" SystemDefined="true">48</IntegerAttribute></AttributeList></Member><Member Name="lbc_3" Datatype="Char"><AttributeList><IntegerAttribute Name="Offset" Informative="true" SystemDefined="true">56</IntegerAttribute></AttributeList></Member><Member Name="lbc_4" Datatype="Char"><AttributeList><IntegerAttribute Name="Offset" Informative="true" SystemDefined="true">64</IntegerAttribute></AttributeList></Member><Member Name="typ" Datatype="Char"><AttributeList><IntegerAttribute Name="Offset" Informative="true" SystemDefined="true">72</IntegerAttribute></AttributeList></Member><Member Name="source" Datatype="Char"><AttributeList><IntegerAttribute Name="Offset" Informative="true" SystemDefined="true">80</IntegerAttribute></AttributeList></Member><Member Name="dest" Datatype="Char"><AttributeList><IntegerAttribute Name="Offset" Informative="true" SystemDefined="true">88</IntegerAttribute></AttributeList></Member><Member Name="dc_1" Datatype="Char"><AttributeList><IntegerAttribute Name="Offset" Informative="true" SystemDefined="true">96</IntegerAttribute></AttributeList></Member><Member Name="dc_2" Datatype="Char"><AttributeList><IntegerAttribute Name="Offset" Informative="true" SystemDefined="true">104</IntegerAttribute></AttributeList></Member><Member Name="dc_3" Datatype="Char"><AttributeList><IntegerAttribute Name="Offset" Informative="true" SystemDefined="true">112</IntegerAttribute></AttributeList></Member><Member Name="dc_4" Datatype="Char"><AttributeList><IntegerAttribute Name="Offset" Informative="true" SystemDefined="true">120</IntegerAttribute></AttributeList></Member></Member><Member Name="End_mark" Datatype="Word"><AttributeList><IntegerAttribute Name="Offset" Informative="true" SystemDefined="true">128</IntegerAttribute></AttributeList></Member></Member><Member Name="RECV_CONF" Datatype="Struct"><AttributeList><IntegerAttribute Name="Offset" Informative="true" SystemDefined="true">192</IntegerAttribute></AttributeList><Member Name="Q" Datatype="Char"><AttributeList><IntegerAttribute Name="Offset" Informative="true" SystemDefined="true">0</IntegerAttribute></AttributeList></Member><Member Name="z" Datatype="Char"><AttributeList><IntegerAttribute Name="Offset" Informative="true" SystemDefined="true">8</IntegerAttribute></AttributeList></Member><Member Name="g_1" Datatype="Char"><AttributeList><IntegerAttribute Name="Offset" Informative="true" SystemDefined="true">16</IntegerAttribute></AttributeList></Member><Member Name="g_2" Datatype="Char"><AttributeList><IntegerAttribute Name="Offset" Informative="true" SystemDefined="true">24</IntegerAttribute></AttributeList></Member><Member Name="g_3" Datatype="Char"><AttributeList><IntegerAttribute Name="Offset" Informative="true" SystemDefined="true">32</IntegerAttribute></AttributeList></Member><Member Name="lbc_1" Datatype="Char"><AttributeList><IntegerAttribute Name="Offset" Informative="true" SystemDefined="true">40</IntegerAttribute></AttributeList></Member><Member Name="lbc_2" Datatype="Char"><AttributeList><IntegerAttribute Name="Offset" Informative="true" SystemDefined="true">48</IntegerAttribute></AttributeList></Member><Member Name="lbc_3" Datatype="Char"><AttributeList><IntegerAttribute Name="Offset" Informative="true" SystemDefined="true">56</IntegerAttribute></AttributeList></Member><Member Name="lbc_4" Datatype="Char"><AttributeList><IntegerAttribute Name="Offset" Informative="true" SystemDefined="true">64</IntegerAttribute></AttributeList></Member><Member Name="typ" Datatype="Char"><AttributeList><IntegerAttribute Name="Offset" Informative="true" SystemDefined="true">72</IntegerAttribute></AttributeList></Member><Member Name="source" Datatype="Char"><AttributeList><IntegerAttribute Name="Offset" Informative="true" SystemDefined="true">80</IntegerAttribute></AttributeList></Member><Member Name="dest" Datatype="Char"><AttributeList><IntegerAttribute Name="Offset" Informative="true" SystemDefined="true">88</IntegerAttribute></AttributeList></Member><Member Name="dc_1" Datatype="Char"><AttributeList><IntegerAttribute Name="Offset" Informative="true" SystemDefined="true">96</IntegerAttribute></AttributeList></Member><Member Name="dc_2" Datatype="Char"><AttributeList><IntegerAttribute Name="Offset" Informative="true" SystemDefined="true">104</IntegerAttribute></AttributeList></Member><Member Name="dc_3" Datatype="Char"><AttributeList><IntegerAttribute Name="Offset" Informative="true" SystemDefined="true">112</IntegerAttribute></AttributeList></Member><Member Name="dc_4" Datatype="Char"><AttributeList><IntegerAttribute Name="Offset" Informative="true" SystemDefined="true">120</IntegerAttribute></AttributeList></Member></Member><Member Name="RECV_SYNS" Datatype="Struct"><AttributeList><IntegerAttribute Name="Offset" Informative="true" SystemDefined="true">320</IntegerAttribute></AttributeList><Member Name="Header" Datatype="&quot;iUDT_TLG_HEADER&quot;"><AttributeList><IntegerAttribute Name="Offset" Informative="true" SystemDefined="true">0</IntegerAttribute></AttributeList><Sections><Section Name="None"><Member Name="lbc_1" Datatype="Char"><AttributeList><IntegerAttribute Name="Offset" Informative="true" SystemDefined="true">0</IntegerAttribute></AttributeList></Member><Member Name="lbc_2" Datatype="Char"><AttributeList><IntegerAttribute Name="Offset" Informative="true" SystemDefined="true">8</IntegerAttribute></AttributeList></Member><Member Name="lbc_3" Datatype="Char"><AttributeList><IntegerAttribute Name="Offset" Informative="true" SystemDefined="true">16</IntegerAttribute></AttributeList></Member><Member Name="lbc_4" Datatype="Char"><AttributeList><IntegerAttribute Name="Offset" Informative="true" SystemDefined="true">24</IntegerAttribute></AttributeList></Member><Member Name="len_1" Datatype="Char"><AttributeList><IntegerAttribute Name="Offset" Informative="true" SystemDefined="true">32</IntegerAttribute></AttributeList></Member><Member Name="len_2" Datatype="Char"><AttributeList><IntegerAttribute Name="Offset" Informative="true" SystemDefined="true">40</IntegerAttribute></AttributeList></Member><Member Name="len_3" Datatype="Char"><AttributeList><IntegerAttribute Name="Offset" Informative="true" SystemDefined="true">48</IntegerAttribute></AttributeList></Member><Member Name="len_4" Datatype="Char"><AttributeList><IntegerAttribute Name="Offset" Informative="true" SystemDefined="true">56</IntegerAttribute></AttributeList></Member><Member Name="len_5" Datatype="Char"><AttributeList><IntegerAttribute Name="Offset" Informative="true" SystemDefined="true">64</IntegerAttribute></AttributeList></Member><Member Name="typ" Datatype="Char"><AttributeList><IntegerAttribute Name="Offset" Informative="true" SystemDefined="true">72</IntegerAttribute></AttributeList></Member><Member Name="source" Datatype="Char"><AttributeList><IntegerAttribute Name="Offset" Informative="true" SystemDefined="true">80</IntegerAttribute></AttributeList></Member><Member Name="dest" Datatype="Char"><AttributeList><IntegerAttribute Name="Offset" Informative="true" SystemDefined="true">88</IntegerAttribute></AttributeList></Member><Member Name="dc_1" Datatype="Char"><AttributeList><IntegerAttribute Name="Offset" Informative="true" SystemDefined="true">96</IntegerAttribute></AttributeList></Member><Member Name="dc_2" Datatype="Char"><AttributeList><IntegerAttribute Name="Offset" Informative="true" SystemDefined="true">104</IntegerAttribute></AttributeList></Member><Member Name="dc_3" Datatype="Char"><AttributeList><IntegerAttribute Name="Offset" Informative="true" SystemDefined="true">112</IntegerAttribute></AttributeList></Member><Member Name="dc_4" Datatype="Char"><AttributeList><IntegerAttribute Name="Offset" Informative="true" SystemDefined="true">120</IntegerAttribute></AttributeList></Member></Section></Sections></Member><Member Name="DATA" Datatype="Struct"><AttributeList><IntegerAttribute Name="Offset" Informative="true" SystemDefined="true">128</IntegerAttribute></AttributeList><Member Name="DA" Datatype="Array[1..4] of Char"><AttributeList><IntegerAttribute Name="Offset" Informative="true" SystemDefined="true">0</IntegerAttribute><IntegerAttribute Name="PaddedSize" Informative="true" SystemDefined="true">8</IntegerAttribute></AttributeList></Member><Member Name="EK" Datatype="Byte"><AttributeList><IntegerAttribute Name="Offset" Informative="true" SystemDefined="true">32</IntegerAttribute></AttributeList></Member></Member></Member><Member Name="RECV_SYNR" Datatype="Struct"><AttributeList><IntegerAttribute Name="Offset" Informative="true" SystemDefined="true">496</IntegerAttribute></AttributeList><Member Name="Header" Datatype="&quot;iUDT_TLG_HEADER&quot;"><AttributeList><IntegerAttribute Name="Offset" Informative="true" SystemDefined="true">0</IntegerAttribute></AttributeList><Sections><Section Name="None"><Member Name="lbc_1" Datatype="Char"><AttributeList><IntegerAttribute Name="Offset" Informative="true" SystemDefined="true">0</IntegerAttribute></AttributeList></Member><Member Name="lbc_2" Datatype="Char"><AttributeList><IntegerAttribute Name="Offset" Informative="true" SystemDefined="true">8</IntegerAttribute></AttributeList></Member><Member Name="lbc_3" Datatype="Char"><AttributeList><IntegerAttribute Name="Offset" Informative="true" SystemDefined="true">16</IntegerAttribute></AttributeList></Member><Member Name="lbc_4" Datatype="Char"><AttributeList><IntegerAttribute Name="Offset" Informative="true" SystemDefined="true">24</IntegerAttribute></AttributeList></Member><Member Name="len_1" Datatype="Char"><AttributeList><IntegerAttribute Name="Offset" Informative="true" SystemDefined="true">32</IntegerAttribute></AttributeList></Member><Member Name="len_2" Datatype="Char"><AttributeList><IntegerAttribute Name="Offset" Informative="true" SystemDefined="true">40</IntegerAttribute></AttributeList></Member><Member Name="len_3" Datatype="Char"><AttributeList><IntegerAttribute Name="Offset" Informative="true" SystemDefined="true">48</IntegerAttribute></AttributeList></Member><Member Name="len_4" Datatype="Char"><AttributeList><IntegerAttribute Name="Offset" Informative="true" SystemDefined="true">56</IntegerAttribute></AttributeList></Member><Member Name="len_5" Datatype="Char"><AttributeList><IntegerAttribute Name="Offset" Informative="true" SystemDefined="true">64</IntegerAttribute></AttributeList></Member><Member Name="typ" Datatype="Char"><AttributeList><IntegerAttribute Name="Offset" Informative="true" SystemDefined="true">72</IntegerAttribute></AttributeList></Member><Member Name="source" Datatype="Char"><AttributeList><IntegerAttribute Name="Offset" Informative="true" SystemDefined="true">80</IntegerAttribute></AttributeList></Member><Member Name="dest" Datatype="Char"><AttributeList><IntegerAttribute Name="Offset" Informative="true" SystemDefined="true">88</IntegerAttribute></AttributeList></Member><Member Name="dc_1" Datatype="Char"><AttributeList><IntegerAttribute Name="Offset" Informative="true" SystemDefined="true">96</IntegerAttribute></AttributeList></Member><Member Name="dc_2" Datatype="Char"><AttributeList><IntegerAttribute Name="Offset" Informative="true" SystemDefined="true">104</IntegerAttribute></AttributeList></Member><Member Name="dc_3" Datatype="Char"><AttributeList><IntegerAttribute Name="Offset" Informative="true" SystemDefined="true">112</IntegerAttribute></AttributeList></Member><Member Name="dc_4" Datatype="Char"><AttributeList><IntegerAttribute Name="Offset" Informative="true" SystemDefined="true">120</IntegerAttribute></AttributeList></Member></Section></Sections></Member><Member Name="DATA" Datatype="Struct"><AttributeList><IntegerAttribute Name="Offset" Informative="true" SystemDefined="true">128</IntegerAttribute></AttributeList><Member Name="DA" Datatype="Array[1..4] of Char"><AttributeList><IntegerAttribute Name="Offset" Informative="true" SystemDefined="true">0</IntegerAttribute><IntegerAttribute Name="PaddedSize" Informative="true" SystemDefined="true">8</IntegerAttribute></AttributeList></Member><Member Name="EK" Datatype="Byte"><AttributeList><IntegerAttribute Name="Offset" Informative="true" SystemDefined="true">32</IntegerAttribute></AttributeList></Member></Member></Member><Member Name="RECV_TSTS" Datatype="Struct"><AttributeList><IntegerAttribute Name="Offset" Informative="true" SystemDefined="true">672</IntegerAttribute></AttributeList><Member Name="Header" Datatype="&quot;iUDT_TLG_HEADER&quot;"><AttributeList><IntegerAttribute Name="Offset" Informative="true" SystemDefined="true">0</IntegerAttribute></AttributeList><Sections><Section Name="None"><Member Name="lbc_1" Datatype="Char"><AttributeList><IntegerAttribute Name="Offset" Informative="true" SystemDefined="true">0</IntegerAttribute></AttributeList></Member><Member Name="lbc_2" Datatype="Char"><AttributeList><IntegerAttribute Name="Offset" Informative="true" SystemDefined="true">8</IntegerAttribute></AttributeList></Member><Member Name="lbc_3" Datatype="Char"><AttributeList><IntegerAttribute Name="Offset" Informative="true" SystemDefined="true">16</IntegerAttribute></AttributeList></Member><Member Name="lbc_4" Datatype="Char"><AttributeList><IntegerAttribute Name="Offset" Informative="true" SystemDefined="true">24</IntegerAttribute></AttributeList></Member><Member Name="len_1" Datatype="Char"><AttributeList><IntegerAttribute Name="Offset" Informative="true" SystemDefined="true">32</IntegerAttribute></AttributeList></Member><Member Name="len_2" Datatype="Char"><AttributeList><IntegerAttribute Name="Offset" Informative="true" SystemDefined="true">40</IntegerAttribute></AttributeList></Member><Member Name="len_3" Datatype="Char"><AttributeList><IntegerAttribute Name="Offset" Informative="true" SystemDefined="true">48</IntegerAttribute></AttributeList></Member><Member Name="len_4" Datatype="Char"><AttributeList><IntegerAttribute Name="Offset" Informative="true" SystemDefined="true">56</IntegerAttribute></AttributeList></Member><Member Name="len_5" Datatype="Char"><AttributeList><IntegerAttribute Name="Offset" Informative="true" SystemDefined="true">64</IntegerAttribute></AttributeList></Member><Member Name="typ" Datatype="Char"><AttributeList><IntegerAttribute Name="Offset" Informative="true" SystemDefined="true">72</IntegerAttribute></AttributeList></Member><Member Name="source" Datatype="Char"><AttributeList><IntegerAttribute Name="Offset" Informative="true" SystemDefined="true">80</IntegerAttribute></AttributeList></Member><Member Name="dest" Datatype="Char"><AttributeList><IntegerAttribute Name="Offset" Informative="true" SystemDefined="true">88</IntegerAttribute></AttributeList></Member><Member Name="dc_1" Datatype="Char"><AttributeList><IntegerAttribute Name="Offset" Informative="true" SystemDefined="true">96</IntegerAttribute></AttributeList></Member><Member Name="dc_2" Datatype="Char"><AttributeList><IntegerAttribute Name="Offset" Informative="true" SystemDefined="true">104</IntegerAttribute></AttributeList></Member><Member Name="dc_3" Datatype="Char"><AttributeList><IntegerAttribute Name="Offset" Informative="true" SystemDefined="true">112</IntegerAttribute></AttributeList></Member><Member Name="dc_4" Datatype="Char"><AttributeList><IntegerAttribute Name="Offset" Informative="true" SystemDefined="true">120</IntegerAttribute></AttributeList></Member></Section></Sections></Member><Member Name="DATA" Datatype="Struct"><AttributeList><IntegerAttribute Name="Offset" Informative="true" SystemDefined="true">128</IntegerAttribute></AttributeList><Member Name="DA" Datatype="Array[1..4] of Char"><AttributeList><IntegerAttribute Name="Offset" Informative="true" SystemDefined="true">0</IntegerAttribute><IntegerAttribute Name="PaddedSize" Informative="true" SystemDefined="true">8</IntegerAttribute></AttributeList></Member><Member Name="EK" Datatype="Byte"><AttributeList><IntegerAttribute Name="Offset" Informative="true" SystemDefined="true">32</IntegerAttribute></AttributeList></Member></Member></Member><Member Name="RECV_TSTR" Datatype="Struct"><AttributeList><IntegerAttribute Name="Offset" Informative="true" SystemDefined="true">848</IntegerAttribute></AttributeList><Member Name="Header" Datatype="&quot;iUDT_TLG_HEADER&quot;"><AttributeList><IntegerAttribute Name="Offset" Informative="true" SystemDefined="true">0</IntegerAttribute></AttributeList><Sections><Section Name="None"><Member Name="lbc_1" Datatype="Char"><AttributeList><IntegerAttribute Name="Offset" Informative="true" SystemDefined="true">0</IntegerAttribute></AttributeList></Member><Member Name="lbc_2" Datatype="Char"><AttributeList><IntegerAttribute Name="Offset" Informative="true" SystemDefined="true">8</IntegerAttribute></AttributeList></Member><Member Name="lbc_3" Datatype="Char"><AttributeList><IntegerAttribute Name="Offset" Informative="true" SystemDefined="true">16</IntegerAttribute></AttributeList></Member><Member Name="lbc_4" Datatype="Char"><AttributeList><IntegerAttribute Name="Offset" Informative="true" SystemDefined="true">24</IntegerAttribute></AttributeList></Member><Member Name="len_1" Datatype="Char"><AttributeList><IntegerAttribute Name="Offset" Informative="true" SystemDefined="true">32</IntegerAttribute></AttributeList></Member><Member Name="len_2" Datatype="Char"><AttributeList><IntegerAttribute Name="Offset" Informative="true" SystemDefined="true">40</IntegerAttribute></AttributeList></Member><Member Name="len_3" Datatype="Char"><AttributeList><IntegerAttribute Name="Offset" Informative="true" SystemDefined="true">48</IntegerAttribute></AttributeList></Member><Member Name="len_4" Datatype="Char"><AttributeList><IntegerAttribute Name="Offset" Informative="true" SystemDefined="true">56</IntegerAttribute></AttributeList></Member><Member Name="len_5" Datatype="Char"><AttributeList><IntegerAttribute Name="Offset" Informative="true" SystemDefined="true">64</IntegerAttribute></AttributeList></Member><Member Name="typ" Datatype="Char"><AttributeList><IntegerAttribute Name="Offset" Informative="true" SystemDefined="true">72</IntegerAttribute></AttributeList></Member><Member Name="source" Datatype="Char"><AttributeList><IntegerAttribute Name="Offset" Informative="true" SystemDefined="true">80</IntegerAttribute></AttributeList></Member><Member Name="dest" Datatype="Char"><AttributeList><IntegerAttribute Name="Offset" Informative="true" SystemDefined="true">88</IntegerAttribute></AttributeList></Member><Member Name="dc_1" Datatype="Char"><AttributeList><IntegerAttribute Name="Offset" Informative="true" SystemDefined="true">96</IntegerAttribute></AttributeList></Member><Member Name="dc_2" Datatype="Char"><AttributeList><IntegerAttribute Name="Offset" Informative="true" SystemDefined="true">104</IntegerAttribute></AttributeList></Member><Member Name="dc_3" Datatype="Char"><AttributeList><IntegerAttribute Name="Offset" Informative="true" SystemDefined="true">112</IntegerAttribute></AttributeList></Member><Member Name="dc_4" Datatype="Char"><AttributeList><IntegerAttribute Name="Offset" Informative="true" SystemDefined="true">120</IntegerAttribute></AttributeList></Member></Section></Sections></Member><Member Name="DATA" Datatype="Struct"><AttributeList><IntegerAttribute Name="Offset" Informative="true" SystemDefined="true">128</IntegerAttribute></AttributeList><Member Name="DA" Datatype="Array[1..4] of Char"><AttributeList><IntegerAttribute Name="Offset" Informative="true" SystemDefined="true">0</IntegerAttribute><IntegerAttribute Name="PaddedSize" Informative="true" SystemDefined="true">8</IntegerAttribute></AttributeList></Member><Member Name="EK" Datatype="Byte"><AttributeList><IntegerAttribute Name="Offset" Informative="true" SystemDefined="true">32</IntegerAttribute></AttributeList></Member></Member></Member><Member Name="RECV_UEBW" Datatype="Struct"><AttributeList><IntegerAttribute Name="Offset" Informative="true" SystemDefined="true">1024</IntegerAttribute></AttributeList><Member Name="Header" Datatype="&quot;iUDT_TLG_HEADER&quot;"><AttributeList><IntegerAttribute Name="Offset" Informative="true" SystemDefined="true">0</IntegerAttribute></AttributeList><Sections><Section Name="None"><Member Name="lbc_1" Datatype="Char"><AttributeList><IntegerAttribute Name="Offset" Informative="true" SystemDefined="true">0</IntegerAttribute></AttributeList></Member><Member Name="lbc_2" Datatype="Char"><AttributeList><IntegerAttribute Name="Offset" Informative="true" SystemDefined="true">8</IntegerAttribute></AttributeList></Member><Member Name="lbc_3" Datatype="Char"><AttributeList><IntegerAttribute Name="Offset" Informative="true" SystemDefined="true">16</IntegerAttribute></AttributeList></Member><Member Name="lbc_4" Datatype="Char"><AttributeList><IntegerAttribute Name="Offset" Informative="true" SystemDefined="true">24</IntegerAttribute></AttributeList></Member><Member Name="len_1" Datatype="Char"><AttributeList><IntegerAttribute Name="Offset" Informative="true" SystemDefined="true">32</IntegerAttribute></AttributeList></Member><Member Name="len_2" Datatype="Char"><AttributeList><IntegerAttribute Name="Offset" Informative="true" SystemDefined="true">40</IntegerAttribute></AttributeList></Member><Member Name="len_3" Datatype="Char"><AttributeList><IntegerAttribute Name="Offset" Informative="true" SystemDefined="true">48</IntegerAttribute></AttributeList></Member><Member Name="len_4" Datatype="Char"><AttributeList><IntegerAttribute Name="Offset" Informative="true" SystemDefined="true">56</IntegerAttribute></AttributeList></Member><Member Name="len_5" Datatype="Char"><AttributeList><IntegerAttribute Name="Offset" Informative="true" SystemDefined="true">64</IntegerAttribute></AttributeList></Member><Member Name="typ" Datatype="Char"><AttributeList><IntegerAttribute Name="Offset" Informative="true" SystemDefined="true">72</IntegerAttribute></AttributeList></Member><Member Name="source" Datatype="Char"><AttributeList><IntegerAttribute Name="Offset" Informative="true" SystemDefined="true">80</IntegerAttribute></AttributeList></Member><Member Name="dest" Datatype="Char"><AttributeList><IntegerAttribute Name="Offset" Informative="true" SystemDefined="true">88</IntegerAttribute></AttributeList></Member><Member Name="dc_1" Datatype="Char"><AttributeList><IntegerAttribute Name="Offset" Informative="true" SystemDefined="true">96</IntegerAttribute></AttributeList></Member><Member Name="dc_2" Datatype="Char"><AttributeList><IntegerAttribute Name="Offset" Informative="true" SystemDefined="true">104</IntegerAttribute></AttributeList></Member><Member Name="dc_3" Datatype="Char"><AttributeList><IntegerAttribute Name="Offset" Informative="true" SystemDefined="true">112</IntegerAttribute></AttributeList></Member><Member Name="dc_4" Datatype="Char"><AttributeList><IntegerAttribute Name="Offset" Informative="true" SystemDefined="true">120</IntegerAttribute></AttributeList></Member></Section></Sections></Member><Member Name="DATA" Datatype="Struct"><AttributeList><IntegerAttribute Name="Offset" Informative="true" SystemDefined="true">128</IntegerAttribute></AttributeList><Member Name="DA" Datatype="Array[1..4] of Char"><AttributeList><IntegerAttribute Name="Offset" Informative="true" SystemDefined="true">0</IntegerAttribute><IntegerAttribute Name="PaddedSize" Informative="true" SystemDefined="true">8</IntegerAttribute></AttributeList></Member><Member Name="EK" Datatype="Byte"><AttributeList><IntegerAttribute Name="Offset" Informative="true" SystemDefined="true">32</IntegerAttribute></AttributeList></Member></Member></Member><Member Name="RECV_HEADER" Datatype="&quot;iUDT_TLG_HEADER&quot;"><AttributeList><IntegerAttribute Name="Offset" Informative="true" SystemDefined="true">1200</IntegerAttribute></AttributeList><Sections><Section Name="None"><Member Name="lbc_1" Datatype="Char"><AttributeList><IntegerAttribute Name="Offset" Informative="true" SystemDefined="true">0</IntegerAttribute></AttributeList></Member><Member Name="lbc_2" Datatype="Char"><AttributeList><IntegerAttribute Name="Offset" Informative="true" SystemDefined="true">8</IntegerAttribute></AttributeList></Member><Member Name="lbc_3" Datatype="Char"><AttributeList><IntegerAttribute Name="Offset" Informative="true" SystemDefined="true">16</IntegerAttribute></AttributeList></Member><Member Name="lbc_4" Datatype="Char"><AttributeList><IntegerAttribute Name="Offset" Informative="true" SystemDefined="true">24</IntegerAttribute></AttributeList></Member><Member Name="len_1" Datatype="Char"><AttributeList><IntegerAttribute Name="Offset" Informative="true" SystemDefined="true">32</IntegerAttribute></AttributeList></Member><Member Name="len_2" Datatype="Char"><AttributeList><IntegerAttribute Name="Offset" Informative="true" SystemDefined="true">40</IntegerAttribute></AttributeList></Member><Member Name="len_3" Datatype="Char"><AttributeList><IntegerAttribute Name="Offset" Informative="true" SystemDefined="true">48</IntegerAttribute></AttributeList></Member><Member Name="len_4" Datatype="Char"><AttributeList><IntegerAttribute Name="Offset" Informative="true" SystemDefined="true">56</IntegerAttribute></AttributeList></Member><Member Name="len_5" Datatype="Char"><AttributeList><IntegerAttribute Name="Offset" Informative="true" SystemDefined="true">64</IntegerAttribute></AttributeList></Member><Member Name="typ" Datatype="Char"><AttributeList><IntegerAttribute Name="Offset" Informative="true" SystemDefined="true">72</IntegerAttribute></AttributeList></Member><Member Name="source" Datatype="Char"><AttributeList><IntegerAttribute Name="Offset" Informative="true" SystemDefined="true">80</IntegerAttribute></AttributeList></Member><Member Name="dest" Datatype="Char"><AttributeList><IntegerAttribute Name="Offset" Informative="true" SystemDefined="true">88</IntegerAttribute></AttributeList></Member><Member Name="dc_1" Datatype="Char"><AttributeList><IntegerAttribute Name="Offset" Informative="true" SystemDefined="true">96</IntegerAttribute></AttributeList></Member><Member Name="dc_2" Datatype="Char"><AttributeList><IntegerAttribute Name="Offset" Informative="true" SystemDefined="true">104</IntegerAttribute></AttributeList></Member><Member Name="dc_3" Datatype="Char"><AttributeList><IntegerAttribute Name="Offset" Informative="true" SystemDefined="true">112</IntegerAttribute></AttributeList></Member><Member Name="dc_4" Datatype="Char"><AttributeList><IntegerAttribute Name="Offset" Informative="true" SystemDefined="true">120</IntegerAttribute></AttributeList></Member></Section></Sections></Member></Section></Sections></Member>
    <Member Name="ifcSysDfiReadData" Datatype="&quot;iUDT_IFC_SYS_DFI_READ_DATA&quot;" Remanence="Retain" Accessibility="Public"><AttributeList><IntegerAttribute Name="Offset" Informative="true" SystemDefined="true">128</IntegerAttribute><BooleanAttribute Name="UserVisible" Informative="true" SystemDefined="true">true</BooleanAttribute><BooleanAttribute Name="UserReadOnly" Informative="true" SystemDefined="true">false</BooleanAttribute><BooleanAttribute Name="UserDeletable" Informative="true" SystemDefined="true">true</BooleanAttribute></AttributeList><Sections><Section Name="None"><Member Name="maximumRead" Datatype="Int"><AttributeList><IntegerAttribute Name="Offset" Informative="true" SystemDefined="true">0</IntegerAttribute></AttributeList></Member><Member Name="changeIndexReadData" Datatype="Int"><AttributeList><IntegerAttribute Name="Offset" Informative="true" SystemDefined="true">16</IntegerAttribute></AttributeList></Member><Member Name="sizeCircularBuffer" Datatype="Int"><AttributeList><IntegerAttribute Name="Offset" Informative="true" SystemDefined="true">32</IntegerAttribute></AttributeList></Member><Member Name="changeIndexReadCommand" Datatype="Int"><AttributeList><IntegerAttribute Name="Offset" Informative="true" SystemDefined="true">48</IntegerAttribute></AttributeList></Member><Member Name="changeIndexTelLog" Datatype="DWord"><AttributeList><IntegerAttribute Name="Offset" Informative="true" SystemDefined="true">64</IntegerAttribute></AttributeList></Member><Member Name="numberDataBlockTellog" Datatype="DB_ANY"><AttributeList><IntegerAttribute Name="Offset" Informative="true" SystemDefined="true">96</IntegerAttribute></AttributeList></Member><Member Name="currentCommand" Datatype="Int"><AttributeList><IntegerAttribute Name="Offset" Informative="true" SystemDefined="true">112</IntegerAttribute></AttributeList></Member><Member Name="lastReadCommand" Datatype="Int"><AttributeList><IntegerAttribute Name="Offset" Informative="true" SystemDefined="true">128</IntegerAttribute></AttributeList></Member><Member Name="res_18" Datatype="Bool"><AttributeList><IntegerAttribute Name="Offset" Informative="true" SystemDefined="true">144</IntegerAttribute></AttributeList></Member><Member Name="startChange" Datatype="Bool"><AttributeList><IntegerAttribute Name="Offset" Informative="true" SystemDefined="true">145</IntegerAttribute></AttributeList></Member><Member Name="endChange" Datatype="Bool"><AttributeList><IntegerAttribute Name="Offset" Informative="true" SystemDefined="true">146</IntegerAttribute></AttributeList></Member><Member Name="resultData" Datatype="Array[1..1024] of DWord"><AttributeList><IntegerAttribute Name="Offset" Informative="true" SystemDefined="true">160</IntegerAttribute><IntegerAttribute Name="PaddedSize" Informative="true" SystemDefined="true">32</IntegerAttribute></AttributeList></Member><Member Name="res_1034" Datatype="Word"><AttributeList><IntegerAttribute Name="Offset" Informative="true" SystemDefined="true">32928</IntegerAttribute></AttributeList></Member><Member Name="circularBuffer" Datatype="Array[0..2047] of Struct"><AttributeList><IntegerAttribute Name="Offset" Informative="true" SystemDefined="true">32944</IntegerAttribute><IntegerAttribute Name="PaddedSize" Informative="true" SystemDefined="true">112</IntegerAttribute></AttributeList><Member Name="index" Datatype="Int"><AttributeList><IntegerAttribute Name="Offset" Informative="true" SystemDefined="true">0</IntegerAttribute></AttributeList></Member><Member Name="value" Datatype="DWord"><AttributeList><IntegerAttribute Name="Offset" Informative="true" SystemDefined="true">16</IntegerAttribute></AttributeList></Member><Member Name="time" Datatype="Date_And_Time"><AttributeList><IntegerAttribute Name="Offset" Informative="true" SystemDefined="true">48</IntegerAttribute></AttributeList></Member></Member><Member Name="changeBit" Datatype="Array[1..1024] of Struct"><AttributeList><IntegerAttribute Name="Offset" Informative="true" SystemDefined="true">262320</IntegerAttribute><IntegerAttribute Name="PaddedSize" Informative="true" SystemDefined="true">16</IntegerAttribute></AttributeList><Member Name="Value" Datatype="Bool"><AttributeList><IntegerAttribute Name="Offset" Informative="true" SystemDefined="true">0</IntegerAttribute></AttributeList></Member></Member></Section></Sections></Member>
    <Member Name="ifcSysDfiTlgLog" Datatype="&quot;iUDT_COM_TCP_LOG&quot;" Remanence="Retain" Accessibility="Public"><AttributeList><IntegerAttribute Name="Offset" Informative="true" SystemDefined="true">176</IntegerAttribute><BooleanAttribute Name="UserVisible" Informative="true" SystemDefined="true">true</BooleanAttribute><BooleanAttribute Name="UserReadOnly" Informative="true" SystemDefined="true">false</BooleanAttribute><BooleanAttribute Name="UserDeletable" Informative="true" SystemDefined="true">true</BooleanAttribute></AttributeList><Sections><Section Name="None"><Member Name="lengthBuffer" Datatype="UInt"><AttributeList><IntegerAttribute Name="Offset" Informative="true" SystemDefined="true">0</IntegerAttribute></AttributeList></Member><Member Name="indexLastEntry" Datatype="UInt"><AttributeList><IntegerAttribute Name="Offset" Informative="true" SystemDefined="true">16</IntegerAttribute></AttributeList></Member><Member Name="spare" Datatype="Array[1..36] of Byte"><AttributeList><IntegerAttribute Name="Offset" Informative="true" SystemDefined="true">32</IntegerAttribute><IntegerAttribute Name="PaddedSize" Informative="true" SystemDefined="true">8</IntegerAttribute></AttributeList></Member><Member Name="buffer" Datatype="Array[0..16383] of Char"><AttributeList><IntegerAttribute Name="Offset" Informative="true" SystemDefined="true">320</IntegerAttribute><IntegerAttribute Name="PaddedSize" Informative="true" SystemDefined="true">8</IntegerAttribute></AttributeList></Member><Member Name="data" Datatype="Array[1..9000] of Char"><AttributeList><IntegerAttribute Name="Offset" Informative="true" SystemDefined="true">131392</IntegerAttribute><IntegerAttribute Name="PaddedSize" Informative="true" SystemDefined="true">8</IntegerAttribute></AttributeList></Member></Section></Sections></Member>
  </Section>
  <Section Name="Static">
    <Member Name="D" Datatype="Struct" Remanence="Retain" Accessibility="Public"><AttributeList><IntegerAttribute Name="Offset" Informative="true" SystemDefined="true">224</IntegerAttribute><BooleanAttribute Name="ExternalAccessible" SystemDefined="true">true</BooleanAttribute><BooleanAttribute Name="ExternalVisible" SystemDefined="true">true</BooleanAttribute><BooleanAttribute Name="ExternalWritable" SystemDefined="true">true</BooleanAttribute><BooleanAttribute Name="UserVisible" Informative="true" SystemDefined="true">true</BooleanAttribute><BooleanAttribute Name="UserReadOnly" Informative="true" SystemDefined="true">false</BooleanAttribute><BooleanAttribute Name="UserDeletable" Informative="true" SystemDefined="true">true</BooleanAttribute><BooleanAttribute Name="SetPoint" SystemDefined="true">false</BooleanAttribute></AttributeList><Member Name="receiveConformation" Datatype="Bool"><AttributeList><IntegerAttribute Name="Offset" Informative="true" SystemDefined="true">0</IntegerAttribute><BooleanAttribute Name="ExternalAccessible" SystemDefined="true">true</BooleanAttribute><BooleanAttribute Name="ExternalVisible" SystemDefined="true">true</BooleanAttribute><BooleanAttribute Name="ExternalWritable" SystemDefined="true">true</BooleanAttribute><BooleanAttribute Name="UserVisible" Informative="true" SystemDefined="true">true</BooleanAttribute><BooleanAttribute Name="UserReadOnly" Informative="true" SystemDefined="true">false</BooleanAttribute><BooleanAttribute Name="UserDeletable" Informative="true" SystemDefined="true">true</BooleanAttribute><BooleanAttribute Name="SetPoint" SystemDefined="true">false</BooleanAttribute></AttributeList></Member><Member Name="sendConformation" Datatype="Bool"><AttributeList><IntegerAttribute Name="Offset" Informative="true" SystemDefined="true">1</IntegerAttribute><BooleanAttribute Name="ExternalAccessible" SystemDefined="true">true</BooleanAttribute><BooleanAttribute Name="ExternalVisible" SystemDefined="true">true</BooleanAttribute><BooleanAttribute Name="ExternalWritable" SystemDefined="true">true</BooleanAttribute><BooleanAttribute Name="UserVisible" Informative="true" SystemDefined="true">true</BooleanAttribute><BooleanAttribute Name="UserReadOnly" Informative="true" SystemDefined="true">false</BooleanAttribute><BooleanAttribute Name="UserDeletable" Informative="true" SystemDefined="true">true</BooleanAttribute><BooleanAttribute Name="SetPoint" SystemDefined="true">false</BooleanAttribute></AttributeList></Member><Member Name="receiveTelegram" Datatype="Bool"><AttributeList><IntegerAttribute Name="Offset" Informative="true" SystemDefined="true">2</IntegerAttribute><BooleanAttribute Name="ExternalAccessible" SystemDefined="true">true</BooleanAttribute><BooleanAttribute Name="ExternalVisible" SystemDefined="true">true</BooleanAttribute><BooleanAttribute Name="ExternalWritable" SystemDefined="true">true</BooleanAttribute><BooleanAttribute Name="UserVisible" Informative="true" SystemDefined="true">true</BooleanAttribute><BooleanAttribute Name="UserReadOnly" Informative="true" SystemDefined="true">false</BooleanAttribute><BooleanAttribute Name="UserDeletable" Informative="true" SystemDefined="true">true</BooleanAttribute><BooleanAttribute Name="SetPoint" SystemDefined="true">false</BooleanAttribute></AttributeList></Member><Member Name="sendTelegram" Datatype="Bool"><AttributeList><IntegerAttribute Name="Offset" Informative="true" SystemDefined="true">3</IntegerAttribute><BooleanAttribute Name="ExternalAccessible" SystemDefined="true">true</BooleanAttribute><BooleanAttribute Name="ExternalVisible" SystemDefined="true">true</BooleanAttribute><BooleanAttribute Name="ExternalWritable" SystemDefined="true">true</BooleanAttribute><BooleanAttribute Name="UserVisible" Informative="true" SystemDefined="true">true</BooleanAttribute><BooleanAttribute Name="UserReadOnly" Informative="true" SystemDefined="true">false</BooleanAttribute><BooleanAttribute Name="UserDeletable" Informative="true" SystemDefined="true">true</BooleanAttribute><BooleanAttribute Name="SetPoint" SystemDefined="true">false</BooleanAttribute></AttributeList></Member></Member>
    <Member Name="V" Datatype="Struct" Remanence="Retain" Accessibility="Public"><AttributeList><IntegerAttribute Name="Offset" Informative="true" SystemDefined="true">240</IntegerAttribute><BooleanAttribute Name="ExternalAccessible" SystemDefined="true">true</BooleanAttribute><BooleanAttribute Name="ExternalVisible" SystemDefined="true">true</BooleanAttribute><BooleanAttribute Name="ExternalWritable" SystemDefined="true">true</BooleanAttribute><BooleanAttribute Name="UserVisible" Informative="true" SystemDefined="true">true</BooleanAttribute><BooleanAttribute Name="UserReadOnly" Informative="true" SystemDefined="true">false</BooleanAttribute><BooleanAttribute Name="UserDeletable" Informative="true" SystemDefined="true">true</BooleanAttribute><BooleanAttribute Name="SetPoint" SystemDefined="true">false</BooleanAttribute></AttributeList><Member Name="telgNoRecvOldStatus" Datatype="Int"><AttributeList><IntegerAttribute Name="Offset" Informative="true" SystemDefined="true">0</IntegerAttribute><BooleanAttribute Name="ExternalAccessible" SystemDefined="true">true</BooleanAttribute><BooleanAttribute Name="ExternalVisible" SystemDefined="true">true</BooleanAttribute><BooleanAttribute Name="ExternalWritable" SystemDefined="true">true</BooleanAttribute><BooleanAttribute Name="UserVisible" Informative="true" SystemDefined="true">true</BooleanAttribute><BooleanAttribute Name="UserReadOnly" Informative="true" SystemDefined="true">false</BooleanAttribute><BooleanAttribute Name="UserDeletable" Informative="true" SystemDefined="true">true</BooleanAttribute><BooleanAttribute Name="SetPoint" SystemDefined="true">false</BooleanAttribute></AttributeList></Member><Member Name="telgNoSendOldStatus" Datatype="Int"><AttributeList><IntegerAttribute Name="Offset" Informative="true" SystemDefined="true">16</IntegerAttribute><BooleanAttribute Name="ExternalAccessible" SystemDefined="true">true</BooleanAttribute><BooleanAttribute Name="ExternalVisible" SystemDefined="true">true</BooleanAttribute><BooleanAttribute Name="ExternalWritable" SystemDefined="true">true</BooleanAttribute><BooleanAttribute Name="UserVisible" Informative="true" SystemDefined="true">true</BooleanAttribute><BooleanAttribute Name="UserReadOnly" Informative="true" SystemDefined="true">false</BooleanAttribute><BooleanAttribute Name="UserDeletable" Informative="true" SystemDefined="true">true</BooleanAttribute><BooleanAttribute Name="SetPoint" SystemDefined="true">false</BooleanAttribute></AttributeList></Member></Member>
    <Member Name="Header" Datatype="Array[1..18] of Char" Remanence="Retain" Accessibility="Public"><AttributeList><IntegerAttribute Name="Offset" Informative="true" SystemDefined="true">272</IntegerAttribute><IntegerAttribute Name="PaddedSize" Informative="true" SystemDefined="true">8</IntegerAttribute><BooleanAttribute Name="ExternalAccessible" SystemDefined="true">true</BooleanAttribute><BooleanAttribute Name="ExternalVisible" SystemDefined="true">true</BooleanAttribute><BooleanAttribute Name="ExternalWritable" SystemDefined="true">true</BooleanAttribute><BooleanAttribute Name="UserVisible" Informative="true" SystemDefined="true">true</BooleanAttribute><BooleanAttribute Name="UserReadOnly" Informative="true" SystemDefined="true">false</BooleanAttribute><BooleanAttribute Name="UserDeletable" Informative="true" SystemDefined="true">true</BooleanAttribute><BooleanAttribute Name="SetPoint" SystemDefined="true">false</BooleanAttribute></AttributeList></Member>
  </Section>
</Sections></Interface>
      <InterfaceModifiedDate ReadOnly="true">2020-06-02T22:25:56.4580386Z</InterfaceModifiedDate>
      <IsConsistent ReadOnly="true">true</IsConsistent>
      <IsKnowHowProtected ReadOnly="true">false</IsKnowHowProtected>
      <MemoryLayout ReadOnly="true">Standard</MemoryLayout>
      <ModifiedDate ReadOnly="true">2023-07-05T08:37:50.4768951Z</ModifiedDate>
      <Name>FGDB_000XTT001@COM_TCP_TLG</Name>
      <Number>400</Number>
      <ParameterModified ReadOnly="true">2020-04-28T18:30:50.6022006Z</ParameterModified>
      <ProgrammingLanguage>DB</ProgrammingLanguage>
      <StructureModified ReadOnly="true">2020-04-28T18:30:50.6022006Z</StructureModified>
      <UDABlockProperties ReadOnly="true" />
      <UDAEnableTagReadback ReadOnly="true">false</UDAEnableTagReadback>
    </AttributeList>
    <ObjectList>
      <MultilingualText ID="1" CompositionName="Comment">
        <ObjectList>
          <MultilingualTextItem ID="2" CompositionName="Items">
            <AttributeList>
              <Culture>en-US</Culture>
              <Text />
            </AttributeList>
          </MultilingualTextItem>
          <MultilingualTextItem ID="3" CompositionName="Items">
            <AttributeList>
              <Culture>de-DE</Culture>
              <Text />
            </AttributeList>
          </MultilingualTextItem>
        </ObjectList>
      </MultilingualText>
      <MultilingualText ID="4" CompositionName="Title">
        <ObjectList>
          <MultilingualTextItem ID="5" CompositionName="Items">
            <AttributeList>
              <Culture>en-US</Culture>
              <Text />
            </AttributeList>
          </MultilingualTextItem>
          <MultilingualTextItem ID="6" CompositionName="Items">
            <AttributeList>
              <Culture>de-DE</Culture>
              <Text />
            </AttributeList>
          </MultilingualTextItem>
        </ObjectList>
      </MultilingualText>
    </ObjectList>
  </SW.Blocks.InstanceDB>
</Document>