﻿<?xml version="1.0" encoding="utf-8"?>
<Document>
  <Engineering version="V16" />
  <DocumentInfo>
    <Created>2025-05-12T11:27:54.6385992Z</Created>
    <ExportSetting>WithDefaults, WithReadOnly</ExportSetting>
    <InstalledProducts>
      <Product>
        <DisplayName>Totally Integrated Automation Portal</DisplayName>
        <DisplayVersion>V16 Update 7</DisplayVersion>
      </Product>
      <OptionPackage>
        <DisplayName>TIA Portal Version Control Interface</DisplayName>
        <DisplayVersion>V16 Update 2</DisplayVersion>
      </OptionPackage>
      <OptionPackage>
        <DisplayName>TIA Portal Openness</DisplayName>
        <DisplayVersion>V16 Update 7</DisplayVersion>
      </OptionPackage>
      <Product>
        <DisplayName>SINAMICS Startdrive Advanced</DisplayName>
        <DisplayVersion>V16 Update 5</DisplayVersion>
      </Product>
      <OptionPackage>
        <DisplayName>SINAMICS Startdrive G130, G150, S120, S150, SINAMICS MV, S210</DisplayName>
        <DisplayVersion>V16 Update 5</DisplayVersion>
      </OptionPackage>
      <OptionPackage>
        <DisplayName>SINAMICS Startdrive G110M, G120, G120C, G120D, G120P, G115D</DisplayName>
        <DisplayVersion>V16 Update 5</DisplayVersion>
      </OptionPackage>
      <Product>
        <DisplayName>STEP 7 Professional</DisplayName>
        <DisplayVersion>V16 Update 7</DisplayVersion>
      </Product>
      <OptionPackage>
        <DisplayName>STEP 7 Safety</DisplayName>
        <DisplayVersion>V16 Update 7</DisplayVersion>
      </OptionPackage>
      <Product>
        <DisplayName>WinCC Advanced</DisplayName>
        <DisplayVersion>V16 Update 7</DisplayVersion>
      </Product>
      <OptionPackage>
        <DisplayName>SIMATIC Visualization Architect</DisplayName>
        <DisplayVersion>V16</DisplayVersion>
      </OptionPackage>
    </InstalledProducts>
  </DocumentInfo>
  <SW.Blocks.FC ID="0">
    <AttributeList>
      <AutoNumber>true</AutoNumber>
      <CodeModifiedDate ReadOnly="true">2023-06-30T19:51:19.0915063Z</CodeModifiedDate>
      <CompileDate ReadOnly="true">2023-07-13T07:24:54.1298755Z</CompileDate>
      <CreationDate ReadOnly="true">2023-06-23T13:43:15.1760735Z</CreationDate>
      <HandleErrorsWithinBlock ReadOnly="true">false</HandleErrorsWithinBlock>
      <HeaderAuthor />
      <HeaderFamily />
      <HeaderName />
      <HeaderVersion>0.1</HeaderVersion>
      <Interface><Sections xmlns="http://www.siemens.com/automation/Openness/SW/Interface/v4">
  <Section Name="Input" />
  <Section Name="Output" />
  <Section Name="InOut" />
  <Section Name="Temp" />
  <Section Name="Constant" />
  <Section Name="Return">
    <Member Name="Ret_Val" Datatype="Void" Accessibility="Public" />
  </Section>
</Sections></Interface>
      <InterfaceModifiedDate ReadOnly="true">2023-06-23T14:00:39.5989026Z</InterfaceModifiedDate>
      <IsConsistent ReadOnly="true">true</IsConsistent>
      <IsIECCheckEnabled>false</IsIECCheckEnabled>
      <IsKnowHowProtected ReadOnly="true">false</IsKnowHowProtected>
      <IsWriteProtected ReadOnly="true">false</IsWriteProtected>
      <LibraryConformanceStatus ReadOnly="true">Error: The block contains calls of single instances.
Warning: The object contains access to global data blocks.
</LibraryConformanceStatus>
      <MemoryLayout>Standard</MemoryLayout>
      <ModifiedDate ReadOnly="true">2023-06-30T19:51:19.0915063Z</ModifiedDate>
      <Name>020SGV001_Call</Name>
      <Number>74</Number>
      <ParameterModified ReadOnly="true">2023-06-23T13:43:15.1760735Z</ParameterModified>
      <PLCSimAdvancedSupport ReadOnly="true">true</PLCSimAdvancedSupport>
      <ProgrammingLanguage>FBD</ProgrammingLanguage>
      <SetENOAutomatically>false</SetENOAutomatically>
      <StructureModified ReadOnly="true">2023-06-23T13:43:15.1760735Z</StructureModified>
      <UDABlockProperties />
      <UDAEnableTagReadback>false</UDAEnableTagReadback>
    </AttributeList>
    <ObjectList>
      <MultilingualText ID="1" CompositionName="Comment">
        <ObjectList>
          <MultilingualTextItem ID="2" CompositionName="Items">
            <AttributeList>
              <Culture>en-US</Culture>
              <Text />
            </AttributeList>
          </MultilingualTextItem>
          <MultilingualTextItem ID="3" CompositionName="Items">
            <AttributeList>
              <Culture>de-DE</Culture>
              <Text />
            </AttributeList>
          </MultilingualTextItem>
        </ObjectList>
      </MultilingualText>
      <SW.Blocks.CompileUnit ID="4" CompositionName="CompileUnits">
        <AttributeList>
          <NetworkSource><FlgNet xmlns="http://www.siemens.com/automation/Openness/SW/NetworkSource/FlgNet/v4">
  <Parts>
    <Access Scope="LiteralConstant" UId="21">
      <IntegerAttribute Name="NumBLs" Informative="true">5</IntegerAttribute>
      <Constant>
        <ConstantType>Int</ConstantType>
        <ConstantValue>1</ConstantValue>
        <StringAttribute Name="Format" Informative="true">Dec_signed</StringAttribute>
      </Constant>
    </Access>
    <Access Scope="GlobalVariable" UId="22">
      <IntegerAttribute Name="NumBLs" Informative="true">5</IntegerAttribute>
      <Symbol>
        <Component Name="FGDB_020SGV001" />
        <Component Name="fault" />
        <Address Area="DB" Type="Bool" BlockNumber="113" BitOffset="16" Informative="true" />
      </Symbol>
    </Access>
    <Access Scope="GlobalVariable" UId="23">
      <IntegerAttribute Name="NumBLs" Informative="true">5</IntegerAttribute>
      <Symbol>
        <Component Name="FGDB_020SGV001" />
        <Component Name="faultExt" />
        <Address Area="DB" Type="Bool" BlockNumber="113" BitOffset="17" Informative="true" />
      </Symbol>
    </Access>
    <Call UId="24">
      <CallInfo Name="iFG_DUMMY" BlockType="FB">
        <IntegerAttribute Name="BlockNumber" Informative="true">1016</IntegerAttribute>
        <DateAttribute Name="ParameterModifiedTS" Informative="true">2015-10-05T15:08:43</DateAttribute>
        <Instance Scope="GlobalVariable" UId="25">
          <Component Name="FGDB_020SGV001" />
          <Address Area="DB" Type="iFG_DUMMY" BlockNumber="113" BitOffset="0" Informative="true" />
        </Instance>
        <Parameter Name="fct" Section="Input" Type="Int">
          <StringAttribute Name="InterfaceFlags" Informative="true">S7_Visible</StringAttribute>
        </Parameter>
        <Parameter Name="fault" Section="Output" Type="Bool">
          <StringAttribute Name="InterfaceFlags" Informative="true">S7_Visible</StringAttribute>
        </Parameter>
        <Parameter Name="faultExt" Section="Output" Type="Bool">
          <StringAttribute Name="InterfaceFlags" Informative="true">S7_Visible</StringAttribute>
        </Parameter>
      </CallInfo>
    </Call>
  </Parts>
  <Wires>
    <Wire UId="27">
      <OpenCon UId="26" />
      <NameCon UId="24" Name="en" />
    </Wire>
    <Wire UId="28">
      <IdentCon UId="21" />
      <NameCon UId="24" Name="fct" />
    </Wire>
    <Wire UId="29">
      <NameCon UId="24" Name="fault" />
      <IdentCon UId="22" />
    </Wire>
    <Wire UId="30">
      <NameCon UId="24" Name="faultExt" />
      <IdentCon UId="23" />
    </Wire>
  </Wires>
</FlgNet></NetworkSource>
          <ProgrammingLanguage>FBD</ProgrammingLanguage>
        </AttributeList>
        <ObjectList>
          <MultilingualText ID="5" CompositionName="Comment">
            <ObjectList>
              <MultilingualTextItem ID="6" CompositionName="Items">
                <AttributeList>
                  <Culture>en-US</Culture>
                  <Text />
                </AttributeList>
              </MultilingualTextItem>
              <MultilingualTextItem ID="7" CompositionName="Items">
                <AttributeList>
                  <Culture>de-DE</Culture>
                  <Text />
                </AttributeList>
              </MultilingualTextItem>
            </ObjectList>
          </MultilingualText>
          <MultilingualText ID="8" CompositionName="Title">
            <ObjectList>
              <MultilingualTextItem ID="9" CompositionName="Items">
                <AttributeList>
                  <Culture>en-US</Culture>
                  <Text>Call dummy</Text>
                </AttributeList>
              </MultilingualTextItem>
              <MultilingualTextItem ID="A" CompositionName="Items">
                <AttributeList>
                  <Culture>de-DE</Culture>
                  <Text>Aufruf iFG_DUMMY für 020SGV001</Text>
                </AttributeList>
              </MultilingualTextItem>
            </ObjectList>
          </MultilingualText>
        </ObjectList>
      </SW.Blocks.CompileUnit>
      <SW.Blocks.CompileUnit ID="B" CompositionName="CompileUnits">
        <AttributeList>
          <NetworkSource><FlgNet xmlns="http://www.siemens.com/automation/Openness/SW/NetworkSource/FlgNet/v4">
  <Parts>
    <Call UId="21">
      <CallInfo Name="020SGV001-QM1_Call" BlockType="FC">
        <IntegerAttribute Name="BlockNumber" Informative="true">46</IntegerAttribute>
        <DateAttribute Name="ParameterModifiedTS" Informative="true">2023-06-23T13:43:16</DateAttribute>
      </CallInfo>
    </Call>
  </Parts>
  <Wires>
    <Wire UId="23">
      <OpenCon UId="22" />
      <NameCon UId="21" Name="en" />
    </Wire>
  </Wires>
</FlgNet></NetworkSource>
          <ProgrammingLanguage>FBD</ProgrammingLanguage>
        </AttributeList>
        <ObjectList>
          <MultilingualText ID="C" CompositionName="Comment">
            <ObjectList>
              <MultilingualTextItem ID="D" CompositionName="Items">
                <AttributeList>
                  <Culture>en-US</Culture>
                  <Text />
                </AttributeList>
              </MultilingualTextItem>
              <MultilingualTextItem ID="E" CompositionName="Items">
                <AttributeList>
                  <Culture>de-DE</Culture>
                  <Text />
                </AttributeList>
              </MultilingualTextItem>
            </ObjectList>
          </MultilingualText>
          <MultilingualText ID="F" CompositionName="Title">
            <ObjectList>
              <MultilingualTextItem ID="10" CompositionName="Items">
                <AttributeList>
                  <Culture>en-US</Culture>
                  <Text />
                </AttributeList>
              </MultilingualTextItem>
              <MultilingualTextItem ID="11" CompositionName="Items">
                <AttributeList>
                  <Culture>de-DE</Culture>
                  <Text>Aufruf 020SGV001-QM1</Text>
                </AttributeList>
              </MultilingualTextItem>
            </ObjectList>
          </MultilingualText>
        </ObjectList>
      </SW.Blocks.CompileUnit>
      <MultilingualText ID="12" CompositionName="Title">
        <ObjectList>
          <MultilingualTextItem ID="13" CompositionName="Items">
            <AttributeList>
              <Culture>en-US</Culture>
              <Text />
            </AttributeList>
          </MultilingualTextItem>
          <MultilingualTextItem ID="14" CompositionName="Items">
            <AttributeList>
              <Culture>de-DE</Culture>
              <Text>020SGV001 Schutzgitter-Tor</Text>
            </AttributeList>
          </MultilingualTextItem>
        </ObjectList>
      </MultilingualText>
    </ObjectList>
  </SW.Blocks.FC>
</Document>