﻿<?xml version="1.0" encoding="utf-8"?>
<Document>
  <Engineering version="V16" />
  <DocumentInfo>
    <Created>2025-05-12T11:27:45.7001351Z</Created>
    <ExportSetting>WithDefaults, WithReadOnly</ExportSetting>
    <InstalledProducts>
      <Product>
        <DisplayName>Totally Integrated Automation Portal</DisplayName>
        <DisplayVersion>V16 Update 7</DisplayVersion>
      </Product>
      <OptionPackage>
        <DisplayName>TIA Portal Version Control Interface</DisplayName>
        <DisplayVersion>V16 Update 2</DisplayVersion>
      </OptionPackage>
      <OptionPackage>
        <DisplayName>TIA Portal Openness</DisplayName>
        <DisplayVersion>V16 Update 7</DisplayVersion>
      </OptionPackage>
      <Product>
        <DisplayName>SINAMICS Startdrive Advanced</DisplayName>
        <DisplayVersion>V16 Update 5</DisplayVersion>
      </Product>
      <OptionPackage>
        <DisplayName>SINAMICS Startdrive G130, G150, S120, S150, SINAMICS MV, S210</DisplayName>
        <DisplayVersion>V16 Update 5</DisplayVersion>
      </OptionPackage>
      <OptionPackage>
        <DisplayName>SINAMICS Startdrive G110M, G120, G120C, G120D, G120P, G115D</DisplayName>
        <DisplayVersion>V16 Update 5</DisplayVersion>
      </OptionPackage>
      <Product>
        <DisplayName>STEP 7 Professional</DisplayName>
        <DisplayVersion>V16 Update 7</DisplayVersion>
      </Product>
      <OptionPackage>
        <DisplayName>STEP 7 Safety</DisplayName>
        <DisplayVersion>V16 Update 7</DisplayVersion>
      </OptionPackage>
      <Product>
        <DisplayName>WinCC Advanced</DisplayName>
        <DisplayVersion>V16 Update 7</DisplayVersion>
      </Product>
      <OptionPackage>
        <DisplayName>SIMATIC Visualization Architect</DisplayName>
        <DisplayVersion>V16</DisplayVersion>
      </OptionPackage>
    </InstalledProducts>
  </DocumentInfo>
  <SW.Blocks.FC ID="0">
    <AttributeList>
      <AutoNumber>true</AutoNumber>
      <CodeModifiedDate ReadOnly="true">2023-07-10T11:38:54.4092757Z</CodeModifiedDate>
      <CompileDate ReadOnly="true">2023-07-13T07:25:03.4575479Z</CompileDate>
      <CreationDate ReadOnly="true">2023-07-05T20:04:18.4769577Z</CreationDate>
      <HandleErrorsWithinBlock ReadOnly="true">false</HandleErrorsWithinBlock>
      <HeaderAuthor />
      <HeaderFamily />
      <HeaderName />
      <HeaderVersion>0.1</HeaderVersion>
      <Interface><Sections xmlns="http://www.siemens.com/automation/Openness/SW/Interface/v4">
  <Section Name="Input" />
  <Section Name="Output" />
  <Section Name="InOut" />
  <Section Name="Temp" />
  <Section Name="Constant" />
  <Section Name="Return">
    <Member Name="Ret_Val" Datatype="Void" Accessibility="Public" />
  </Section>
</Sections></Interface>
      <InterfaceModifiedDate ReadOnly="true">2022-03-15T16:35:03.4232024Z</InterfaceModifiedDate>
      <IsConsistent ReadOnly="true">true</IsConsistent>
      <IsIECCheckEnabled>false</IsIECCheckEnabled>
      <IsKnowHowProtected ReadOnly="true">false</IsKnowHowProtected>
      <IsWriteProtected ReadOnly="true">false</IsWriteProtected>
      <LibraryConformanceStatus ReadOnly="true">Error: The block contains calls of single instances.
Warning: The object contains access to global data blocks.
</LibraryConformanceStatus>
      <MemoryLayout>Standard</MemoryLayout>
      <ModifiedDate ReadOnly="true">2023-07-10T11:38:54.4092757Z</ModifiedDate>
      <Name>000XTT002_Call</Name>
      <Number>215</Number>
      <ParameterModified ReadOnly="true">2020-04-14T13:45:37.4897621Z</ParameterModified>
      <PLCSimAdvancedSupport ReadOnly="true">true</PLCSimAdvancedSupport>
      <ProgrammingLanguage>FBD</ProgrammingLanguage>
      <SetENOAutomatically>false</SetENOAutomatically>
      <StructureModified ReadOnly="true">2020-04-14T13:45:37.5558002Z</StructureModified>
      <UDABlockProperties />
      <UDAEnableTagReadback>false</UDAEnableTagReadback>
    </AttributeList>
    <ObjectList>
      <MultilingualText ID="1" CompositionName="Comment">
        <ObjectList>
          <MultilingualTextItem ID="2" CompositionName="Items">
            <AttributeList>
              <Culture>en-US</Culture>
              <Text />
            </AttributeList>
          </MultilingualTextItem>
          <MultilingualTextItem ID="3" CompositionName="Items">
            <AttributeList>
              <Culture>de-DE</Culture>
              <Text />
            </AttributeList>
          </MultilingualTextItem>
        </ObjectList>
      </MultilingualText>
      <SW.Blocks.CompileUnit ID="4" CompositionName="CompileUnits">
        <AttributeList>
          <NetworkSource><FlgNet xmlns="http://www.siemens.com/automation/Openness/SW/NetworkSource/FlgNet/v4">
  <Parts>
    <Access Scope="GlobalVariable" UId="21">
      <IntegerAttribute Name="NumBLs" Informative="true">5</IntegerAttribute>
      <Symbol>
        <Component Name="iDB_SYS_CONNECTION_PARAMETER" />
        <Component Name="000XTT002" />
        <Address Area="DB" Type="TCON_IP_v4" BlockNumber="6" BitOffset="256" Informative="true" />
      </Symbol>
    </Access>
    <Access Scope="LiteralConstant" UId="22">
      <IntegerAttribute Name="NumBLs" Informative="true">5</IntegerAttribute>
      <Constant>
        <ConstantType>Bool</ConstantType>
        <ConstantValue>false</ConstantValue>
        <StringAttribute Name="Format" Informative="true">Bool</StringAttribute>
      </Constant>
    </Access>
    <Access Scope="GlobalVariable" UId="23">
      <IntegerAttribute Name="NumBLs" Informative="true">5</IntegerAttribute>
      <Symbol>
        <Component Name="FGDB_000XTT002" />
        <Component Name="stateTCP" />
        <Address Area="DB" Type="Bool" BlockNumber="404" BitOffset="144" Informative="true" />
      </Symbol>
    </Access>
    <Access Scope="GlobalVariable" UId="24">
      <IntegerAttribute Name="NumBLs" Informative="true">5</IntegerAttribute>
      <Symbol>
        <Component Name="FGDB_000XTT002" />
        <Component Name="online" />
        <Address Area="DB" Type="Bool" BlockNumber="404" BitOffset="145" Informative="true" />
      </Symbol>
    </Access>
    <Access Scope="GlobalVariable" UId="25">
      <IntegerAttribute Name="NumBLs" Informative="true">5</IntegerAttribute>
      <Symbol>
        <Component Name="FGDB_000XTT002" />
        <Component Name="sendCounter" />
        <Address Area="DB" Type="Int" BlockNumber="404" BitOffset="160" Informative="true" />
      </Symbol>
    </Access>
    <Access Scope="GlobalVariable" UId="26">
      <IntegerAttribute Name="NumBLs" Informative="true">5</IntegerAttribute>
      <Symbol>
        <Component Name="FGDB_000XTT002" />
        <Component Name="recvCounter" />
        <Address Area="DB" Type="Int" BlockNumber="404" BitOffset="176" Informative="true" />
      </Symbol>
    </Access>
    <Access Scope="GlobalVariable" UId="27">
      <IntegerAttribute Name="NumBLs" Informative="true">5</IntegerAttribute>
      <Symbol>
        <Component Name="FGDB_000XTT002" />
        <Component Name="fault" />
        <Address Area="DB" Type="Bool" BlockNumber="404" BitOffset="192" Informative="true" />
      </Symbol>
    </Access>
    <Access Scope="GlobalVariable" UId="28">
      <IntegerAttribute Name="NumBLs" Informative="true">5</IntegerAttribute>
      <Symbol>
        <Component Name="FGDB_000XTT002" />
        <Component Name="faultExt" />
        <Address Area="DB" Type="Bool" BlockNumber="404" BitOffset="193" Informative="true" />
      </Symbol>
    </Access>
    <Call UId="29">
      <CallInfo Name="iFG_COM_TCP_TLG" BlockType="FB">
        <IntegerAttribute Name="BlockNumber" Informative="true">28</IntegerAttribute>
        <DateAttribute Name="ParameterModifiedTS" Informative="true">2020-04-25T14:21:57</DateAttribute>
        <Instance Scope="GlobalVariable" UId="30">
          <Component Name="FGDB_000XTT002" />
          <Address Area="DB" Type="iFG_COM_TCP_TLG" BlockNumber="404" BitOffset="0" Informative="true" />
        </Instance>
        <Parameter Name="fct" Section="Input" Type="Int">
          <StringAttribute Name="InterfaceFlags" Informative="true">S7_Visible</StringAttribute>
        </Parameter>
        <Parameter Name="connect_TCON" Section="Input" Type="TCON_IP_v4">
          <StringAttribute Name="InterfaceFlags" Informative="true">S7_Visible</StringAttribute>
        </Parameter>
        <Parameter Name="disable_TCP" Section="Input" Type="Bool">
          <StringAttribute Name="InterfaceFlags" Informative="true">S7_Visible</StringAttribute>
        </Parameter>
        <Parameter Name="stateTCP" Section="Output" Type="Bool">
          <StringAttribute Name="InterfaceFlags" Informative="true">S7_Visible</StringAttribute>
        </Parameter>
        <Parameter Name="online" Section="Output" Type="Bool">
          <StringAttribute Name="InterfaceFlags" Informative="true">S7_Visible</StringAttribute>
        </Parameter>
        <Parameter Name="sendCounter" Section="Output" Type="Int">
          <StringAttribute Name="InterfaceFlags" Informative="true">S7_Visible</StringAttribute>
        </Parameter>
        <Parameter Name="recvCounter" Section="Output" Type="Int">
          <StringAttribute Name="InterfaceFlags" Informative="true">S7_Visible</StringAttribute>
        </Parameter>
        <Parameter Name="fault" Section="Output" Type="Bool">
          <StringAttribute Name="InterfaceFlags" Informative="true">S7_Visible</StringAttribute>
        </Parameter>
        <Parameter Name="faultExt" Section="Output" Type="Bool">
          <StringAttribute Name="InterfaceFlags" Informative="true">S7_Visible</StringAttribute>
        </Parameter>
      </CallInfo>
    </Call>
  </Parts>
  <Wires>
    <Wire UId="33">
      <OpenCon UId="31" />
      <NameCon UId="29" Name="en" />
    </Wire>
    <Wire UId="34">
      <OpenCon UId="32" />
      <NameCon UId="29" Name="fct" />
    </Wire>
    <Wire UId="35">
      <IdentCon UId="21" />
      <NameCon UId="29" Name="connect_TCON" />
    </Wire>
    <Wire UId="36">
      <IdentCon UId="22" />
      <NameCon UId="29" Name="disable_TCP" />
    </Wire>
    <Wire UId="37">
      <NameCon UId="29" Name="stateTCP" />
      <IdentCon UId="23" />
    </Wire>
    <Wire UId="38">
      <NameCon UId="29" Name="online" />
      <IdentCon UId="24" />
    </Wire>
    <Wire UId="39">
      <NameCon UId="29" Name="sendCounter" />
      <IdentCon UId="25" />
    </Wire>
    <Wire UId="40">
      <NameCon UId="29" Name="recvCounter" />
      <IdentCon UId="26" />
    </Wire>
    <Wire UId="41">
      <NameCon UId="29" Name="fault" />
      <IdentCon UId="27" />
    </Wire>
    <Wire UId="42">
      <NameCon UId="29" Name="faultExt" />
      <IdentCon UId="28" />
    </Wire>
  </Wires>
</FlgNet></NetworkSource>
          <ProgrammingLanguage>FBD</ProgrammingLanguage>
        </AttributeList>
        <ObjectList>
          <MultilingualText ID="5" CompositionName="Comment">
            <ObjectList>
              <MultilingualTextItem ID="6" CompositionName="Items">
                <AttributeList>
                  <Culture>en-US</Culture>
                  <Text />
                </AttributeList>
              </MultilingualTextItem>
              <MultilingualTextItem ID="7" CompositionName="Items">
                <AttributeList>
                  <Culture>de-DE</Culture>
                  <Text />
                </AttributeList>
              </MultilingualTextItem>
            </ObjectList>
          </MultilingualText>
          <MultilingualText ID="8" CompositionName="Title">
            <ObjectList>
              <MultilingualTextItem ID="9" CompositionName="Items">
                <AttributeList>
                  <Culture>en-US</Culture>
                  <Text>Call iFG_COM_TCP_TLG</Text>
                </AttributeList>
              </MultilingualTextItem>
              <MultilingualTextItem ID="A" CompositionName="Items">
                <AttributeList>
                  <Culture>de-DE</Culture>
                  <Text>Aufruf iFG_COM_TCP_TLG</Text>
                </AttributeList>
              </MultilingualTextItem>
            </ObjectList>
          </MultilingualText>
        </ObjectList>
      </SW.Blocks.CompileUnit>
      <SW.Blocks.CompileUnit ID="B" CompositionName="CompileUnits">
        <AttributeList>
          <NetworkSource><FlgNet xmlns="http://www.siemens.com/automation/Openness/SW/NetworkSource/FlgNet/v4">
  <Parts>
    <Access Scope="LiteralConstant" UId="21">
      <IntegerAttribute Name="NumBLs" Informative="true">5</IntegerAttribute>
      <Constant>
        <ConstantType>String</ConstantType>
        <ConstantValue>'03'</ConstantValue>
        <StringAttribute Name="Format" Informative="true">String</StringAttribute>
      </Constant>
    </Access>
    <Access Scope="GlobalVariable" UId="22">
      <IntegerAttribute Name="NumBLs" Informative="true">5</IntegerAttribute>
      <Symbol>
        <Component Name="FGDB_000XTT002" />
        <Component Name="IfcTLG" />
        <Address Area="DB" Type="iUDT_IFC_TLG" BlockNumber="404" BitOffset="688" Informative="true" />
      </Symbol>
    </Access>
    <Access Scope="GlobalVariable" UId="23">
      <IntegerAttribute Name="NumBLs" Informative="true">5</IntegerAttribute>
      <Symbol>
        <Component Name="FGDB_000XTT002" />
        <Component Name="ifcTlgLog" />
        <Address Area="DB" Type="iUDT_IFC_TLG_LOG" BlockNumber="404" BitOffset="102384" Informative="true" />
      </Symbol>
    </Access>
    <Access Scope="GlobalVariable" UId="24">
      <IntegerAttribute Name="NumBLs" Informative="true">5</IntegerAttribute>
      <Symbol>
        <Component Name="iDB_SYS_DFI1_READ_DATA" />
        <Address Area="DB" Type="iUDT_IFC_SYS_DFI_READ_DATA" BlockNumber="24" BitOffset="0" Informative="true" />
      </Symbol>
    </Access>
    <Access Scope="GlobalVariable" UId="25">
      <IntegerAttribute Name="NumBLs" Informative="true">5</IntegerAttribute>
      <Symbol>
        <Component Name="iDB_SYS_DFI1_TLG_LOG" />
        <Address Area="DB" Type="iUDT_COM_TCP_LOG" BlockNumber="367" BitOffset="0" Informative="true" />
      </Symbol>
    </Access>
    <Call UId="26">
      <CallInfo Name="iAF_COM_TCP_TLG_LOG" BlockType="FB">
        <IntegerAttribute Name="BlockNumber" Informative="true">29</IntegerAttribute>
        <DateAttribute Name="ParameterModifiedTS" Informative="true">2020-04-28T18:30:50</DateAttribute>
        <Instance Scope="GlobalVariable" UId="27">
          <Component Name="FGDB_000XTT002@iAF_COM_TCP_TLG" />
          <Address Area="DB" Type="iAF_COM_TCP_TLG_LOG" BlockNumber="405" BitOffset="0" Informative="true" />
        </Instance>
        <Parameter Name="connectionNumber" Section="Input" Type="String[2]">
          <StringAttribute Name="InterfaceFlags" Informative="true">S7_Visible</StringAttribute>
        </Parameter>
        <Parameter Name="IfcTLG" Section="InOut" Type="&quot;iUDT_IFC_TLG&quot;">
          <StringAttribute Name="InterfaceFlags" Informative="true">S7_Visible</StringAttribute>
        </Parameter>
        <Parameter Name="ifcTlgLog" Section="InOut" Type="&quot;iUDT_IFC_TLG_LOG&quot;">
          <StringAttribute Name="InterfaceFlags" Informative="true">S7_Visible</StringAttribute>
        </Parameter>
        <Parameter Name="ifcSysDfiReadData" Section="InOut" Type="&quot;iUDT_IFC_SYS_DFI_READ_DATA&quot;">
          <StringAttribute Name="InterfaceFlags" Informative="true">S7_Visible</StringAttribute>
        </Parameter>
        <Parameter Name="ifcSysDfiTlgLog" Section="InOut" Type="&quot;iUDT_COM_TCP_LOG&quot;">
          <StringAttribute Name="InterfaceFlags" Informative="true">S7_Visible</StringAttribute>
        </Parameter>
      </CallInfo>
    </Call>
  </Parts>
  <Wires>
    <Wire UId="29">
      <OpenCon UId="28" />
      <NameCon UId="26" Name="en" />
    </Wire>
    <Wire UId="30">
      <IdentCon UId="21" />
      <NameCon UId="26" Name="connectionNumber" />
    </Wire>
    <Wire UId="31">
      <IdentCon UId="22" />
      <NameCon UId="26" Name="IfcTLG" />
    </Wire>
    <Wire UId="32">
      <IdentCon UId="23" />
      <NameCon UId="26" Name="ifcTlgLog" />
    </Wire>
    <Wire UId="33">
      <IdentCon UId="24" />
      <NameCon UId="26" Name="ifcSysDfiReadData" />
    </Wire>
    <Wire UId="34">
      <IdentCon UId="25" />
      <NameCon UId="26" Name="ifcSysDfiTlgLog" />
    </Wire>
  </Wires>
</FlgNet></NetworkSource>
          <ProgrammingLanguage>FBD</ProgrammingLanguage>
        </AttributeList>
        <ObjectList>
          <MultilingualText ID="C" CompositionName="Comment">
            <ObjectList>
              <MultilingualTextItem ID="D" CompositionName="Items">
                <AttributeList>
                  <Culture>en-US</Culture>
                  <Text />
                </AttributeList>
              </MultilingualTextItem>
              <MultilingualTextItem ID="E" CompositionName="Items">
                <AttributeList>
                  <Culture>de-DE</Culture>
                  <Text />
                </AttributeList>
              </MultilingualTextItem>
            </ObjectList>
          </MultilingualText>
          <MultilingualText ID="F" CompositionName="Title">
            <ObjectList>
              <MultilingualTextItem ID="10" CompositionName="Items">
                <AttributeList>
                  <Culture>en-US</Culture>
                  <Text />
                </AttributeList>
              </MultilingualTextItem>
              <MultilingualTextItem ID="11" CompositionName="Items">
                <AttributeList>
                  <Culture>de-DE</Culture>
                  <Text>Aufruf iAF_COM_TCP_TLG_LOG</Text>
                </AttributeList>
              </MultilingualTextItem>
            </ObjectList>
          </MultilingualText>
        </ObjectList>
      </SW.Blocks.CompileUnit>
      <SW.Blocks.CompileUnit ID="12" CompositionName="CompileUnits">
        <AttributeList>
          <NetworkSource><FlgNet xmlns="http://www.siemens.com/automation/Openness/SW/NetworkSource/FlgNet/v4">
  <Parts>
    <Access Scope="GlobalVariable" UId="21">
      <IntegerAttribute Name="NumBLs" Informative="true">5</IntegerAttribute>
      <Symbol>
        <Component Name="FGDB_000XTT002@AddOn" />
        <Component Name="AddT" />
        <Component Name="ModeOnline" />
        <Address Area="DB" Type="Bool" BlockNumber="570" BitOffset="0" Informative="true" />
      </Symbol>
    </Access>
    <Access Scope="GlobalVariable" UId="22">
      <IntegerAttribute Name="NumBLs" Informative="true">5</IntegerAttribute>
      <Symbol>
        <Component Name="FGDB_000XTT002@REWORKING" />
        <Component Name="modeOnline" />
        <Address Area="DB" Type="Bool" BlockNumber="403" BitOffset="16" Informative="true" />
      </Symbol>
    </Access>
    <Part Name="Coil" UId="23" />
  </Parts>
  <Wires>
    <Wire UId="24">
      <IdentCon UId="21" />
      <NameCon UId="23" Name="in" />
    </Wire>
    <Wire UId="25">
      <IdentCon UId="22" />
      <NameCon UId="23" Name="operand" />
    </Wire>
  </Wires>
</FlgNet></NetworkSource>
          <ProgrammingLanguage>FBD</ProgrammingLanguage>
        </AttributeList>
        <ObjectList>
          <MultilingualText ID="13" CompositionName="Comment">
            <ObjectList>
              <MultilingualTextItem ID="14" CompositionName="Items">
                <AttributeList>
                  <Culture>en-US</Culture>
                  <Text />
                </AttributeList>
              </MultilingualTextItem>
              <MultilingualTextItem ID="15" CompositionName="Items">
                <AttributeList>
                  <Culture>de-DE</Culture>
                  <Text />
                </AttributeList>
              </MultilingualTextItem>
            </ObjectList>
          </MultilingualText>
          <MultilingualText ID="16" CompositionName="Title">
            <ObjectList>
              <MultilingualTextItem ID="17" CompositionName="Items">
                <AttributeList>
                  <Culture>en-US</Culture>
                  <Text />
                </AttributeList>
              </MultilingualTextItem>
              <MultilingualTextItem ID="18" CompositionName="Items">
                <AttributeList>
                  <Culture>de-DE</Culture>
                  <Text>PLUS-Client in Betriebsart Online</Text>
                </AttributeList>
              </MultilingualTextItem>
            </ObjectList>
          </MultilingualText>
        </ObjectList>
      </SW.Blocks.CompileUnit>
      <SW.Blocks.CompileUnit ID="19" CompositionName="CompileUnits">
        <AttributeList>
          <NetworkSource><FlgNet xmlns="http://www.siemens.com/automation/Openness/SW/NetworkSource/FlgNet/v4">
  <Parts>
    <Access Scope="GlobalVariable" UId="21">
      <IntegerAttribute Name="NumBLs" Informative="true">5</IntegerAttribute>
      <Symbol>
        <Component Name="FGDB_001XSR012" />
        <Component Name="D" />
        <Component Name="ghostModeOn" />
        <Address Area="DB" Type="Bool" BlockNumber="129" BitOffset="877" Informative="true" />
      </Symbol>
    </Access>
    <Access Scope="GlobalVariable" UId="22">
      <IntegerAttribute Name="NumBLs" Informative="true">5</IntegerAttribute>
      <Symbol>
        <Component Name="FGDB_000XTT002@REWORKING" />
        <Component Name="Settings" />
        <Component Name="withoutPLUS" />
        <Address Area="DB" Type="Bool" BlockNumber="403" BitOffset="784" Informative="true" />
      </Symbol>
    </Access>
    <Part Name="Coil" UId="23" />
  </Parts>
  <Wires>
    <Wire UId="24">
      <IdentCon UId="21" />
      <NameCon UId="23" Name="in" />
    </Wire>
    <Wire UId="25">
      <IdentCon UId="22" />
      <NameCon UId="23" Name="operand" />
    </Wire>
  </Wires>
</FlgNet></NetworkSource>
          <ProgrammingLanguage>FBD</ProgrammingLanguage>
        </AttributeList>
        <ObjectList>
          <MultilingualText ID="1A" CompositionName="Comment">
            <ObjectList>
              <MultilingualTextItem ID="1B" CompositionName="Items">
                <AttributeList>
                  <Culture>en-US</Culture>
                  <Text />
                </AttributeList>
              </MultilingualTextItem>
              <MultilingualTextItem ID="1C" CompositionName="Items">
                <AttributeList>
                  <Culture>de-DE</Culture>
                  <Text />
                </AttributeList>
              </MultilingualTextItem>
            </ObjectList>
          </MultilingualText>
          <MultilingualText ID="1D" CompositionName="Title">
            <ObjectList>
              <MultilingualTextItem ID="1E" CompositionName="Items">
                <AttributeList>
                  <Culture>en-US</Culture>
                  <Text />
                </AttributeList>
              </MultilingualTextItem>
              <MultilingualTextItem ID="1F" CompositionName="Items">
                <AttributeList>
                  <Culture>de-DE</Culture>
                  <Text>* 1 = Ohne PLUS</Text>
                </AttributeList>
              </MultilingualTextItem>
            </ObjectList>
          </MultilingualText>
        </ObjectList>
      </SW.Blocks.CompileUnit>
      <SW.Blocks.CompileUnit ID="20" CompositionName="CompileUnits">
        <AttributeList>
          <NetworkSource><FlgNet xmlns="http://www.siemens.com/automation/Openness/SW/NetworkSource/FlgNet/v4">
  <Parts>
    <Access Scope="GlobalVariable" UId="21">
      <IntegerAttribute Name="NumBLs" Informative="true">5</IntegerAttribute>
      <Symbol>
        <Component Name="DB_ACTIONS_060XSK001" />
        <Component Name="A_Request_Inspection" />
        <Address Area="DB" Type="Bool" BlockNumber="286" BitOffset="17" Informative="true" />
      </Symbol>
    </Access>
    <Access Scope="GlobalVariable" UId="22">
      <IntegerAttribute Name="NumBLs" Informative="true">5</IntegerAttribute>
      <Symbol>
        <Component Name="FGDB_000XTT002@REWORKING" />
        <Component Name="modeOnline" />
        <Address Area="DB" Type="Bool" BlockNumber="403" BitOffset="16" Informative="true" />
      </Symbol>
    </Access>
    <Access Scope="GlobalVariable" UId="23">
      <IntegerAttribute Name="NumBLs" Informative="true">5</IntegerAttribute>
      <Symbol>
        <Component Name="FGDB_000XTT002@REWORKING" />
        <Component Name="fault" />
        <Address Area="DB" Type="Bool" BlockNumber="403" BitOffset="289" Informative="true" />
      </Symbol>
    </Access>
    <Access Scope="GlobalVariable" UId="24">
      <IntegerAttribute Name="NumBLs" Informative="true">5</IntegerAttribute>
      <Symbol>
        <Component Name="FGDB_001XSR099" />
        <Component Name="D" />
        <Component Name="ghostModeOn" />
        <Address Area="DB" Type="Bool" BlockNumber="52" BitOffset="877" Informative="true" />
      </Symbol>
    </Access>
    <Access Scope="GlobalVariable" UId="25">
      <IntegerAttribute Name="NumBLs" Informative="true">5</IntegerAttribute>
      <Symbol>
        <Component Name="FGDB_000XTT002@REWORKING" />
        <Component Name="requestInspection" />
        <Address Area="DB" Type="Bool" BlockNumber="403" BitOffset="17" Informative="true" />
      </Symbol>
    </Access>
    <Part Name="A" UId="26">
      <TemplateValue Name="Card" Type="Cardinality">4</TemplateValue>
      <Negated Name="in3" />
      <Negated Name="in4" />
    </Part>
    <Part Name="Coil" UId="27" />
  </Parts>
  <Wires>
    <Wire UId="28">
      <IdentCon UId="21" />
      <NameCon UId="26" Name="in1" />
    </Wire>
    <Wire UId="29">
      <IdentCon UId="22" />
      <NameCon UId="26" Name="in2" />
    </Wire>
    <Wire UId="30">
      <IdentCon UId="23" />
      <NameCon UId="26" Name="in3" />
    </Wire>
    <Wire UId="31">
      <IdentCon UId="24" />
      <NameCon UId="26" Name="in4" />
    </Wire>
    <Wire UId="32">
      <NameCon UId="26" Name="out" />
      <NameCon UId="27" Name="in" />
    </Wire>
    <Wire UId="33">
      <IdentCon UId="25" />
      <NameCon UId="27" Name="operand" />
    </Wire>
  </Wires>
</FlgNet></NetworkSource>
          <ProgrammingLanguage>FBD</ProgrammingLanguage>
        </AttributeList>
        <ObjectList>
          <MultilingualText ID="21" CompositionName="Comment">
            <ObjectList>
              <MultilingualTextItem ID="22" CompositionName="Items">
                <AttributeList>
                  <Culture>en-US</Culture>
                  <Text />
                </AttributeList>
              </MultilingualTextItem>
              <MultilingualTextItem ID="23" CompositionName="Items">
                <AttributeList>
                  <Culture>de-DE</Culture>
                  <Text />
                </AttributeList>
              </MultilingualTextItem>
            </ObjectList>
          </MultilingualText>
          <MultilingualText ID="24" CompositionName="Title">
            <ObjectList>
              <MultilingualTextItem ID="25" CompositionName="Items">
                <AttributeList>
                  <Culture>en-US</Culture>
                  <Text />
                </AttributeList>
              </MultilingualTextItem>
              <MultilingualTextItem ID="26" CompositionName="Items">
                <AttributeList>
                  <Culture>de-DE</Culture>
                  <Text>Anstoss Telegramm Kontrolle Nacharbeit</Text>
                </AttributeList>
              </MultilingualTextItem>
            </ObjectList>
          </MultilingualText>
        </ObjectList>
      </SW.Blocks.CompileUnit>
      <SW.Blocks.CompileUnit ID="27" CompositionName="CompileUnits">
        <AttributeList>
          <NetworkSource><FlgNet xmlns="http://www.siemens.com/automation/Openness/SW/NetworkSource/FlgNet/v4">
  <Parts>
    <Access Scope="GlobalVariable" UId="21">
      <IntegerAttribute Name="NumBLs" Informative="true">5</IntegerAttribute>
      <Symbol>
        <Component Name="DB_ACTIONS_060XSK001" />
        <Component Name="A_Nachricht_herausgenommen" />
        <Address Area="DB" Type="Bool" BlockNumber="286" BitOffset="20" Informative="true" />
      </Symbol>
    </Access>
    <Access Scope="GlobalVariable" UId="22">
      <IntegerAttribute Name="NumBLs" Informative="true">5</IntegerAttribute>
      <Symbol>
        <Component Name="FGDB_000XTT002@REWORKING" />
        <Component Name="modeOnline" />
        <Address Area="DB" Type="Bool" BlockNumber="403" BitOffset="16" Informative="true" />
      </Symbol>
    </Access>
    <Access Scope="GlobalVariable" UId="23">
      <IntegerAttribute Name="NumBLs" Informative="true">5</IntegerAttribute>
      <Symbol>
        <Component Name="FGDB_000XTT002@REWORKING" />
        <Component Name="fault" />
        <Address Area="DB" Type="Bool" BlockNumber="403" BitOffset="289" Informative="true" />
      </Symbol>
    </Access>
    <Access Scope="GlobalVariable" UId="24">
      <IntegerAttribute Name="NumBLs" Informative="true">5</IntegerAttribute>
      <Symbol>
        <Component Name="FGDB_001XSR099" />
        <Component Name="D" />
        <Component Name="ghostModeOn" />
        <Address Area="DB" Type="Bool" BlockNumber="52" BitOffset="877" Informative="true" />
      </Symbol>
    </Access>
    <Access Scope="GlobalVariable" UId="25">
      <IntegerAttribute Name="NumBLs" Informative="true">5</IntegerAttribute>
      <Symbol>
        <Component Name="FGDB_000XTT002@REWORKING" />
        <Component Name="messageTakenOut" />
        <Address Area="DB" Type="Bool" BlockNumber="403" BitOffset="18" Informative="true" />
      </Symbol>
    </Access>
    <Part Name="A" UId="26">
      <TemplateValue Name="Card" Type="Cardinality">4</TemplateValue>
      <Negated Name="in3" />
      <Negated Name="in4" />
    </Part>
    <Part Name="Coil" UId="27" />
  </Parts>
  <Wires>
    <Wire UId="28">
      <IdentCon UId="21" />
      <NameCon UId="26" Name="in1" />
    </Wire>
    <Wire UId="29">
      <IdentCon UId="22" />
      <NameCon UId="26" Name="in2" />
    </Wire>
    <Wire UId="30">
      <IdentCon UId="23" />
      <NameCon UId="26" Name="in3" />
    </Wire>
    <Wire UId="31">
      <IdentCon UId="24" />
      <NameCon UId="26" Name="in4" />
    </Wire>
    <Wire UId="32">
      <NameCon UId="26" Name="out" />
      <NameCon UId="27" Name="in" />
    </Wire>
    <Wire UId="33">
      <IdentCon UId="25" />
      <NameCon UId="27" Name="operand" />
    </Wire>
  </Wires>
</FlgNet></NetworkSource>
          <ProgrammingLanguage>FBD</ProgrammingLanguage>
        </AttributeList>
        <ObjectList>
          <MultilingualText ID="28" CompositionName="Comment">
            <ObjectList>
              <MultilingualTextItem ID="29" CompositionName="Items">
                <AttributeList>
                  <Culture>en-US</Culture>
                  <Text />
                </AttributeList>
              </MultilingualTextItem>
              <MultilingualTextItem ID="2A" CompositionName="Items">
                <AttributeList>
                  <Culture>de-DE</Culture>
                  <Text />
                </AttributeList>
              </MultilingualTextItem>
            </ObjectList>
          </MultilingualText>
          <MultilingualText ID="2B" CompositionName="Title">
            <ObjectList>
              <MultilingualTextItem ID="2C" CompositionName="Items">
                <AttributeList>
                  <Culture>en-US</Culture>
                  <Text />
                </AttributeList>
              </MultilingualTextItem>
              <MultilingualTextItem ID="2D" CompositionName="Items">
                <AttributeList>
                  <Culture>de-DE</Culture>
                  <Text>Anstoss Telegramm Ausfahrt Station</Text>
                </AttributeList>
              </MultilingualTextItem>
            </ObjectList>
          </MultilingualText>
        </ObjectList>
      </SW.Blocks.CompileUnit>
      <SW.Blocks.CompileUnit ID="2E" CompositionName="CompileUnits">
        <AttributeList>
          <NetworkSource><FlgNet xmlns="http://www.siemens.com/automation/Openness/SW/NetworkSource/FlgNet/v4">
  <Parts>
    <Access Scope="GlobalVariable" UId="21">
      <IntegerAttribute Name="NumBLs" Informative="true">5</IntegerAttribute>
      <Symbol>
        <Component Name="FGDB_000XTT002@REWORKING" />
        <Component Name="modeOnline" />
        <Address Area="DB" Type="Bool" BlockNumber="403" BitOffset="16" Informative="true" />
      </Symbol>
    </Access>
    <Access Scope="GlobalVariable" UId="22">
      <IntegerAttribute Name="NumBLs" Informative="true">5</IntegerAttribute>
      <Symbol>
        <Component Name="FGDB_000XTT002@REWORKING" />
        <Component Name="requestInspection" />
        <Address Area="DB" Type="Bool" BlockNumber="403" BitOffset="17" Informative="true" />
      </Symbol>
    </Access>
    <Access Scope="GlobalVariable" UId="23">
      <IntegerAttribute Name="NumBLs" Informative="true">5</IntegerAttribute>
      <Symbol>
        <Component Name="FGDB_000XTT002@REWORKING" />
        <Component Name="messageTakenOut" />
        <Address Area="DB" Type="Bool" BlockNumber="403" BitOffset="18" Informative="true" />
      </Symbol>
    </Access>
    <Access Scope="LiteralConstant" UId="24">
      <IntegerAttribute Name="NumBLs" Informative="true">5</IntegerAttribute>
      <Constant>
        <ConstantType>String</ConstantType>
        <ConstantValue>'007886'</ConstantValue>
        <StringAttribute Name="Format" Informative="true">String</StringAttribute>
      </Constant>
    </Access>
    <Access Scope="LiteralConstant" UId="25">
      <IntegerAttribute Name="NumBLs" Informative="true">5</IntegerAttribute>
      <Constant>
        <ConstantType>String</ConstantType>
        <ConstantValue>'KNR'</ConstantValue>
        <StringAttribute Name="Format" Informative="true">String</StringAttribute>
      </Constant>
    </Access>
    <Access Scope="GlobalVariable" UId="26">
      <IntegerAttribute Name="NumBLs" Informative="true">5</IntegerAttribute>
      <Symbol>
        <Component Name="DB_060DGC009@USERDATA" />
        <Component Name="KN" />
        <Address Area="DB" Type="Array[1..8] of Char" BlockNumber="284" BitOffset="0" Informative="true" />
      </Symbol>
    </Access>
    <Access Scope="GlobalVariable" UId="27">
      <IntegerAttribute Name="NumBLs" Informative="true">5</IntegerAttribute>
      <Symbol>
        <Component Name="FGDB_000XTT002" />
        <Component Name="IfcFGExternal" />
        <Address Area="DB" Type="iUDT_IFC_SYS_EXTERNAL_ALARM" BlockNumber="404" BitOffset="464" Informative="true" />
      </Symbol>
    </Access>
    <Access Scope="GlobalVariable" UId="28">
      <IntegerAttribute Name="NumBLs" Informative="true">5</IntegerAttribute>
      <Symbol>
        <Component Name="FGDB_000XTT002" />
        <Component Name="IfcTLG" />
        <Address Area="DB" Type="iUDT_IFC_TLG" BlockNumber="404" BitOffset="688" Informative="true" />
      </Symbol>
    </Access>
    <Access Scope="GlobalVariable" UId="29">
      <IntegerAttribute Name="NumBLs" Informative="true">5</IntegerAttribute>
      <Symbol>
        <Component Name="DB_TLG_SEND_MONL" />
        <Address Area="DB" Type="iUDT_TLG_MONL" BlockNumber="524" BitOffset="0" Informative="true" />
      </Symbol>
    </Access>
    <Access Scope="GlobalVariable" UId="30">
      <IntegerAttribute Name="NumBLs" Informative="true">5</IntegerAttribute>
      <Symbol>
        <Component Name="DB_TLG_SEND_MOFL" />
        <Address Area="DB" Type="iUDT_TLG_MOFL" BlockNumber="525" BitOffset="0" Informative="true" />
      </Symbol>
    </Access>
    <Access Scope="GlobalVariable" UId="31">
      <IntegerAttribute Name="NumBLs" Informative="true">5</IntegerAttribute>
      <Symbol>
        <Component Name="DB_TLG_RECV_ASTA" />
        <Address Area="DB" Type="iUDT_TLG_ASTA" BlockNumber="505" BitOffset="0" Informative="true" />
      </Symbol>
    </Access>
    <Access Scope="GlobalVariable" UId="32">
      <IntegerAttribute Name="NumBLs" Informative="true">5</IntegerAttribute>
      <Symbol>
        <Component Name="DB_TLG_SEND_AKOV" />
        <Address Area="DB" Type="iUDT_TLG_AKOV" BlockNumber="475" BitOffset="0" Informative="true" />
      </Symbol>
    </Access>
    <Access Scope="GlobalVariable" UId="33">
      <IntegerAttribute Name="NumBLs" Informative="true">5</IntegerAttribute>
      <Symbol>
        <Component Name="DB_TLG_RECV_SCHV" />
        <Address Area="DB" Type="iUDT_TLG_SCHV" BlockNumber="526" BitOffset="0" Informative="true" />
      </Symbol>
    </Access>
    <Access Scope="GlobalVariable" UId="34">
      <IntegerAttribute Name="NumBLs" Informative="true">5</IntegerAttribute>
      <Symbol>
        <Component Name="DB_TLG_RECV_FKOV" />
        <Address Area="DB" Type="iUDT_TLG_FKOV" BlockNumber="476" BitOffset="0" Informative="true" />
      </Symbol>
    </Access>
    <Access Scope="GlobalVariable" UId="35">
      <IntegerAttribute Name="NumBLs" Informative="true">5</IntegerAttribute>
      <Symbol>
        <Component Name="DB_TLG_SEND_MAUV" />
        <Address Area="DB" Type="iUDT_TLG_MAUV" BlockNumber="482" BitOffset="0" Informative="true" />
      </Symbol>
    </Access>
    <Access Scope="GlobalVariable" UId="36">
      <IntegerAttribute Name="NumBLs" Informative="true">5</IntegerAttribute>
      <Symbol>
        <Component Name="DB_TLG_RECV_ENEV" />
        <Address Area="DB" Type="iUDT_TLG_ENEV" BlockNumber="429" BitOffset="0" Informative="true" />
      </Symbol>
    </Access>
    <Access Scope="GlobalVariable" UId="37">
      <IntegerAttribute Name="NumBLs" Informative="true">5</IntegerAttribute>
      <Symbol>
        <Component Name="FGDB_000XTT002@REWORKING" />
        <Component Name="inspectionOK" />
        <Address Area="DB" Type="Bool" BlockNumber="403" BitOffset="209" Informative="true" />
      </Symbol>
    </Access>
    <Access Scope="GlobalVariable" UId="38">
      <IntegerAttribute Name="NumBLs" Informative="true">5</IntegerAttribute>
      <Symbol>
        <Component Name="FGDB_000XTT002@REWORKING" />
        <Component Name="inspectionResult" />
        <Address Area="DB" Type="Array[1..32] of Bool" BlockNumber="403" BitOffset="224" Informative="true" />
      </Symbol>
    </Access>
    <Access Scope="GlobalVariable" UId="39">
      <IntegerAttribute Name="NumBLs" Informative="true">5</IntegerAttribute>
      <Symbol>
        <Component Name="FGDB_000XTT002@REWORKING" />
        <Component Name="infoAvailable" />
        <Address Area="DB" Type="Bool" BlockNumber="403" BitOffset="256" Informative="true" />
      </Symbol>
    </Access>
    <Access Scope="GlobalVariable" UId="40">
      <IntegerAttribute Name="NumBLs" Informative="true">5</IntegerAttribute>
      <Symbol>
        <Component Name="FGDB_000XTT002@REWORKING" />
        <Component Name="info" />
        <Address Area="DB" Type="Array[1..16] of Bool" BlockNumber="403" BitOffset="272" Informative="true" />
      </Symbol>
    </Access>
    <Access Scope="GlobalVariable" UId="41">
      <IntegerAttribute Name="NumBLs" Informative="true">5</IntegerAttribute>
      <Symbol>
        <Component Name="FGDB_000XTT002@REWORKING" />
        <Component Name="takenOutOK" />
        <Address Area="DB" Type="Bool" BlockNumber="403" BitOffset="288" Informative="true" />
      </Symbol>
    </Access>
    <Access Scope="GlobalVariable" UId="42">
      <IntegerAttribute Name="NumBLs" Informative="true">5</IntegerAttribute>
      <Symbol>
        <Component Name="FGDB_000XTT002@REWORKING" />
        <Component Name="fault" />
        <Address Area="DB" Type="Bool" BlockNumber="403" BitOffset="289" Informative="true" />
      </Symbol>
    </Access>
    <Call UId="43">
      <CallInfo Name="iSF_TLG_REWORKING" BlockType="FB">
        <IntegerAttribute Name="BlockNumber" Informative="true">116</IntegerAttribute>
        <DateAttribute Name="ParameterModifiedTS" Informative="true">2020-05-06T08:37:27</DateAttribute>
        <Instance Scope="GlobalVariable" UId="44">
          <Component Name="FGDB_000XTT002@REWORKING" />
          <Address Area="DB" Type="iSF_TLG_REWORKING" BlockNumber="403" BitOffset="0" Informative="true" />
        </Instance>
        <Parameter Name="fct" Section="Input" Type="Int">
          <StringAttribute Name="InterfaceFlags" Informative="true">S7_Visible</StringAttribute>
        </Parameter>
        <Parameter Name="modeOnline" Section="Input" Type="Bool">
          <StringAttribute Name="InterfaceFlags" Informative="true">S7_Visible</StringAttribute>
        </Parameter>
        <Parameter Name="requestInspection" Section="Input" Type="Bool">
          <StringAttribute Name="InterfaceFlags" Informative="true">S7_Visible</StringAttribute>
        </Parameter>
        <Parameter Name="messageTakenOut" Section="Input" Type="Bool">
          <StringAttribute Name="InterfaceFlags" Informative="true">S7_Visible</StringAttribute>
        </Parameter>
        <Parameter Name="functionPoint" Section="Input" Type="String[6]">
          <StringAttribute Name="InterfaceFlags" Informative="true">S7_Visible</StringAttribute>
        </Parameter>
        <Parameter Name="identType" Section="Input" Type="String[12]">
          <StringAttribute Name="InterfaceFlags" Informative="true">S7_Visible</StringAttribute>
        </Parameter>
        <Parameter Name="ident" Section="Input" Type="Variant">
          <StringAttribute Name="InterfaceFlags" Informative="true">S7_Visible</StringAttribute>
        </Parameter>
        <Parameter Name="inspectionFinish" Section="Output" Type="Bool">
          <StringAttribute Name="InterfaceFlags" Informative="true">S7_Visible</StringAttribute>
        </Parameter>
        <Parameter Name="inspectionOK" Section="Output" Type="Bool">
          <StringAttribute Name="InterfaceFlags" Informative="true">S7_Visible</StringAttribute>
        </Parameter>
        <Parameter Name="inspectionNOK" Section="Output" Type="Bool">
          <StringAttribute Name="InterfaceFlags" Informative="true">S7_Visible</StringAttribute>
        </Parameter>
        <Parameter Name="inspectionResult" Section="Output" Type="Array[1..32] of Bool">
          <StringAttribute Name="InterfaceFlags" Informative="true">S7_Visible</StringAttribute>
        </Parameter>
        <Parameter Name="infoAvailable" Section="Output" Type="Bool">
          <StringAttribute Name="InterfaceFlags" Informative="true">S7_Visible</StringAttribute>
        </Parameter>
        <Parameter Name="info" Section="Output" Type="Array[1..16] of Bool">
          <StringAttribute Name="InterfaceFlags" Informative="true">S7_Visible</StringAttribute>
        </Parameter>
        <Parameter Name="takenOutOK" Section="Output" Type="Bool">
          <StringAttribute Name="InterfaceFlags" Informative="true">S7_Visible</StringAttribute>
        </Parameter>
        <Parameter Name="fault" Section="Output" Type="Bool">
          <StringAttribute Name="InterfaceFlags" Informative="true">S7_Visible</StringAttribute>
        </Parameter>
        <Parameter Name="IfcFgExternal" Section="InOut" Type="&quot;iUDT_IFC_SYS_EXTERNAL_ALARM&quot;">
          <StringAttribute Name="InterfaceFlags" Informative="true">S7_Visible</StringAttribute>
        </Parameter>
        <Parameter Name="IfcTLG" Section="InOut" Type="&quot;iUDT_IFC_TLG&quot;">
          <StringAttribute Name="InterfaceFlags" Informative="true">S7_Visible</StringAttribute>
        </Parameter>
        <Parameter Name="DB_TLG_SEND_MONL" Section="InOut" Type="&quot;iUDT_TLG_MONL&quot;">
          <StringAttribute Name="InterfaceFlags" Informative="true">S7_Visible</StringAttribute>
        </Parameter>
        <Parameter Name="DB_TLG_SEND_MOFL" Section="InOut" Type="&quot;iUDT_TLG_MOFL&quot;">
          <StringAttribute Name="InterfaceFlags" Informative="true">S7_Visible</StringAttribute>
        </Parameter>
        <Parameter Name="DB_TLG_RECV_ASTA" Section="InOut" Type="&quot;iUDT_TLG_ASTA&quot;">
          <StringAttribute Name="InterfaceFlags" Informative="true">S7_Visible</StringAttribute>
        </Parameter>
        <Parameter Name="DB_TLG_SEND_AKOV" Section="InOut" Type="&quot;iUDT_TLG_AKOV&quot;">
          <StringAttribute Name="InterfaceFlags" Informative="true">S7_Visible</StringAttribute>
        </Parameter>
        <Parameter Name="DB_TLG_RECV_SCHV" Section="InOut" Type="&quot;iUDT_TLG_SCHV&quot;">
          <StringAttribute Name="InterfaceFlags" Informative="true">S7_Visible</StringAttribute>
        </Parameter>
        <Parameter Name="DB_TLG_RECV_FKOV" Section="InOut" Type="&quot;iUDT_TLG_FKOV&quot;">
          <StringAttribute Name="InterfaceFlags" Informative="true">S7_Visible</StringAttribute>
        </Parameter>
        <Parameter Name="DB_TLG_SEND_MAUV" Section="InOut" Type="&quot;iUDT_TLG_MAUV&quot;">
          <StringAttribute Name="InterfaceFlags" Informative="true">S7_Visible</StringAttribute>
        </Parameter>
        <Parameter Name="DB_TLG_RECV_ENEV" Section="InOut" Type="&quot;iUDT_TLG_ENEV&quot;">
          <StringAttribute Name="InterfaceFlags" Informative="true">S7_Visible</StringAttribute>
        </Parameter>
      </CallInfo>
    </Call>
  </Parts>
  <Wires>
    <Wire UId="49">
      <OpenCon UId="45" />
      <NameCon UId="43" Name="en" />
    </Wire>
    <Wire UId="50">
      <OpenCon UId="46" />
      <NameCon UId="43" Name="fct" />
    </Wire>
    <Wire UId="51">
      <IdentCon UId="21" />
      <NameCon UId="43" Name="modeOnline" />
    </Wire>
    <Wire UId="52">
      <IdentCon UId="22" />
      <NameCon UId="43" Name="requestInspection" />
    </Wire>
    <Wire UId="53">
      <IdentCon UId="23" />
      <NameCon UId="43" Name="messageTakenOut" />
    </Wire>
    <Wire UId="54">
      <IdentCon UId="24" />
      <NameCon UId="43" Name="functionPoint" />
    </Wire>
    <Wire UId="55">
      <IdentCon UId="25" />
      <NameCon UId="43" Name="identType" />
    </Wire>
    <Wire UId="56">
      <IdentCon UId="26" />
      <NameCon UId="43" Name="ident" />
    </Wire>
    <Wire UId="57">
      <IdentCon UId="27" />
      <NameCon UId="43" Name="IfcFgExternal" />
    </Wire>
    <Wire UId="58">
      <IdentCon UId="28" />
      <NameCon UId="43" Name="IfcTLG" />
    </Wire>
    <Wire UId="59">
      <IdentCon UId="29" />
      <NameCon UId="43" Name="DB_TLG_SEND_MONL" />
    </Wire>
    <Wire UId="60">
      <IdentCon UId="30" />
      <NameCon UId="43" Name="DB_TLG_SEND_MOFL" />
    </Wire>
    <Wire UId="61">
      <IdentCon UId="31" />
      <NameCon UId="43" Name="DB_TLG_RECV_ASTA" />
    </Wire>
    <Wire UId="62">
      <IdentCon UId="32" />
      <NameCon UId="43" Name="DB_TLG_SEND_AKOV" />
    </Wire>
    <Wire UId="63">
      <IdentCon UId="33" />
      <NameCon UId="43" Name="DB_TLG_RECV_SCHV" />
    </Wire>
    <Wire UId="64">
      <IdentCon UId="34" />
      <NameCon UId="43" Name="DB_TLG_RECV_FKOV" />
    </Wire>
    <Wire UId="65">
      <IdentCon UId="35" />
      <NameCon UId="43" Name="DB_TLG_SEND_MAUV" />
    </Wire>
    <Wire UId="66">
      <IdentCon UId="36" />
      <NameCon UId="43" Name="DB_TLG_RECV_ENEV" />
    </Wire>
    <Wire UId="67">
      <NameCon UId="43" Name="inspectionFinish" />
      <OpenCon UId="47" />
    </Wire>
    <Wire UId="68">
      <NameCon UId="43" Name="inspectionOK" />
      <IdentCon UId="37" />
    </Wire>
    <Wire UId="69">
      <NameCon UId="43" Name="inspectionNOK" />
      <OpenCon UId="48" />
    </Wire>
    <Wire UId="70">
      <NameCon UId="43" Name="inspectionResult" />
      <IdentCon UId="38" />
    </Wire>
    <Wire UId="71">
      <NameCon UId="43" Name="infoAvailable" />
      <IdentCon UId="39" />
    </Wire>
    <Wire UId="72">
      <NameCon UId="43" Name="info" />
      <IdentCon UId="40" />
    </Wire>
    <Wire UId="73">
      <NameCon UId="43" Name="takenOutOK" />
      <IdentCon UId="41" />
    </Wire>
    <Wire UId="74">
      <NameCon UId="43" Name="fault" />
      <IdentCon UId="42" />
    </Wire>
  </Wires>
</FlgNet></NetworkSource>
          <ProgrammingLanguage>FBD</ProgrammingLanguage>
        </AttributeList>
        <ObjectList>
          <MultilingualText ID="2F" CompositionName="Comment">
            <ObjectList>
              <MultilingualTextItem ID="30" CompositionName="Items">
                <AttributeList>
                  <Culture>en-US</Culture>
                  <Text />
                </AttributeList>
              </MultilingualTextItem>
              <MultilingualTextItem ID="31" CompositionName="Items">
                <AttributeList>
                  <Culture>de-DE</Culture>
                  <Text />
                </AttributeList>
              </MultilingualTextItem>
            </ObjectList>
          </MultilingualText>
          <MultilingualText ID="32" CompositionName="Title">
            <ObjectList>
              <MultilingualTextItem ID="33" CompositionName="Items">
                <AttributeList>
                  <Culture>en-US</Culture>
                  <Text />
                </AttributeList>
              </MultilingualTextItem>
              <MultilingualTextItem ID="34" CompositionName="Items">
                <AttributeList>
                  <Culture>de-DE</Culture>
                  <Text>Aufruf iSF_TLG_REWORKING, 060SAE009</Text>
                </AttributeList>
              </MultilingualTextItem>
            </ObjectList>
          </MultilingualText>
        </ObjectList>
      </SW.Blocks.CompileUnit>
      <MultilingualText ID="35" CompositionName="Title">
        <ObjectList>
          <MultilingualTextItem ID="36" CompositionName="Items">
            <AttributeList>
              <Culture>en-US</Culture>
              <Text />
            </AttributeList>
          </MultilingualTextItem>
          <MultilingualTextItem ID="37" CompositionName="Items">
            <AttributeList>
              <Culture>de-DE</Culture>
              <Text>PLUS-Client</Text>
            </AttributeList>
          </MultilingualTextItem>
        </ObjectList>
      </MultilingualText>
    </ObjectList>
  </SW.Blocks.FC>
</Document>