﻿<?xml version="1.0" encoding="utf-8"?>
<Document>
  <Engineering version="V16" />
  <DocumentInfo>
    <Created>2025-05-12T11:28:04.1822372Z</Created>
    <ExportSetting>WithDefaults, WithReadOnly</ExportSetting>
    <InstalledProducts>
      <Product>
        <DisplayName>Totally Integrated Automation Portal</DisplayName>
        <DisplayVersion>V16 Update 7</DisplayVersion>
      </Product>
      <OptionPackage>
        <DisplayName>TIA Portal Version Control Interface</DisplayName>
        <DisplayVersion>V16 Update 2</DisplayVersion>
      </OptionPackage>
      <OptionPackage>
        <DisplayName>TIA Portal Openness</DisplayName>
        <DisplayVersion>V16 Update 7</DisplayVersion>
      </OptionPackage>
      <Product>
        <DisplayName>SINAMICS Startdrive Advanced</DisplayName>
        <DisplayVersion>V16 Update 5</DisplayVersion>
      </Product>
      <OptionPackage>
        <DisplayName>SINAMICS Startdrive G130, G150, S120, S150, SINAMICS MV, S210</DisplayName>
        <DisplayVersion>V16 Update 5</DisplayVersion>
      </OptionPackage>
      <OptionPackage>
        <DisplayName>SINAMICS Startdrive G110M, G120, G120C, G120D, G120P, G115D</DisplayName>
        <DisplayVersion>V16 Update 5</DisplayVersion>
      </OptionPackage>
      <Product>
        <DisplayName>STEP 7 Professional</DisplayName>
        <DisplayVersion>V16 Update 7</DisplayVersion>
      </Product>
      <OptionPackage>
        <DisplayName>STEP 7 Safety</DisplayName>
        <DisplayVersion>V16 Update 7</DisplayVersion>
      </OptionPackage>
      <Product>
        <DisplayName>WinCC Advanced</DisplayName>
        <DisplayVersion>V16 Update 7</DisplayVersion>
      </Product>
      <OptionPackage>
        <DisplayName>SIMATIC Visualization Architect</DisplayName>
        <DisplayVersion>V16</DisplayVersion>
      </OptionPackage>
    </InstalledProducts>
  </DocumentInfo>
  <SW.Blocks.FC ID="0">
    <AttributeList>
      <AutoNumber>true</AutoNumber>
      <CodeModifiedDate ReadOnly="true">2023-07-13T07:24:15.9733895Z</CodeModifiedDate>
      <CompileDate ReadOnly="true">2023-07-13T07:24:57.911354Z</CompileDate>
      <CreationDate ReadOnly="true">2023-06-23T13:44:22.5193042Z</CreationDate>
      <HandleErrorsWithinBlock ReadOnly="true">false</HandleErrorsWithinBlock>
      <HeaderAuthor />
      <HeaderFamily />
      <HeaderName />
      <HeaderVersion>0.1</HeaderVersion>
      <Interface><Sections xmlns="http://www.siemens.com/automation/Openness/SW/Interface/v4">
  <Section Name="Input" />
  <Section Name="Output" />
  <Section Name="InOut" />
  <Section Name="Temp" />
  <Section Name="Constant" />
  <Section Name="Return">
    <Member Name="Ret_Val" Datatype="Void" Accessibility="Public" />
  </Section>
</Sections></Interface>
      <InterfaceModifiedDate ReadOnly="true">2023-06-23T14:00:39.7707814Z</InterfaceModifiedDate>
      <IsConsistent ReadOnly="true">true</IsConsistent>
      <IsIECCheckEnabled>false</IsIECCheckEnabled>
      <IsKnowHowProtected ReadOnly="true">false</IsKnowHowProtected>
      <IsWriteProtected ReadOnly="true">false</IsWriteProtected>
      <LibraryConformanceStatus ReadOnly="true">Error: The block contains calls of single instances.
Warning: The object contains access to global data blocks.
Warning: The block contains direct access to inputs, outputs, bit memories, indirect access to the registry or indirect access to external memory areas that are unknown at the time of compilation.
</LibraryConformanceStatus>
      <MemoryLayout>Standard</MemoryLayout>
      <ModifiedDate ReadOnly="true">2023-07-13T07:24:15.9733895Z</ModifiedDate>
      <Name>080DT_008_Call</Name>
      <Number>150</Number>
      <ParameterModified ReadOnly="true">2023-06-23T13:44:22.5193042Z</ParameterModified>
      <PLCSimAdvancedSupport ReadOnly="true">true</PLCSimAdvancedSupport>
      <ProgrammingLanguage>FBD</ProgrammingLanguage>
      <SetENOAutomatically>false</SetENOAutomatically>
      <StructureModified ReadOnly="true">2023-06-23T13:44:22.5193042Z</StructureModified>
      <UDABlockProperties />
      <UDAEnableTagReadback>false</UDAEnableTagReadback>
    </AttributeList>
    <ObjectList>
      <MultilingualText ID="1" CompositionName="Comment">
        <ObjectList>
          <MultilingualTextItem ID="2" CompositionName="Items">
            <AttributeList>
              <Culture>en-US</Culture>
              <Text />
            </AttributeList>
          </MultilingualTextItem>
          <MultilingualTextItem ID="3" CompositionName="Items">
            <AttributeList>
              <Culture>de-DE</Culture>
              <Text />
            </AttributeList>
          </MultilingualTextItem>
        </ObjectList>
      </MultilingualText>
      <SW.Blocks.CompileUnit ID="4" CompositionName="CompileUnits">
        <AttributeList>
          <NetworkSource />
          <ProgrammingLanguage>FBD</ProgrammingLanguage>
        </AttributeList>
        <ObjectList>
          <MultilingualText ID="5" CompositionName="Comment">
            <ObjectList>
              <MultilingualTextItem ID="6" CompositionName="Items">
                <AttributeList>
                  <Culture>en-US</Culture>
                  <Text />
                </AttributeList>
              </MultilingualTextItem>
              <MultilingualTextItem ID="7" CompositionName="Items">
                <AttributeList>
                  <Culture>de-DE</Culture>
                  <Text />
                </AttributeList>
              </MultilingualTextItem>
            </ObjectList>
          </MultilingualText>
          <MultilingualText ID="8" CompositionName="Title">
            <ObjectList>
              <MultilingualTextItem ID="9" CompositionName="Items">
                <AttributeList>
                  <Culture>en-US</Culture>
                  <Text />
                </AttributeList>
              </MultilingualTextItem>
              <MultilingualTextItem ID="A" CompositionName="Items">
                <AttributeList>
                  <Culture>de-DE</Culture>
                  <Text />
                </AttributeList>
              </MultilingualTextItem>
            </ObjectList>
          </MultilingualText>
        </ObjectList>
      </SW.Blocks.CompileUnit>
      <SW.Blocks.CompileUnit ID="B" CompositionName="CompileUnits">
        <AttributeList>
          <NetworkSource><FlgNet xmlns="http://www.siemens.com/automation/Openness/SW/NetworkSource/FlgNet/v4">
  <Parts>
    <Access Scope="LiteralConstant" UId="21">
      <IntegerAttribute Name="NumBLs" Informative="true">5</IntegerAttribute>
      <Constant>
        <ConstantType>Int</ConstantType>
        <ConstantValue>6</ConstantValue>
        <StringAttribute Name="Format" Informative="true">Dec_signed</StringAttribute>
      </Constant>
    </Access>
    <Access Scope="GlobalVariable" UId="22">
      <IntegerAttribute Name="NumBLs" Informative="true">5</IntegerAttribute>
      <Symbol>
        <Component Name="FGDB_080DT_008" />
        <Component Name="safetyStop" />
        <Address Area="DB" Type="Bool" BlockNumber="357" BitOffset="16" Informative="true" />
      </Symbol>
    </Access>
    <Access Scope="GlobalVariable" UId="23">
      <IntegerAttribute Name="NumBLs" Informative="true">5</IntegerAttribute>
      <Symbol>
        <Component Name="FGDB_080DT_008" />
        <Component Name="enableOut" />
        <Address Area="DB" Type="Bool" BlockNumber="357" BitOffset="17" Informative="true" />
      </Symbol>
    </Access>
    <Access Scope="GlobalVariable" UId="24">
      <IntegerAttribute Name="NumBLs" Informative="true">5</IntegerAttribute>
      <Symbol>
        <Component Name="FGDB_080DT_008" />
        <Component Name="startPos" />
        <Address Area="DB" Type="Bool" BlockNumber="357" BitOffset="18" Informative="true" />
      </Symbol>
    </Access>
    <Access Scope="GlobalVariable" UId="25">
      <IntegerAttribute Name="NumBLs" Informative="true">5</IntegerAttribute>
      <Symbol>
        <Component Name="FGDB_080DT_008" />
        <Component Name="selectPos" />
        <Address Area="DB" Type="Int" BlockNumber="357" BitOffset="32" Informative="true" />
      </Symbol>
    </Access>
    <Access Scope="GlobalVariable" UId="26">
      <IntegerAttribute Name="NumBLs" Informative="true">5</IntegerAttribute>
      <Symbol>
        <Component Name="FGDB_080DT_008" />
        <Component Name="selectSpeed" />
        <Address Area="DB" Type="Bool" BlockNumber="357" BitOffset="48" Informative="true" />
      </Symbol>
    </Access>
    <Access Scope="GlobalVariable" UId="27">
      <IntegerAttribute Name="NumBLs" Informative="true">5</IntegerAttribute>
      <Symbol>
        <Component Name="FGDB_080DT_008" />
        <Component Name="controllerEnable" />
        <Address Area="DB" Type="Bool" BlockNumber="357" BitOffset="147" Informative="true" />
      </Symbol>
    </Access>
    <Access Scope="GlobalVariable" UId="28">
      <IntegerAttribute Name="NumBLs" Informative="true">5</IntegerAttribute>
      <Symbol>
        <Component Name="FGDB_080DT_008" />
        <Component Name="setupForward" />
        <Address Area="DB" Type="Bool" BlockNumber="357" BitOffset="151" Informative="true" />
      </Symbol>
    </Access>
    <Access Scope="GlobalVariable" UId="29">
      <IntegerAttribute Name="NumBLs" Informative="true">5</IntegerAttribute>
      <Symbol>
        <Component Name="FGDB_080DT_008" />
        <Component Name="setupBackward" />
        <Address Area="DB" Type="Bool" BlockNumber="357" BitOffset="152" Informative="true" />
      </Symbol>
    </Access>
    <Access Scope="GlobalVariable" UId="30">
      <IntegerAttribute Name="NumBLs" Informative="true">5</IntegerAttribute>
      <Symbol>
        <Component Name="FGDB_080DT_008" />
        <Component Name="posCheck" />
        <Address Area="DB" Type="Bool" BlockNumber="357" BitOffset="155" Informative="true" />
      </Symbol>
    </Access>
    <Access Scope="GlobalVariable" UId="31">
      <IntegerAttribute Name="NumBLs" Informative="true">5</IntegerAttribute>
      <Symbol>
        <Component Name="080DT_008_PI" />
        <Address Area="Input" Type="iUDT_PI_I950" BitOffset="56000" Informative="true" />
      </Symbol>
    </Access>
    <Access Scope="GlobalVariable" UId="32">
      <IntegerAttribute Name="NumBLs" Informative="true">5</IntegerAttribute>
      <Symbol>
        <Component Name="080DT_008_PO" />
        <Address Area="Output" Type="iUDT_PO_I950" BitOffset="56000" Informative="true" />
      </Symbol>
    </Access>
    <Access Scope="GlobalVariable" UId="33">
      <IntegerAttribute Name="NumBLs" Informative="true">5</IntegerAttribute>
      <Symbol>
        <Component Name="FGDB_080DT_008" />
        <Component Name="ready" />
        <Address Area="DB" Type="Bool" BlockNumber="357" BitOffset="384" Informative="true" />
      </Symbol>
    </Access>
    <Access Scope="GlobalVariable" UId="34">
      <IntegerAttribute Name="NumBLs" Informative="true">5</IntegerAttribute>
      <Symbol>
        <Component Name="FGDB_080DT_008" />
        <Component Name="travelEnable" />
        <Address Area="DB" Type="Bool" BlockNumber="357" BitOffset="385" Informative="true" />
      </Symbol>
    </Access>
    <Access Scope="GlobalVariable" UId="35">
      <IntegerAttribute Name="NumBLs" Informative="true">5</IntegerAttribute>
      <Symbol>
        <Component Name="FGDB_080DT_008" />
        <Component Name="busy" />
        <Address Area="DB" Type="Bool" BlockNumber="357" BitOffset="386" Informative="true" />
      </Symbol>
    </Access>
    <Access Scope="GlobalVariable" UId="36">
      <IntegerAttribute Name="NumBLs" Informative="true">5</IntegerAttribute>
      <Symbol>
        <Component Name="FGDB_080DT_008" />
        <Component Name="pos" />
        <Address Area="DB" Type="Bool" BlockNumber="357" BitOffset="387" Informative="true" />
      </Symbol>
    </Access>
    <Access Scope="GlobalVariable" UId="37">
      <IntegerAttribute Name="NumBLs" Informative="true">5</IntegerAttribute>
      <Symbol>
        <Component Name="FGDB_080DT_008" />
        <Component Name="actualPosition" />
        <Address Area="DB" Type="Array[1..16] of Bool" BlockNumber="357" BitOffset="400" Informative="true" />
      </Symbol>
    </Access>
    <Access Scope="GlobalVariable" UId="38">
      <IntegerAttribute Name="NumBLs" Informative="true">5</IntegerAttribute>
      <Symbol>
        <Component Name="FGDB_080DT_008" />
        <Component Name="actualPositionNumber" />
        <Address Area="DB" Type="Int" BlockNumber="357" BitOffset="416" Informative="true" />
      </Symbol>
    </Access>
    <Access Scope="GlobalVariable" UId="39">
      <IntegerAttribute Name="NumBLs" Informative="true">5</IntegerAttribute>
      <Symbol>
        <Component Name="FGDB_080DT_008" />
        <Component Name="actualPositionsUnits" />
        <Address Area="DB" Type="DInt" BlockNumber="357" BitOffset="432" Informative="true" />
      </Symbol>
    </Access>
    <Access Scope="GlobalVariable" UId="40">
      <IntegerAttribute Name="NumBLs" Informative="true">5</IntegerAttribute>
      <Symbol>
        <Component Name="FGDB_080DT_008" />
        <Component Name="modeOMS" />
        <Address Area="DB" Type="Bool" BlockNumber="357" BitOffset="467" Informative="true" />
      </Symbol>
    </Access>
    <Access Scope="GlobalVariable" UId="41">
      <IntegerAttribute Name="NumBLs" Informative="true">5</IntegerAttribute>
      <Symbol>
        <Component Name="FGDB_080DT_008" />
        <Component Name="fault" />
        <Address Area="DB" Type="Bool" BlockNumber="357" BitOffset="468" Informative="true" />
      </Symbol>
    </Access>
    <Access Scope="GlobalVariable" UId="42">
      <IntegerAttribute Name="NumBLs" Informative="true">5</IntegerAttribute>
      <Symbol>
        <Component Name="FGDB_080DT_008" />
        <Component Name="faultExt" />
        <Address Area="DB" Type="Bool" BlockNumber="357" BitOffset="469" Informative="true" />
      </Symbol>
    </Access>
    <Call UId="43">
      <CallInfo Name="iFG_DRIVE_SUI950POT" BlockType="FB">
        <IntegerAttribute Name="BlockNumber" Informative="true">144</IntegerAttribute>
        <DateAttribute Name="ParameterModifiedTS" Informative="true">2022-02-09T16:58:50</DateAttribute>
        <Instance Scope="GlobalVariable" UId="44">
          <Component Name="FGDB_080DT_008" />
          <Address Area="DB" Type="iFG_DRIVE_SUI950POT" BlockNumber="357" BitOffset="0" Informative="true" />
        </Instance>
        <Parameter Name="fct" Section="Input" Type="Int">
          <StringAttribute Name="InterfaceFlags" Informative="true">S7_Visible</StringAttribute>
        </Parameter>
        <Parameter Name="safetyStop" Section="Input" Type="Bool">
          <StringAttribute Name="InterfaceFlags" Informative="true">S7_Visible</StringAttribute>
        </Parameter>
        <Parameter Name="enableOut" Section="Input" Type="Bool">
          <StringAttribute Name="InterfaceFlags" Informative="true">S7_Visible</StringAttribute>
        </Parameter>
        <Parameter Name="startPos" Section="Input" Type="Bool">
          <StringAttribute Name="InterfaceFlags" Informative="true">S7_Visible</StringAttribute>
        </Parameter>
        <Parameter Name="selectPos" Section="Input" Type="Int">
          <StringAttribute Name="InterfaceFlags" Informative="true">S7_Visible</StringAttribute>
        </Parameter>
        <Parameter Name="selectSpeed" Section="Input" Type="Bool">
          <StringAttribute Name="InterfaceFlags" Informative="true">S7_Visible</StringAttribute>
        </Parameter>
        <Parameter Name="synchron" Section="Input" Type="Struct">
          <StringAttribute Name="InterfaceFlags" Informative="true">S7_Visible</StringAttribute>
        </Parameter>
        <Parameter Name="torqueControl" Section="Input" Type="Bool">
          <StringAttribute Name="InterfaceFlags" Informative="true">S7_Visible</StringAttribute>
        </Parameter>
        <Parameter Name="torqueControl_Mode29pos" Section="Input" Type="Bool">
          <StringAttribute Name="InterfaceFlags" Informative="true">S7_Visible</StringAttribute>
        </Parameter>
        <Parameter Name="torqueControl_Mode29neg" Section="Input" Type="Bool">
          <StringAttribute Name="InterfaceFlags" Informative="true">S7_Visible</StringAttribute>
        </Parameter>
        <Parameter Name="controllerEnable" Section="Input" Type="Bool">
          <StringAttribute Name="InterfaceFlags" Informative="true">S7_Visible</StringAttribute>
        </Parameter>
        <Parameter Name="torque" Section="Input" Type="Bool">
          <StringAttribute Name="InterfaceFlags" Informative="true">S7_Visible</StringAttribute>
        </Parameter>
        <Parameter Name="onBrake" Section="Input" Type="Bool">
          <StringAttribute Name="InterfaceFlags" Informative="true">S7_Visible</StringAttribute>
        </Parameter>
        <Parameter Name="positionCorrection" Section="Input" Type="Bool">
          <StringAttribute Name="InterfaceFlags" Informative="true">S7_Visible</StringAttribute>
        </Parameter>
        <Parameter Name="setupForward" Section="Input" Type="Bool">
          <StringAttribute Name="InterfaceFlags" Informative="true">S7_Visible</StringAttribute>
        </Parameter>
        <Parameter Name="setupBackward" Section="Input" Type="Bool">
          <StringAttribute Name="InterfaceFlags" Informative="true">S7_Visible</StringAttribute>
        </Parameter>
        <Parameter Name="safetyLimitSwitchForward" Section="Input" Type="Bool">
          <StringAttribute Name="InterfaceFlags" Informative="true">S7_Visible</StringAttribute>
        </Parameter>
        <Parameter Name="safetyLimitSwitchBackward" Section="Input" Type="Bool">
          <StringAttribute Name="InterfaceFlags" Informative="true">S7_Visible</StringAttribute>
        </Parameter>
        <Parameter Name="posCheck" Section="Input" Type="Bool">
          <StringAttribute Name="InterfaceFlags" Informative="true">S7_Visible</StringAttribute>
        </Parameter>
        <Parameter Name="In_PI" Section="Input" Type="&quot;iUDT_PI_I950&quot;">
          <StringAttribute Name="InterfaceFlags" Informative="true">S7_Visible</StringAttribute>
        </Parameter>
        <Parameter Name="ready" Section="Output" Type="Bool">
          <StringAttribute Name="InterfaceFlags" Informative="true">S7_Visible</StringAttribute>
        </Parameter>
        <Parameter Name="travelEnable" Section="Output" Type="Bool">
          <StringAttribute Name="InterfaceFlags" Informative="true">S7_Visible</StringAttribute>
        </Parameter>
        <Parameter Name="busy" Section="Output" Type="Bool">
          <StringAttribute Name="InterfaceFlags" Informative="true">S7_Visible</StringAttribute>
        </Parameter>
        <Parameter Name="pos" Section="Output" Type="Bool">
          <StringAttribute Name="InterfaceFlags" Informative="true">S7_Visible</StringAttribute>
        </Parameter>
        <Parameter Name="actualPosition" Section="Output" Type="Array[1..16] of Bool">
          <StringAttribute Name="InterfaceFlags" Informative="true">S7_Visible</StringAttribute>
        </Parameter>
        <Parameter Name="actualPositionNumber" Section="Output" Type="Int">
          <StringAttribute Name="InterfaceFlags" Informative="true">S7_Visible</StringAttribute>
        </Parameter>
        <Parameter Name="actualPositionsUnits" Section="Output" Type="DInt">
          <StringAttribute Name="InterfaceFlags" Informative="true">S7_Visible</StringAttribute>
        </Parameter>
        <Parameter Name="torqueActive" Section="Output" Type="Bool">
          <StringAttribute Name="InterfaceFlags" Informative="true">S7_Visible</StringAttribute>
        </Parameter>
        <Parameter Name="synchronActive" Section="Output" Type="Bool">
          <StringAttribute Name="InterfaceFlags" Informative="true">S7_Visible</StringAttribute>
        </Parameter>
        <Parameter Name="torqueControlActive" Section="Output" Type="Bool">
          <StringAttribute Name="InterfaceFlags" Informative="true">S7_Visible</StringAttribute>
        </Parameter>
        <Parameter Name="modeOMS" Section="Output" Type="Bool">
          <StringAttribute Name="InterfaceFlags" Informative="true">S7_Visible</StringAttribute>
        </Parameter>
        <Parameter Name="fault" Section="Output" Type="Bool">
          <StringAttribute Name="InterfaceFlags" Informative="true">S7_Visible</StringAttribute>
        </Parameter>
        <Parameter Name="faultExt" Section="Output" Type="Bool">
          <StringAttribute Name="InterfaceFlags" Informative="true">S7_Visible</StringAttribute>
        </Parameter>
        <Parameter Name="Out_PO" Section="InOut" Type="&quot;iUDT_PO_I950&quot;">
          <StringAttribute Name="InterfaceFlags" Informative="true">S7_Visible</StringAttribute>
        </Parameter>
      </CallInfo>
    </Call>
  </Parts>
  <Wires>
    <Wire UId="58">
      <OpenCon UId="45" />
      <NameCon UId="43" Name="en" />
    </Wire>
    <Wire UId="59">
      <IdentCon UId="21" />
      <NameCon UId="43" Name="fct" />
    </Wire>
    <Wire UId="60">
      <IdentCon UId="22" />
      <NameCon UId="43" Name="safetyStop" />
    </Wire>
    <Wire UId="61">
      <IdentCon UId="23" />
      <NameCon UId="43" Name="enableOut" />
    </Wire>
    <Wire UId="62">
      <IdentCon UId="24" />
      <NameCon UId="43" Name="startPos" />
    </Wire>
    <Wire UId="63">
      <IdentCon UId="25" />
      <NameCon UId="43" Name="selectPos" />
    </Wire>
    <Wire UId="64">
      <IdentCon UId="26" />
      <NameCon UId="43" Name="selectSpeed" />
    </Wire>
    <Wire UId="65">
      <OpenCon UId="46" />
      <NameCon UId="43" Name="synchron" />
    </Wire>
    <Wire UId="66">
      <OpenCon UId="47" />
      <NameCon UId="43" Name="torqueControl" />
    </Wire>
    <Wire UId="67">
      <OpenCon UId="48" />
      <NameCon UId="43" Name="torqueControl_Mode29pos" />
    </Wire>
    <Wire UId="68">
      <OpenCon UId="49" />
      <NameCon UId="43" Name="torqueControl_Mode29neg" />
    </Wire>
    <Wire UId="69">
      <IdentCon UId="27" />
      <NameCon UId="43" Name="controllerEnable" />
    </Wire>
    <Wire UId="70">
      <OpenCon UId="50" />
      <NameCon UId="43" Name="torque" />
    </Wire>
    <Wire UId="71">
      <OpenCon UId="51" />
      <NameCon UId="43" Name="onBrake" />
    </Wire>
    <Wire UId="72">
      <OpenCon UId="52" />
      <NameCon UId="43" Name="positionCorrection" />
    </Wire>
    <Wire UId="73">
      <IdentCon UId="28" />
      <NameCon UId="43" Name="setupForward" />
    </Wire>
    <Wire UId="74">
      <IdentCon UId="29" />
      <NameCon UId="43" Name="setupBackward" />
    </Wire>
    <Wire UId="75">
      <OpenCon UId="53" />
      <NameCon UId="43" Name="safetyLimitSwitchForward" />
    </Wire>
    <Wire UId="76">
      <OpenCon UId="54" />
      <NameCon UId="43" Name="safetyLimitSwitchBackward" />
    </Wire>
    <Wire UId="77">
      <IdentCon UId="30" />
      <NameCon UId="43" Name="posCheck" />
    </Wire>
    <Wire UId="78">
      <IdentCon UId="31" />
      <NameCon UId="43" Name="In_PI" />
    </Wire>
    <Wire UId="79">
      <IdentCon UId="32" />
      <NameCon UId="43" Name="Out_PO" />
    </Wire>
    <Wire UId="80">
      <NameCon UId="43" Name="ready" />
      <IdentCon UId="33" />
    </Wire>
    <Wire UId="81">
      <NameCon UId="43" Name="travelEnable" />
      <IdentCon UId="34" />
    </Wire>
    <Wire UId="82">
      <NameCon UId="43" Name="busy" />
      <IdentCon UId="35" />
    </Wire>
    <Wire UId="83">
      <NameCon UId="43" Name="pos" />
      <IdentCon UId="36" />
    </Wire>
    <Wire UId="84">
      <NameCon UId="43" Name="actualPosition" />
      <IdentCon UId="37" />
    </Wire>
    <Wire UId="85">
      <NameCon UId="43" Name="actualPositionNumber" />
      <IdentCon UId="38" />
    </Wire>
    <Wire UId="86">
      <NameCon UId="43" Name="actualPositionsUnits" />
      <IdentCon UId="39" />
    </Wire>
    <Wire UId="87">
      <NameCon UId="43" Name="torqueActive" />
      <OpenCon UId="55" />
    </Wire>
    <Wire UId="88">
      <NameCon UId="43" Name="synchronActive" />
      <OpenCon UId="56" />
    </Wire>
    <Wire UId="89">
      <NameCon UId="43" Name="torqueControlActive" />
      <OpenCon UId="57" />
    </Wire>
    <Wire UId="90">
      <NameCon UId="43" Name="modeOMS" />
      <IdentCon UId="40" />
    </Wire>
    <Wire UId="91">
      <NameCon UId="43" Name="fault" />
      <IdentCon UId="41" />
    </Wire>
    <Wire UId="92">
      <NameCon UId="43" Name="faultExt" />
      <IdentCon UId="42" />
    </Wire>
  </Wires>
</FlgNet></NetworkSource>
          <ProgrammingLanguage>FBD</ProgrammingLanguage>
        </AttributeList>
        <ObjectList>
          <MultilingualText ID="C" CompositionName="Comment">
            <ObjectList>
              <MultilingualTextItem ID="D" CompositionName="Items">
                <AttributeList>
                  <Culture>en-US</Culture>
                  <Text />
                </AttributeList>
              </MultilingualTextItem>
              <MultilingualTextItem ID="E" CompositionName="Items">
                <AttributeList>
                  <Culture>de-DE</Culture>
                  <Text />
                </AttributeList>
              </MultilingualTextItem>
            </ObjectList>
          </MultilingualText>
          <MultilingualText ID="F" CompositionName="Title">
            <ObjectList>
              <MultilingualTextItem ID="10" CompositionName="Items">
                <AttributeList>
                  <Culture>en-US</Culture>
                  <Text>Call iFG_DRIVE_SUi950POT</Text>
                </AttributeList>
              </MultilingualTextItem>
              <MultilingualTextItem ID="11" CompositionName="Items">
                <AttributeList>
                  <Culture>de-DE</Culture>
                  <Text>Call "iFG_DRIVE_SUI950POT"</Text>
                </AttributeList>
              </MultilingualTextItem>
            </ObjectList>
          </MultilingualText>
        </ObjectList>
      </SW.Blocks.CompileUnit>
      <MultilingualText ID="12" CompositionName="Title">
        <ObjectList>
          <MultilingualTextItem ID="13" CompositionName="Items">
            <AttributeList>
              <Culture>en-US</Culture>
              <Text />
            </AttributeList>
          </MultilingualTextItem>
          <MultilingualTextItem ID="14" CompositionName="Items">
            <AttributeList>
              <Culture>de-DE</Culture>
              <Text>080DT_008 #DB_TITEL/#</Text>
            </AttributeList>
          </MultilingualTextItem>
        </ObjectList>
      </MultilingualText>
    </ObjectList>
  </SW.Blocks.FC>
</Document>