﻿<?xml version="1.0" encoding="utf-8"?>
<Document>
  <Engineering version="V16" />
  <DocumentInfo>
    <Created>2025-05-12T11:27:46.757618Z</Created>
    <ExportSetting>WithDefaults, WithReadOnly</ExportSetting>
    <InstalledProducts>
      <Product>
        <DisplayName>Totally Integrated Automation Portal</DisplayName>
        <DisplayVersion>V16 Update 7</DisplayVersion>
      </Product>
      <OptionPackage>
        <DisplayName>TIA Portal Version Control Interface</DisplayName>
        <DisplayVersion>V16 Update 2</DisplayVersion>
      </OptionPackage>
      <OptionPackage>
        <DisplayName>TIA Portal Openness</DisplayName>
        <DisplayVersion>V16 Update 7</DisplayVersion>
      </OptionPackage>
      <Product>
        <DisplayName>SINAMICS Startdrive Advanced</DisplayName>
        <DisplayVersion>V16 Update 5</DisplayVersion>
      </Product>
      <OptionPackage>
        <DisplayName>SINAMICS Startdrive G130, G150, S120, S150, SINAMICS MV, S210</DisplayName>
        <DisplayVersion>V16 Update 5</DisplayVersion>
      </OptionPackage>
      <OptionPackage>
        <DisplayName>SINAMICS Startdrive G110M, G120, G120C, G120D, G120P, G115D</DisplayName>
        <DisplayVersion>V16 Update 5</DisplayVersion>
      </OptionPackage>
      <Product>
        <DisplayName>STEP 7 Professional</DisplayName>
        <DisplayVersion>V16 Update 7</DisplayVersion>
      </Product>
      <OptionPackage>
        <DisplayName>STEP 7 Safety</DisplayName>
        <DisplayVersion>V16 Update 7</DisplayVersion>
      </OptionPackage>
      <Product>
        <DisplayName>WinCC Advanced</DisplayName>
        <DisplayVersion>V16 Update 7</DisplayVersion>
      </Product>
      <OptionPackage>
        <DisplayName>SIMATIC Visualization Architect</DisplayName>
        <DisplayVersion>V16</DisplayVersion>
      </OptionPackage>
    </InstalledProducts>
  </DocumentInfo>
  <SW.Blocks.FC ID="0">
    <AttributeList>
      <AutoNumber>true</AutoNumber>
      <CodeModifiedDate ReadOnly="true">2023-06-23T15:24:27.6446821Z</CodeModifiedDate>
      <CompileDate ReadOnly="true">2023-07-13T07:24:55.0200844Z</CompileDate>
      <CreationDate ReadOnly="true">2023-06-23T13:43:33.3172783Z</CreationDate>
      <HandleErrorsWithinBlock ReadOnly="true">false</HandleErrorsWithinBlock>
      <HeaderAuthor />
      <HeaderFamily />
      <HeaderName />
      <HeaderVersion>0.1</HeaderVersion>
      <Interface><Sections xmlns="http://www.siemens.com/automation/Openness/SW/Interface/v4">
  <Section Name="Input" />
  <Section Name="Output" />
  <Section Name="InOut" />
  <Section Name="Temp" />
  <Section Name="Constant" />
  <Section Name="Return">
    <Member Name="Ret_Val" Datatype="Void" Accessibility="Public" />
  </Section>
</Sections></Interface>
      <InterfaceModifiedDate ReadOnly="true">2023-06-23T14:00:39.6146049Z</InterfaceModifiedDate>
      <IsConsistent ReadOnly="true">true</IsConsistent>
      <IsIECCheckEnabled>false</IsIECCheckEnabled>
      <IsKnowHowProtected ReadOnly="true">false</IsKnowHowProtected>
      <IsWriteProtected ReadOnly="true">false</IsWriteProtected>
      <LibraryConformanceStatus ReadOnly="true">Error: The block contains calls of single instances.
Warning: The object contains access to global data blocks.
Warning: The block contains direct access to inputs, outputs, bit memories, indirect access to the registry or indirect access to external memory areas that are unknown at the time of compilation.
</LibraryConformanceStatus>
      <MemoryLayout>Optimized</MemoryLayout>
      <ModifiedDate ReadOnly="true">2023-06-23T15:24:27.6446821Z</ModifiedDate>
      <Name>040SB_040_Inputs_Call</Name>
      <Number>79</Number>
      <ParameterModified ReadOnly="true">2023-06-23T13:43:33.3172783Z</ParameterModified>
      <PLCSimAdvancedSupport ReadOnly="true">true</PLCSimAdvancedSupport>
      <ProgrammingLanguage>F_FBD</ProgrammingLanguage>
      <StructureModified ReadOnly="true">2023-06-23T13:43:33.3172783Z</StructureModified>
      <UDABlockProperties />
      <UDAEnableTagReadback>false</UDAEnableTagReadback>
    </AttributeList>
    <ObjectList>
      <MultilingualText ID="1" CompositionName="Comment">
        <ObjectList>
          <MultilingualTextItem ID="2" CompositionName="Items">
            <AttributeList>
              <Culture>en-US</Culture>
              <Text />
            </AttributeList>
          </MultilingualTextItem>
          <MultilingualTextItem ID="3" CompositionName="Items">
            <AttributeList>
              <Culture>de-DE</Culture>
              <Text />
            </AttributeList>
          </MultilingualTextItem>
        </ObjectList>
      </MultilingualText>
      <SW.Blocks.CompileUnit ID="4" CompositionName="CompileUnits">
        <AttributeList>
          <NetworkSource><FlgNet xmlns="http://www.siemens.com/automation/Openness/SW/NetworkSource/FlgNet/v4">
  <Parts>
    <Access Scope="GlobalVariable" UId="21">
      <IntegerAttribute Name="NumBLs" Informative="true">5</IntegerAttribute>
      <Symbol>
        <Component Name="ToDo" />
        <Address Area="Memory" Type="Bool" BitOffset="792" Informative="true" />
      </Symbol>
    </Access>
    <Access Scope="GlobalVariable" UId="22">
      <IntegerAttribute Name="NumBLs" Informative="true">5</IntegerAttribute>
      <Symbol>
        <Component Name="DB_040SB_040_F_Data" />
        <Component Name="GM_RoboterT2" />
        <Address Area="None" Type="Bool" BlockNumber="265" BitOffset="104" Informative="true" />
      </Symbol>
    </Access>
    <Part Name="Coil" UId="23" />
  </Parts>
  <Wires>
    <Wire UId="24">
      <IdentCon UId="21" />
      <NameCon UId="23" Name="in" />
    </Wire>
    <Wire UId="25">
      <IdentCon UId="22" />
      <NameCon UId="23" Name="operand" />
    </Wire>
  </Wires>
</FlgNet></NetworkSource>
          <ProgrammingLanguage>F_FBD</ProgrammingLanguage>
        </AttributeList>
        <ObjectList>
          <MultilingualText ID="5" CompositionName="Comment">
            <ObjectList>
              <MultilingualTextItem ID="6" CompositionName="Items">
                <AttributeList>
                  <Culture>en-US</Culture>
                  <Text />
                </AttributeList>
              </MultilingualTextItem>
              <MultilingualTextItem ID="7" CompositionName="Items">
                <AttributeList>
                  <Culture>de-DE</Culture>
                  <Text />
                </AttributeList>
              </MultilingualTextItem>
            </ObjectList>
          </MultilingualText>
          <MultilingualText ID="8" CompositionName="Title">
            <ObjectList>
              <MultilingualTextItem ID="9" CompositionName="Items">
                <AttributeList>
                  <Culture>en-US</Culture>
                  <Text />
                </AttributeList>
              </MultilingualTextItem>
              <MultilingualTextItem ID="A" CompositionName="Items">
                <AttributeList>
                  <Culture>de-DE</Culture>
                  <Text>040SB_040 T2 Roboter</Text>
                </AttributeList>
              </MultilingualTextItem>
            </ObjectList>
          </MultilingualText>
        </ObjectList>
      </SW.Blocks.CompileUnit>
      <SW.Blocks.CompileUnit ID="B" CompositionName="CompileUnits">
        <AttributeList>
          <NetworkSource><FlgNet xmlns="http://www.siemens.com/automation/Openness/SW/NetworkSource/FlgNet/v4">
  <Parts>
    <Access Scope="GlobalVariable" UId="21">
      <IntegerAttribute Name="NumBLs" Informative="true">5</IntegerAttribute>
      <Symbol>
        <Component Name="DB_000SB_000_F_Data" />
        <Component Name="GM_VI_Switch_deskLocked" />
        <Address Area="None" Type="Bool" BlockNumber="16" BitOffset="56" Informative="true" />
      </Symbol>
    </Access>
    <Access Scope="GlobalVariable" UId="22">
      <IntegerAttribute Name="NumBLs" Informative="true">5</IntegerAttribute>
      <Symbol>
        <Component Name="DB_000SB_000_F_Data" />
        <Component Name="GM_VI_Switch_overall_plant_unlocked" />
        <Address Area="None" Type="Bool" BlockNumber="16" BitOffset="72" Informative="true" />
      </Symbol>
    </Access>
    <Access Scope="GlobalVariable" UId="23">
      <IntegerAttribute Name="NumBLs" Informative="true">5</IntegerAttribute>
      <Symbol>
        <Component Name="DB_040SB_040_F_Data" />
        <Component Name="GM_RFK_ENBL" />
        <Address Area="None" Type="Bool" BlockNumber="265" BitOffset="96" Informative="true" />
      </Symbol>
    </Access>
    <Access Scope="GlobalVariable" UId="24">
      <IntegerAttribute Name="NumBLs" Informative="true">5</IntegerAttribute>
      <Symbol>
        <Component Name="DB_040SB_040_F_Data" />
        <Component Name="GM_CL_ENBL" />
        <Address Area="None" Type="Bool" BlockNumber="265" BitOffset="72" Informative="true" />
      </Symbol>
    </Access>
    <Access Scope="GlobalVariable" UId="25">
      <IntegerAttribute Name="NumBLs" Informative="true">5</IntegerAttribute>
      <Symbol>
        <Component Name="DB_040SB_040_F_Data" />
        <Component Name="040STU001_Display_secured" />
        <Address Area="None" Type="Bool" BlockNumber="265" BitOffset="144" Informative="true" />
      </Symbol>
    </Access>
    <Part Name="O" UId="26">
      <TemplateValue Name="Card" Type="Cardinality">2</TemplateValue>
      <Negated Name="in1" />
      <Negated Name="in2" />
    </Part>
    <Part Name="A" UId="27">
      <TemplateValue Name="Card" Type="Cardinality">3</TemplateValue>
    </Part>
    <Part Name="Coil" UId="28" />
  </Parts>
  <Wires>
    <Wire UId="29">
      <IdentCon UId="21" />
      <NameCon UId="26" Name="in1" />
    </Wire>
    <Wire UId="30">
      <IdentCon UId="22" />
      <NameCon UId="26" Name="in2" />
    </Wire>
    <Wire UId="31">
      <NameCon UId="26" Name="out" />
      <NameCon UId="27" Name="in1" />
    </Wire>
    <Wire UId="32">
      <IdentCon UId="23" />
      <NameCon UId="27" Name="in2" />
    </Wire>
    <Wire UId="33">
      <IdentCon UId="24" />
      <NameCon UId="27" Name="in3" />
    </Wire>
    <Wire UId="34">
      <NameCon UId="27" Name="out" />
      <NameCon UId="28" Name="in" />
    </Wire>
    <Wire UId="35">
      <IdentCon UId="25" />
      <NameCon UId="28" Name="operand" />
    </Wire>
  </Wires>
</FlgNet></NetworkSource>
          <ProgrammingLanguage>F_FBD</ProgrammingLanguage>
        </AttributeList>
        <ObjectList>
          <MultilingualText ID="C" CompositionName="Comment">
            <ObjectList>
              <MultilingualTextItem ID="D" CompositionName="Items">
                <AttributeList>
                  <Culture>en-US</Culture>
                  <Text />
                </AttributeList>
              </MultilingualTextItem>
              <MultilingualTextItem ID="E" CompositionName="Items">
                <AttributeList>
                  <Culture>de-DE</Culture>
                  <Text />
                </AttributeList>
              </MultilingualTextItem>
            </ObjectList>
          </MultilingualText>
          <MultilingualText ID="F" CompositionName="Title">
            <ObjectList>
              <MultilingualTextItem ID="10" CompositionName="Items">
                <AttributeList>
                  <Culture>en-US</Culture>
                  <Text />
                </AttributeList>
              </MultilingualTextItem>
              <MultilingualTextItem ID="11" CompositionName="Items">
                <AttributeList>
                  <Culture>de-DE</Culture>
                  <Text>040STU001 Anzeige gesichert</Text>
                </AttributeList>
              </MultilingualTextItem>
            </ObjectList>
          </MultilingualText>
        </ObjectList>
      </SW.Blocks.CompileUnit>
      <SW.Blocks.CompileUnit ID="12" CompositionName="CompileUnits">
        <AttributeList>
          <NetworkSource><FlgNet xmlns="http://www.siemens.com/automation/Openness/SW/NetworkSource/FlgNet/v4">
  <Parts>
    <Access Scope="GlobalVariable" UId="21">
      <IntegerAttribute Name="NumBLs" Informative="true">5</IntegerAttribute>
      <Symbol>
        <Component Name="DB_000SB_000_F_Data" />
        <Component Name="F_FRG_ZUS" />
        <Address Area="None" Type="Bool" BlockNumber="16" BitOffset="176" Informative="true" />
      </Symbol>
    </Access>
    <Access Scope="GlobalVariable" UId="22">
      <IntegerAttribute Name="NumBLs" Informative="true">5</IntegerAttribute>
      <Symbol>
        <Component Name="DB_000SB_000_F_Data" />
        <Component Name="F_FRG_T2" />
        <Address Area="None" Type="Bool" BlockNumber="16" BitOffset="184" Informative="true" />
      </Symbol>
    </Access>
    <Access Scope="GlobalVariable" UId="23">
      <IntegerAttribute Name="NumBLs" Informative="true">5</IntegerAttribute>
      <Symbol>
        <Component Name="DB_040SB_040_F_Data" />
        <Component Name="GM_RoboterT2" />
        <Address Area="None" Type="Bool" BlockNumber="265" BitOffset="104" Informative="true" />
      </Symbol>
    </Access>
    <Access Scope="GlobalVariable" UId="24">
      <IntegerAttribute Name="NumBLs" Informative="true">5</IntegerAttribute>
      <Symbol>
        <Component Name="040STU001_PI_F" />
        <Component Name="NHQ" />
        <Address Area="Input" Type="Bool" BitOffset="32576" Informative="true" />
      </Symbol>
    </Access>
    <Access Scope="GlobalVariable" UId="25">
      <IntegerAttribute Name="NumBLs" Informative="true">5</IntegerAttribute>
      <Symbol>
        <Component Name="040STU001_PI_F" />
        <Component Name="SK" />
        <Address Area="Input" Type="Bool" BitOffset="32568" Informative="true" />
      </Symbol>
    </Access>
    <Access Scope="GlobalVariable" UId="26">
      <IntegerAttribute Name="NumBLs" Informative="true">5</IntegerAttribute>
      <Symbol>
        <Component Name="040STU001_PI_F" />
        <Component Name="SKQ" />
        <Address Area="Input" Type="Bool" BitOffset="32577" Informative="true" />
      </Symbol>
    </Access>
    <Access Scope="LiteralConstant" UId="27">
      <IntegerAttribute Name="NumBLs" Informative="true">5</IntegerAttribute>
      <Constant>
        <ConstantType>Bool</ConstantType>
        <ConstantValue>true</ConstantValue>
        <StringAttribute Name="Format" Informative="true">Bool</StringAttribute>
      </Constant>
    </Access>
    <Access Scope="GlobalVariable" UId="28">
      <IntegerAttribute Name="NumBLs" Informative="true">5</IntegerAttribute>
      <Symbol>
        <Component Name="040STU001_PI_F" />
        <Component Name="ZSQ" />
        <Address Area="Input" Type="Bool" BitOffset="32579" Informative="true" />
      </Symbol>
    </Access>
    <Access Scope="GlobalVariable" UId="29">
      <IntegerAttribute Name="NumBLs" Informative="true">5</IntegerAttribute>
      <Symbol>
        <Component Name="040STU001_PI_F" />
        <Component Name="ZSin" />
        <Address Area="Input" Type="Bool" BitOffset="32580" Informative="true" />
      </Symbol>
    </Access>
    <Access Scope="GlobalVariable" UId="30">
      <IntegerAttribute Name="NumBLs" Informative="true">5</IntegerAttribute>
      <Symbol>
        <Component Name="DB_F_Data_To_Safety" />
        <Component Name="040SB_040" />
        <Component Name="040STU001_PI.S91" />
        <Address Area="DB" Type="Bool" BlockNumber="235" BitOffset="128" Informative="true" />
      </Symbol>
    </Access>
    <Access Scope="GlobalVariable" UId="31">
      <IntegerAttribute Name="NumBLs" Informative="true">5</IntegerAttribute>
      <Symbol>
        <Component Name="DB_F_Data_To_Safety" />
        <Component Name="040SB_040" />
        <Component Name="040STU001-Errorword" />
        <Address Area="DB" Type="Word" BlockNumber="235" BitOffset="144" Informative="true" />
      </Symbol>
    </Access>
    <Access Scope="LiteralConstant" UId="32">
      <IntegerAttribute Name="NumBLs" Informative="true">5</IntegerAttribute>
      <Constant>
        <ConstantType>Bool</ConstantType>
        <ConstantValue>false</ConstantValue>
        <StringAttribute Name="Format" Informative="true">Bool</StringAttribute>
      </Constant>
    </Access>
    <Access Scope="LiteralConstant" UId="33">
      <IntegerAttribute Name="NumBLs" Informative="true">5</IntegerAttribute>
      <Constant>
        <ConstantType>Bool</ConstantType>
        <ConstantValue>true</ConstantValue>
        <StringAttribute Name="Format" Informative="true">Bool</StringAttribute>
      </Constant>
    </Access>
    <Access Scope="GlobalVariable" UId="34">
      <IntegerAttribute Name="NumBLs" Informative="true">5</IntegerAttribute>
      <Symbol>
        <Component Name="DB_040SB_040_F_Data" />
        <Component Name="040STU001_Display_secured" />
        <Address Area="None" Type="Bool" BlockNumber="265" BitOffset="144" Informative="true" />
      </Symbol>
    </Access>
    <Access Scope="GlobalVariable" UId="35">
      <IntegerAttribute Name="NumBLs" Informative="true">5</IntegerAttribute>
      <Symbol>
        <Component Name="DB_000SB_000_F_Data" />
        <Component Name="GM_estop_ack_complete_plant" />
        <Address Area="None" Type="Bool" BlockNumber="16" BitOffset="160" Informative="true" />
      </Symbol>
    </Access>
    <Access Scope="GlobalVariable" UId="36">
      <IntegerAttribute Name="NumBLs" Informative="true">5</IntegerAttribute>
      <Symbol>
        <Component Name="DB_F_Data_To_Safety" />
        <Component Name="000SB_000" />
        <Component Name="ack" />
        <Address Area="DB" Type="Bool" BlockNumber="235" BitOffset="8" Informative="true" />
      </Symbol>
    </Access>
    <Access Scope="GlobalVariable" UId="37">
      <IntegerAttribute Name="NumBLs" Informative="true">5</IntegerAttribute>
      <Symbol>
        <Component Name="F04070_PROFISafe32BoolIOextende" />
        <Component Name="QBAD" />
        <Address Area="None" Type="Bool" BlockNumber="30068" BitOffset="80" Informative="true" />
      </Symbol>
    </Access>
    <Access Scope="GlobalVariable" UId="38">
      <IntegerAttribute Name="NumBLs" Informative="true">5</IntegerAttribute>
      <Symbol>
        <Component Name="F04070_PROFISafe32BoolIOextende" />
        <Component Name="ACK_REQ" />
        <Address Area="None" Type="Bool" BlockNumber="30068" BitOffset="88" Informative="true" />
      </Symbol>
    </Access>
    <Access Scope="GlobalVariable" UId="39">
      <IntegerAttribute Name="NumBLs" Informative="true">5</IntegerAttribute>
      <Symbol>
        <Component Name="040STU001_PO_F" />
        <Component Name="NHE" />
        <Address Area="Output" Type="Bool" BitOffset="32561" Informative="true" />
      </Symbol>
    </Access>
    <Access Scope="GlobalVariable" UId="40">
      <IntegerAttribute Name="NumBLs" Informative="true">5</IntegerAttribute>
      <Symbol>
        <Component Name="040STU001_PO_F" />
        <Component Name="ANH" />
        <Address Area="Output" Type="Bool" BitOffset="32565" Informative="true" />
      </Symbol>
    </Access>
    <Access Scope="GlobalVariable" UId="41">
      <IntegerAttribute Name="NumBLs" Informative="true">5</IntegerAttribute>
      <Symbol>
        <Component Name="040STU001_PO_F" />
        <Component Name="ENR" />
        <Address Area="Output" Type="Bool" BitOffset="32566" Informative="true" />
      </Symbol>
    </Access>
    <Access Scope="GlobalVariable" UId="42">
      <IntegerAttribute Name="NumBLs" Informative="true">5</IntegerAttribute>
      <Symbol>
        <Component Name="040STU001_PO_F" />
        <Component Name="ETR" />
        <Address Area="Output" Type="Bool" BitOffset="32567" Informative="true" />
      </Symbol>
    </Access>
    <Access Scope="GlobalVariable" UId="43">
      <IntegerAttribute Name="NumBLs" Informative="true">5</IntegerAttribute>
      <Symbol>
        <Component Name="DB_040SB_040_F_Data" />
        <Component Name="040STU001_PO.Quitt" />
        <Address Area="None" Type="Bool" BlockNumber="265" BitOffset="200" Informative="true" />
      </Symbol>
    </Access>
    <Access Scope="GlobalVariable" UId="44">
      <IntegerAttribute Name="NumBLs" Informative="true">5</IntegerAttribute>
      <Symbol>
        <Component Name="DB_040SB_040_F_Data" />
        <Component Name="040STU001_PO.Reset" />
        <Address Area="None" Type="Bool" BlockNumber="265" BitOffset="208" Informative="true" />
      </Symbol>
    </Access>
    <Access Scope="GlobalVariable" UId="45">
      <IntegerAttribute Name="NumBLs" Informative="true">5</IntegerAttribute>
      <Symbol>
        <Component Name="DB_040SB_040_F_Data" />
        <Component Name="040STU001_ENBL_ROB_EStop" />
        <Address Area="None" Type="Bool" BlockNumber="265" BitOffset="152" Informative="true" />
      </Symbol>
    </Access>
    <Access Scope="GlobalVariable" UId="46">
      <IntegerAttribute Name="NumBLs" Informative="true">5</IntegerAttribute>
      <Symbol>
        <Component Name="DB_040SB_040_F_Data" />
        <Component Name="040STU001_ENBL_ROB_OpProt" />
        <Address Area="None" Type="Bool" BlockNumber="265" BitOffset="160" Informative="true" />
      </Symbol>
    </Access>
    <Access Scope="GlobalVariable" UId="47">
      <IntegerAttribute Name="NumBLs" Informative="true">5</IntegerAttribute>
      <Symbol>
        <Component Name="DB_040SB_040_F_Data" />
        <Component Name="040STU001_ENBL_EStop" />
        <Address Area="None" Type="Bool" BlockNumber="265" BitOffset="168" Informative="true" />
      </Symbol>
    </Access>
    <Access Scope="GlobalVariable" UId="48">
      <IntegerAttribute Name="NumBLs" Informative="true">5</IntegerAttribute>
      <Symbol>
        <Component Name="DB_040SB_040_F_Data" />
        <Component Name="040STU001_ENBL_OpProt" />
        <Address Area="None" Type="Bool" BlockNumber="265" BitOffset="176" Informative="true" />
      </Symbol>
    </Access>
    <Access Scope="GlobalVariable" UId="49">
      <IntegerAttribute Name="NumBLs" Informative="true">5</IntegerAttribute>
      <Symbol>
        <Component Name="DB_040SB_040_F_Data" />
        <Component Name="040STU001_ENBL_ZSQ" />
        <Address Area="None" Type="Bool" BlockNumber="265" BitOffset="184" Informative="true" />
      </Symbol>
    </Access>
    <Access Scope="GlobalVariable" UId="50">
      <IntegerAttribute Name="NumBLs" Informative="true">5</IntegerAttribute>
      <Symbol>
        <Component Name="DB_040SB_040_F_Data" />
        <Component Name="040STU001_ENBL_ZS_IN" />
        <Address Area="None" Type="Bool" BlockNumber="265" BitOffset="192" Informative="true" />
      </Symbol>
    </Access>
    <Call UId="51">
      <CallInfo Name="iFG_F_EUCHNER_GATE" BlockType="FB">
        <IntegerAttribute Name="BlockNumber" Informative="true">5614</IntegerAttribute>
        <DateAttribute Name="ParameterModifiedTS" Informative="true">2019-10-11T13:01:37</DateAttribute>
        <Instance Scope="GlobalVariable" UId="52">
          <Component Name="SEDB_040STU001" />
          <Address Area="DB" Type="iFG_F_EUCHNER_GATE" BlockNumber="125" BitOffset="0" Informative="true" />
        </Instance>
        <Parameter Name="fctSwitch" Section="Input" Type="Bool">
          <StringAttribute Name="InterfaceFlags" Informative="true">S7_Visible</StringAttribute>
        </Parameter>
        <Parameter Name="fctT2" Section="Input" Type="Bool">
          <StringAttribute Name="InterfaceFlags" Informative="true">S7_Visible</StringAttribute>
        </Parameter>
        <Parameter Name="robotT2" Section="Input" Type="Bool">
          <StringAttribute Name="InterfaceFlags" Informative="true">S7_Visible</StringAttribute>
        </Parameter>
        <Parameter Name="inEStopAck" Section="Input" Type="Bool">
          <StringAttribute Name="InterfaceFlags" Informative="true">S7_Visible</StringAttribute>
        </Parameter>
        <Parameter Name="inDoorClosedLocked" Section="Input" Type="Bool">
          <StringAttribute Name="InterfaceFlags" Informative="true">S7_Visible</StringAttribute>
        </Parameter>
        <Parameter Name="inDoorClosedAck" Section="Input" Type="Bool">
          <StringAttribute Name="InterfaceFlags" Informative="true">S7_Visible</StringAttribute>
        </Parameter>
        <Parameter Name="inLockingModule" Section="Input" Type="Bool">
          <StringAttribute Name="InterfaceFlags" Informative="true">S7_Visible</StringAttribute>
        </Parameter>
        <Parameter Name="inSwitchPressedAck" Section="Input" Type="Bool">
          <StringAttribute Name="InterfaceFlags" Informative="true">S7_Visible</StringAttribute>
        </Parameter>
        <Parameter Name="inSwitchInserted" Section="Input" Type="Bool">
          <StringAttribute Name="InterfaceFlags" Informative="true">S7_Visible</StringAttribute>
        </Parameter>
        <Parameter Name="inAck" Section="Input" Type="Bool">
          <StringAttribute Name="InterfaceFlags" Informative="true">S7_Visible</StringAttribute>
        </Parameter>
        <Parameter Name="inDiagnosisWord" Section="Input" Type="Word">
          <StringAttribute Name="InterfaceFlags" Informative="true">S7_Visible</StringAttribute>
        </Parameter>
        <Parameter Name="bypassDiagnosis" Section="Input" Type="Bool">
          <StringAttribute Name="InterfaceFlags" Informative="true">S7_Visible</StringAttribute>
        </Parameter>
        <Parameter Name="lockingModule" Section="Input" Type="Bool">
          <StringAttribute Name="InterfaceFlags" Informative="true">S7_Visible</StringAttribute>
        </Parameter>
        <Parameter Name="emergencyRelease" Section="Input" Type="Bool">
          <StringAttribute Name="InterfaceFlags" Informative="true">S7_Visible</StringAttribute>
        </Parameter>
        <Parameter Name="lampEStop" Section="Input" Type="Bool">
          <StringAttribute Name="InterfaceFlags" Informative="true">S7_Visible</StringAttribute>
        </Parameter>
        <Parameter Name="ackEStop" Section="Input" Type="Bool">
          <StringAttribute Name="InterfaceFlags" Informative="true">S7_Visible</StringAttribute>
        </Parameter>
        <Parameter Name="ackDoor" Section="Input" Type="Bool">
          <StringAttribute Name="InterfaceFlags" Informative="true">S7_Visible</StringAttribute>
        </Parameter>
        <Parameter Name="QBAD" Section="Input" Type="Bool">
          <StringAttribute Name="InterfaceFlags" Informative="true">S7_Visible</StringAttribute>
        </Parameter>
        <Parameter Name="ACK_REQ" Section="Input" Type="Bool">
          <StringAttribute Name="InterfaceFlags" Informative="true">S7_Visible</StringAttribute>
        </Parameter>
        <Parameter Name="outEnableLockingModule" Section="Output" Type="Bool">
          <StringAttribute Name="InterfaceFlags" Informative="true">S7_Visible</StringAttribute>
        </Parameter>
        <Parameter Name="outEnableEmergencyRelease" Section="Output" Type="Bool">
          <StringAttribute Name="InterfaceFlags" Informative="true">S7_Visible</StringAttribute>
        </Parameter>
        <Parameter Name="outDisplaySecure" Section="Output" Type="Bool">
          <StringAttribute Name="InterfaceFlags" Informative="true">S7_Visible</StringAttribute>
        </Parameter>
        <Parameter Name="outExtAckEStop" Section="Output" Type="Bool">
          <StringAttribute Name="InterfaceFlags" Informative="true">S7_Visible</StringAttribute>
        </Parameter>
        <Parameter Name="outExtAckDoor" Section="Output" Type="Bool">
          <StringAttribute Name="InterfaceFlags" Informative="true">S7_Visible</StringAttribute>
        </Parameter>
        <Parameter Name="outAckBus" Section="Output" Type="Bool">
          <StringAttribute Name="InterfaceFlags" Informative="true">S7_Visible</StringAttribute>
        </Parameter>
        <Parameter Name="outAckLockingModule" Section="Output" Type="Bool">
          <StringAttribute Name="InterfaceFlags" Informative="true">S7_Visible</StringAttribute>
        </Parameter>
        <Parameter Name="enableRobotEStop" Section="Output" Type="Bool">
          <StringAttribute Name="InterfaceFlags" Informative="true">S7_Visible</StringAttribute>
        </Parameter>
        <Parameter Name="enableRobotOpProt" Section="Output" Type="Bool">
          <StringAttribute Name="InterfaceFlags" Informative="true">S7_Visible</StringAttribute>
        </Parameter>
        <Parameter Name="enableEStopAck" Section="Output" Type="Bool">
          <StringAttribute Name="InterfaceFlags" Informative="true">S7_Visible</StringAttribute>
        </Parameter>
        <Parameter Name="enableDoorClosed" Section="Output" Type="Bool">
          <StringAttribute Name="InterfaceFlags" Informative="true">S7_Visible</StringAttribute>
        </Parameter>
        <Parameter Name="enableDoorClosedAckLocked" Section="Output" Type="Bool">
          <StringAttribute Name="InterfaceFlags" Informative="true">S7_Visible</StringAttribute>
        </Parameter>
        <Parameter Name="enableSwitchPressedAck" Section="Output" Type="Bool">
          <StringAttribute Name="InterfaceFlags" Informative="true">S7_Visible</StringAttribute>
        </Parameter>
        <Parameter Name="enableSwitchInsert" Section="Output" Type="Bool">
          <StringAttribute Name="InterfaceFlags" Informative="true">S7_Visible</StringAttribute>
        </Parameter>
      </CallInfo>
    </Call>
  </Parts>
  <Wires>
    <Wire UId="57">
      <OpenCon UId="53" />
      <NameCon UId="51" Name="en" />
    </Wire>
    <Wire UId="58">
      <IdentCon UId="21" />
      <NameCon UId="51" Name="fctSwitch" />
    </Wire>
    <Wire UId="59">
      <IdentCon UId="22" />
      <NameCon UId="51" Name="fctT2" />
    </Wire>
    <Wire UId="60">
      <IdentCon UId="23" />
      <NameCon UId="51" Name="robotT2" />
    </Wire>
    <Wire UId="61">
      <IdentCon UId="24" />
      <NameCon UId="51" Name="inEStopAck" />
    </Wire>
    <Wire UId="62">
      <IdentCon UId="25" />
      <NameCon UId="51" Name="inDoorClosedLocked" />
    </Wire>
    <Wire UId="63">
      <IdentCon UId="26" />
      <NameCon UId="51" Name="inDoorClosedAck" />
    </Wire>
    <Wire UId="64">
      <IdentCon UId="27" />
      <NameCon UId="51" Name="inLockingModule" />
    </Wire>
    <Wire UId="65">
      <IdentCon UId="28" />
      <NameCon UId="51" Name="inSwitchPressedAck" />
    </Wire>
    <Wire UId="66">
      <IdentCon UId="29" />
      <NameCon UId="51" Name="inSwitchInserted" />
    </Wire>
    <Wire UId="67">
      <IdentCon UId="30" />
      <NameCon UId="51" Name="inAck" />
    </Wire>
    <Wire UId="68">
      <IdentCon UId="31" />
      <NameCon UId="51" Name="inDiagnosisWord" />
    </Wire>
    <Wire UId="69">
      <IdentCon UId="32" />
      <NameCon UId="51" Name="bypassDiagnosis" />
    </Wire>
    <Wire UId="70">
      <OpenCon UId="54" />
      <NameCon UId="51" Name="lockingModule" />
    </Wire>
    <Wire UId="71">
      <IdentCon UId="33" />
      <NameCon UId="51" Name="emergencyRelease" />
    </Wire>
    <Wire UId="72">
      <IdentCon UId="34" />
      <NameCon UId="51" Name="lampEStop" />
    </Wire>
    <Wire UId="73">
      <IdentCon UId="35" />
      <NameCon UId="51" Name="ackEStop" />
    </Wire>
    <Wire UId="74">
      <IdentCon UId="36" />
      <NameCon UId="51" Name="ackDoor" />
    </Wire>
    <Wire UId="75">
      <IdentCon UId="37" />
      <NameCon UId="51" Name="QBAD" />
    </Wire>
    <Wire UId="76">
      <IdentCon UId="38" />
      <NameCon UId="51" Name="ACK_REQ" />
    </Wire>
    <Wire UId="77">
      <NameCon UId="51" Name="outEnableLockingModule" />
      <OpenCon UId="55" />
    </Wire>
    <Wire UId="78">
      <NameCon UId="51" Name="outEnableEmergencyRelease" />
      <IdentCon UId="39" />
    </Wire>
    <Wire UId="79">
      <NameCon UId="51" Name="outDisplaySecure" />
      <IdentCon UId="40" />
    </Wire>
    <Wire UId="80">
      <NameCon UId="51" Name="outExtAckEStop" />
      <IdentCon UId="41" />
    </Wire>
    <Wire UId="81">
      <NameCon UId="51" Name="outExtAckDoor" />
      <IdentCon UId="42" />
    </Wire>
    <Wire UId="82">
      <NameCon UId="51" Name="outAckBus" />
      <IdentCon UId="43" />
    </Wire>
    <Wire UId="83">
      <NameCon UId="51" Name="outAckLockingModule" />
      <IdentCon UId="44" />
    </Wire>
    <Wire UId="84">
      <NameCon UId="51" Name="enableRobotEStop" />
      <IdentCon UId="45" />
    </Wire>
    <Wire UId="85">
      <NameCon UId="51" Name="enableRobotOpProt" />
      <IdentCon UId="46" />
    </Wire>
    <Wire UId="86">
      <NameCon UId="51" Name="enableEStopAck" />
      <IdentCon UId="47" />
    </Wire>
    <Wire UId="87">
      <NameCon UId="51" Name="enableDoorClosed" />
      <IdentCon UId="48" />
    </Wire>
    <Wire UId="88">
      <NameCon UId="51" Name="enableDoorClosedAckLocked" />
      <OpenCon UId="56" />
    </Wire>
    <Wire UId="89">
      <NameCon UId="51" Name="enableSwitchPressedAck" />
      <IdentCon UId="49" />
    </Wire>
    <Wire UId="90">
      <NameCon UId="51" Name="enableSwitchInsert" />
      <IdentCon UId="50" />
    </Wire>
  </Wires>
</FlgNet></NetworkSource>
          <ProgrammingLanguage>F_FBD</ProgrammingLanguage>
        </AttributeList>
        <ObjectList>
          <MultilingualText ID="13" CompositionName="Comment">
            <ObjectList>
              <MultilingualTextItem ID="14" CompositionName="Items">
                <AttributeList>
                  <Culture>en-US</Culture>
                  <Text />
                </AttributeList>
              </MultilingualTextItem>
              <MultilingualTextItem ID="15" CompositionName="Items">
                <AttributeList>
                  <Culture>de-DE</Culture>
                  <Text />
                </AttributeList>
              </MultilingualTextItem>
            </ObjectList>
          </MultilingualText>
          <MultilingualText ID="16" CompositionName="Title">
            <ObjectList>
              <MultilingualTextItem ID="17" CompositionName="Items">
                <AttributeList>
                  <Culture>en-US</Culture>
                  <Text>040STU001 Euchner gate</Text>
                </AttributeList>
              </MultilingualTextItem>
              <MultilingualTextItem ID="18" CompositionName="Items">
                <AttributeList>
                  <Culture>de-DE</Culture>
                  <Text>040STU001 Euchner Türpult</Text>
                </AttributeList>
              </MultilingualTextItem>
            </ObjectList>
          </MultilingualText>
        </ObjectList>
      </SW.Blocks.CompileUnit>
      <SW.Blocks.CompileUnit ID="19" CompositionName="CompileUnits">
        <AttributeList>
          <NetworkSource><FlgNet xmlns="http://www.siemens.com/automation/Openness/SW/NetworkSource/FlgNet/v4">
  <Parts>
    <Access Scope="GlobalVariable" UId="21">
      <IntegerAttribute Name="NumBLs" Informative="true">5</IntegerAttribute>
      <Symbol>
        <Component Name="DB_040SB_040_F_Data" />
        <Component Name="040STU001_ENBL_EStop" />
        <Address Area="None" Type="Bool" BlockNumber="265" BitOffset="168" Informative="true" />
      </Symbol>
    </Access>
    <Access Scope="GlobalVariable" UId="22">
      <IntegerAttribute Name="NumBLs" Informative="true">5</IntegerAttribute>
      <Symbol>
        <Component Name="DB_040SB_040_F_Data" />
        <Component Name="GM_NH_ENBL" />
        <Address Area="None" Type="Bool" BlockNumber="265" BitOffset="32" Informative="true" />
      </Symbol>
    </Access>
    <Part Name="Coil" UId="23" />
  </Parts>
  <Wires>
    <Wire UId="24">
      <IdentCon UId="21" />
      <NameCon UId="23" Name="in" />
    </Wire>
    <Wire UId="25">
      <IdentCon UId="22" />
      <NameCon UId="23" Name="operand" />
    </Wire>
  </Wires>
</FlgNet></NetworkSource>
          <ProgrammingLanguage>F_FBD</ProgrammingLanguage>
        </AttributeList>
        <ObjectList>
          <MultilingualText ID="1A" CompositionName="Comment">
            <ObjectList>
              <MultilingualTextItem ID="1B" CompositionName="Items">
                <AttributeList>
                  <Culture>en-US</Culture>
                  <Text />
                </AttributeList>
              </MultilingualTextItem>
              <MultilingualTextItem ID="1C" CompositionName="Items">
                <AttributeList>
                  <Culture>de-DE</Culture>
                  <Text />
                </AttributeList>
              </MultilingualTextItem>
            </ObjectList>
          </MultilingualText>
          <MultilingualText ID="1D" CompositionName="Title">
            <ObjectList>
              <MultilingualTextItem ID="1E" CompositionName="Items">
                <AttributeList>
                  <Culture>en-US</Culture>
                  <Text />
                </AttributeList>
              </MultilingualTextItem>
              <MultilingualTextItem ID="1F" CompositionName="Items">
                <AttributeList>
                  <Culture>de-DE</Culture>
                  <Text>040SB_040 Sammelmeldungen Not Halt</Text>
                </AttributeList>
              </MultilingualTextItem>
            </ObjectList>
          </MultilingualText>
        </ObjectList>
      </SW.Blocks.CompileUnit>
      <SW.Blocks.CompileUnit ID="20" CompositionName="CompileUnits">
        <AttributeList>
          <NetworkSource><FlgNet xmlns="http://www.siemens.com/automation/Openness/SW/NetworkSource/FlgNet/v4">
  <Parts>
    <Access Scope="GlobalVariable" UId="21">
      <IntegerAttribute Name="NumBLs" Informative="true">5</IntegerAttribute>
      <Symbol>
        <Component Name="DB_040SB_040_F_Data" />
        <Component Name="040STU001_ENBL_ROB_EStop" />
        <Address Area="None" Type="Bool" BlockNumber="265" BitOffset="152" Informative="true" />
      </Symbol>
    </Access>
    <Access Scope="GlobalVariable" UId="22">
      <IntegerAttribute Name="NumBLs" Informative="true">5</IntegerAttribute>
      <Symbol>
        <Component Name="DB_040SB_040_F_Data" />
        <Component Name="GM_NH_ENBL_ROB" />
        <Address Area="None" Type="Bool" BlockNumber="265" BitOffset="56" Informative="true" />
      </Symbol>
    </Access>
    <Part Name="Coil" UId="23" />
  </Parts>
  <Wires>
    <Wire UId="24">
      <IdentCon UId="21" />
      <NameCon UId="23" Name="in" />
    </Wire>
    <Wire UId="25">
      <IdentCon UId="22" />
      <NameCon UId="23" Name="operand" />
    </Wire>
  </Wires>
</FlgNet></NetworkSource>
          <ProgrammingLanguage>F_FBD</ProgrammingLanguage>
        </AttributeList>
        <ObjectList>
          <MultilingualText ID="21" CompositionName="Comment">
            <ObjectList>
              <MultilingualTextItem ID="22" CompositionName="Items">
                <AttributeList>
                  <Culture>en-US</Culture>
                  <Text />
                </AttributeList>
              </MultilingualTextItem>
              <MultilingualTextItem ID="23" CompositionName="Items">
                <AttributeList>
                  <Culture>de-DE</Culture>
                  <Text />
                </AttributeList>
              </MultilingualTextItem>
            </ObjectList>
          </MultilingualText>
          <MultilingualText ID="24" CompositionName="Title">
            <ObjectList>
              <MultilingualTextItem ID="25" CompositionName="Items">
                <AttributeList>
                  <Culture>en-US</Culture>
                  <Text />
                </AttributeList>
              </MultilingualTextItem>
              <MultilingualTextItem ID="26" CompositionName="Items">
                <AttributeList>
                  <Culture>de-DE</Culture>
                  <Text>040SB_040 Sammelmeldungen Not Halt Roboter</Text>
                </AttributeList>
              </MultilingualTextItem>
            </ObjectList>
          </MultilingualText>
        </ObjectList>
      </SW.Blocks.CompileUnit>
      <SW.Blocks.CompileUnit ID="27" CompositionName="CompileUnits">
        <AttributeList>
          <NetworkSource><FlgNet xmlns="http://www.siemens.com/automation/Openness/SW/NetworkSource/FlgNet/v4">
  <Parts>
    <Access Scope="GlobalVariable" UId="21">
      <IntegerAttribute Name="NumBLs" Informative="true">5</IntegerAttribute>
      <Symbol>
        <Component Name="DB_040SB_040_F_Data" />
        <Component Name="040STU001_ENBL_OpProt" />
        <Address Area="None" Type="Bool" BlockNumber="265" BitOffset="176" Informative="true" />
      </Symbol>
    </Access>
    <Access Scope="GlobalVariable" UId="22">
      <IntegerAttribute Name="NumBLs" Informative="true">5</IntegerAttribute>
      <Symbol>
        <Component Name="DB_040SB_040_F_Data" />
        <Component Name="GM_STU_ENBL" />
        <Address Area="None" Type="Bool" BlockNumber="265" BitOffset="80" Informative="true" />
      </Symbol>
    </Access>
    <Part Name="Coil" UId="23" />
  </Parts>
  <Wires>
    <Wire UId="24">
      <IdentCon UId="21" />
      <NameCon UId="23" Name="in" />
    </Wire>
    <Wire UId="25">
      <IdentCon UId="22" />
      <NameCon UId="23" Name="operand" />
    </Wire>
  </Wires>
</FlgNet></NetworkSource>
          <ProgrammingLanguage>F_FBD</ProgrammingLanguage>
        </AttributeList>
        <ObjectList>
          <MultilingualText ID="28" CompositionName="Comment">
            <ObjectList>
              <MultilingualTextItem ID="29" CompositionName="Items">
                <AttributeList>
                  <Culture>en-US</Culture>
                  <Text />
                </AttributeList>
              </MultilingualTextItem>
              <MultilingualTextItem ID="2A" CompositionName="Items">
                <AttributeList>
                  <Culture>de-DE</Culture>
                  <Text />
                </AttributeList>
              </MultilingualTextItem>
            </ObjectList>
          </MultilingualText>
          <MultilingualText ID="2B" CompositionName="Title">
            <ObjectList>
              <MultilingualTextItem ID="2C" CompositionName="Items">
                <AttributeList>
                  <Culture>en-US</Culture>
                  <Text />
                </AttributeList>
              </MultilingualTextItem>
              <MultilingualTextItem ID="2D" CompositionName="Items">
                <AttributeList>
                  <Culture>de-DE</Culture>
                  <Text>040SB_040 Sammelmeldungen Schutztüren</Text>
                </AttributeList>
              </MultilingualTextItem>
            </ObjectList>
          </MultilingualText>
        </ObjectList>
      </SW.Blocks.CompileUnit>
      <SW.Blocks.CompileUnit ID="2E" CompositionName="CompileUnits">
        <AttributeList>
          <NetworkSource><FlgNet xmlns="http://www.siemens.com/automation/Openness/SW/NetworkSource/FlgNet/v4">
  <Parts>
    <Access Scope="GlobalVariable" UId="21">
      <IntegerAttribute Name="NumBLs" Informative="true">5</IntegerAttribute>
      <Symbol>
        <Component Name="DB_040SB_040_F_Data" />
        <Component Name="040STU001_ENBL_ROB_OpProt" />
        <Address Area="None" Type="Bool" BlockNumber="265" BitOffset="160" Informative="true" />
      </Symbol>
    </Access>
    <Access Scope="GlobalVariable" UId="22">
      <IntegerAttribute Name="NumBLs" Informative="true">5</IntegerAttribute>
      <Symbol>
        <Component Name="DB_040SB_040_F_Data" />
        <Component Name="GM_STU_ENBL_ROB" />
        <Address Area="None" Type="Bool" BlockNumber="265" BitOffset="88" Informative="true" />
      </Symbol>
    </Access>
    <Part Name="Coil" UId="23" />
  </Parts>
  <Wires>
    <Wire UId="24">
      <IdentCon UId="21" />
      <NameCon UId="23" Name="in" />
    </Wire>
    <Wire UId="25">
      <IdentCon UId="22" />
      <NameCon UId="23" Name="operand" />
    </Wire>
  </Wires>
</FlgNet></NetworkSource>
          <ProgrammingLanguage>F_FBD</ProgrammingLanguage>
        </AttributeList>
        <ObjectList>
          <MultilingualText ID="2F" CompositionName="Comment">
            <ObjectList>
              <MultilingualTextItem ID="30" CompositionName="Items">
                <AttributeList>
                  <Culture>en-US</Culture>
                  <Text />
                </AttributeList>
              </MultilingualTextItem>
              <MultilingualTextItem ID="31" CompositionName="Items">
                <AttributeList>
                  <Culture>de-DE</Culture>
                  <Text />
                </AttributeList>
              </MultilingualTextItem>
            </ObjectList>
          </MultilingualText>
          <MultilingualText ID="32" CompositionName="Title">
            <ObjectList>
              <MultilingualTextItem ID="33" CompositionName="Items">
                <AttributeList>
                  <Culture>en-US</Culture>
                  <Text />
                </AttributeList>
              </MultilingualTextItem>
              <MultilingualTextItem ID="34" CompositionName="Items">
                <AttributeList>
                  <Culture>de-DE</Culture>
                  <Text>040SB_040 Sammelmeldungen Schutztüren Roboter</Text>
                </AttributeList>
              </MultilingualTextItem>
            </ObjectList>
          </MultilingualText>
        </ObjectList>
      </SW.Blocks.CompileUnit>
      <SW.Blocks.CompileUnit ID="35" CompositionName="CompileUnits">
        <AttributeList>
          <NetworkSource><FlgNet xmlns="http://www.siemens.com/automation/Openness/SW/NetworkSource/FlgNet/v4">
  <Parts>
    <Access Scope="GlobalVariable" UId="21">
      <IntegerAttribute Name="NumBLs" Informative="true">5</IntegerAttribute>
      <Symbol>
        <Component Name="DB_040SB_040_F_Data" />
        <Component Name="GM_STU_ENBL" />
        <Address Area="None" Type="Bool" BlockNumber="265" BitOffset="80" Informative="true" />
      </Symbol>
    </Access>
    <Access Scope="GlobalVariable" UId="22">
      <IntegerAttribute Name="NumBLs" Informative="true">5</IntegerAttribute>
      <Symbol>
        <Component Name="DB_040SB_040_F_Data" />
        <Component Name="GM_BS_ENBL" />
        <Address Area="None" Type="Bool" BlockNumber="265" BitOffset="48" Informative="true" />
      </Symbol>
    </Access>
    <Part Name="Coil" UId="23" />
  </Parts>
  <Wires>
    <Wire UId="24">
      <IdentCon UId="21" />
      <NameCon UId="23" Name="in" />
    </Wire>
    <Wire UId="25">
      <IdentCon UId="22" />
      <NameCon UId="23" Name="operand" />
    </Wire>
  </Wires>
</FlgNet></NetworkSource>
          <ProgrammingLanguage>F_FBD</ProgrammingLanguage>
        </AttributeList>
        <ObjectList>
          <MultilingualText ID="36" CompositionName="Comment">
            <ObjectList>
              <MultilingualTextItem ID="37" CompositionName="Items">
                <AttributeList>
                  <Culture>en-US</Culture>
                  <Text />
                </AttributeList>
              </MultilingualTextItem>
              <MultilingualTextItem ID="38" CompositionName="Items">
                <AttributeList>
                  <Culture>de-DE</Culture>
                  <Text />
                </AttributeList>
              </MultilingualTextItem>
            </ObjectList>
          </MultilingualText>
          <MultilingualText ID="39" CompositionName="Title">
            <ObjectList>
              <MultilingualTextItem ID="3A" CompositionName="Items">
                <AttributeList>
                  <Culture>en-US</Culture>
                  <Text />
                </AttributeList>
              </MultilingualTextItem>
              <MultilingualTextItem ID="3B" CompositionName="Items">
                <AttributeList>
                  <Culture>de-DE</Culture>
                  <Text>040SB_040 Sammelmeldungen Bedienerschutz (ohne Roboter)</Text>
                </AttributeList>
              </MultilingualTextItem>
            </ObjectList>
          </MultilingualText>
        </ObjectList>
      </SW.Blocks.CompileUnit>
      <SW.Blocks.CompileUnit ID="3C" CompositionName="CompileUnits">
        <AttributeList>
          <NetworkSource><FlgNet xmlns="http://www.siemens.com/automation/Openness/SW/NetworkSource/FlgNet/v4">
  <Parts>
    <Access Scope="GlobalVariable" UId="21">
      <IntegerAttribute Name="NumBLs" Informative="true">5</IntegerAttribute>
      <Symbol>
        <Component Name="DB_040SB_040_F_Data" />
        <Component Name="GM_STU_ENBL_ROB" />
        <Address Area="None" Type="Bool" BlockNumber="265" BitOffset="88" Informative="true" />
      </Symbol>
    </Access>
    <Access Scope="GlobalVariable" UId="22">
      <IntegerAttribute Name="NumBLs" Informative="true">5</IntegerAttribute>
      <Symbol>
        <Component Name="DB_040SB_040_F_Data" />
        <Component Name="GM_BS_ENBL_ROB" />
        <Address Area="None" Type="Bool" BlockNumber="265" BitOffset="64" Informative="true" />
      </Symbol>
    </Access>
    <Part Name="Coil" UId="23" />
  </Parts>
  <Wires>
    <Wire UId="24">
      <IdentCon UId="21" />
      <NameCon UId="23" Name="in" />
    </Wire>
    <Wire UId="25">
      <IdentCon UId="22" />
      <NameCon UId="23" Name="operand" />
    </Wire>
  </Wires>
</FlgNet></NetworkSource>
          <ProgrammingLanguage>F_FBD</ProgrammingLanguage>
        </AttributeList>
        <ObjectList>
          <MultilingualText ID="3D" CompositionName="Comment">
            <ObjectList>
              <MultilingualTextItem ID="3E" CompositionName="Items">
                <AttributeList>
                  <Culture>en-US</Culture>
                  <Text />
                </AttributeList>
              </MultilingualTextItem>
              <MultilingualTextItem ID="3F" CompositionName="Items">
                <AttributeList>
                  <Culture>de-DE</Culture>
                  <Text />
                </AttributeList>
              </MultilingualTextItem>
            </ObjectList>
          </MultilingualText>
          <MultilingualText ID="40" CompositionName="Title">
            <ObjectList>
              <MultilingualTextItem ID="41" CompositionName="Items">
                <AttributeList>
                  <Culture>en-US</Culture>
                  <Text />
                </AttributeList>
              </MultilingualTextItem>
              <MultilingualTextItem ID="42" CompositionName="Items">
                <AttributeList>
                  <Culture>de-DE</Culture>
                  <Text>040SB_040 Sammelmeldungen Bedienerschutz Roboter</Text>
                </AttributeList>
              </MultilingualTextItem>
            </ObjectList>
          </MultilingualText>
        </ObjectList>
      </SW.Blocks.CompileUnit>
      <SW.Blocks.CompileUnit ID="43" CompositionName="CompileUnits">
        <AttributeList>
          <NetworkSource><FlgNet xmlns="http://www.siemens.com/automation/Openness/SW/NetworkSource/FlgNet/v4">
  <Parts>
    <Access Scope="GlobalVariable" UId="21">
      <IntegerAttribute Name="NumBLs" Informative="true">5</IntegerAttribute>
      <Symbol>
        <Component Name="FALSE" />
        <Address Area="Memory" Type="Bool" BitOffset="19" Informative="true" />
      </Symbol>
    </Access>
    <Access Scope="GlobalVariable" UId="22">
      <IntegerAttribute Name="NumBLs" Informative="true">5</IntegerAttribute>
      <Symbol>
        <Component Name="TRUE" />
        <Address Area="Memory" Type="Bool" BitOffset="18" Informative="true" />
      </Symbol>
    </Access>
    <Access Scope="GlobalVariable" UId="23">
      <IntegerAttribute Name="NumBLs" Informative="true">5</IntegerAttribute>
      <Symbol>
        <Component Name="DB_040SB_040_F_Data" />
        <Component Name="GM_CL_ENBL" />
        <Address Area="None" Type="Bool" BlockNumber="265" BitOffset="72" Informative="true" />
      </Symbol>
    </Access>
    <Part Name="A" UId="24">
      <TemplateValue Name="Card" Type="Cardinality">2</TemplateValue>
      <Negated Name="in1" />
    </Part>
    <Part Name="Coil" UId="25" />
  </Parts>
  <Wires>
    <Wire UId="26">
      <IdentCon UId="21" />
      <NameCon UId="24" Name="in1" />
    </Wire>
    <Wire UId="27">
      <IdentCon UId="22" />
      <NameCon UId="24" Name="in2" />
    </Wire>
    <Wire UId="28">
      <NameCon UId="24" Name="out" />
      <NameCon UId="25" Name="in" />
    </Wire>
    <Wire UId="29">
      <IdentCon UId="23" />
      <NameCon UId="25" Name="operand" />
    </Wire>
  </Wires>
</FlgNet></NetworkSource>
          <ProgrammingLanguage>F_FBD</ProgrammingLanguage>
        </AttributeList>
        <ObjectList>
          <MultilingualText ID="44" CompositionName="Comment">
            <ObjectList>
              <MultilingualTextItem ID="45" CompositionName="Items">
                <AttributeList>
                  <Culture>en-US</Culture>
                  <Text />
                </AttributeList>
              </MultilingualTextItem>
              <MultilingualTextItem ID="46" CompositionName="Items">
                <AttributeList>
                  <Culture>de-DE</Culture>
                  <Text />
                </AttributeList>
              </MultilingualTextItem>
            </ObjectList>
          </MultilingualText>
          <MultilingualText ID="47" CompositionName="Title">
            <ObjectList>
              <MultilingualTextItem ID="48" CompositionName="Items">
                <AttributeList>
                  <Culture>en-US</Culture>
                  <Text />
                </AttributeList>
              </MultilingualTextItem>
              <MultilingualTextItem ID="49" CompositionName="Items">
                <AttributeList>
                  <Culture>de-DE</Culture>
                  <Text>040SB_040 Sammelmeldung Verriegelungen SB verriegelt</Text>
                </AttributeList>
              </MultilingualTextItem>
            </ObjectList>
          </MultilingualText>
        </ObjectList>
      </SW.Blocks.CompileUnit>
      <SW.Blocks.CompileUnit ID="4A" CompositionName="CompileUnits">
        <AttributeList>
          <NetworkSource><FlgNet xmlns="http://www.siemens.com/automation/Openness/SW/NetworkSource/FlgNet/v4">
  <Parts>
    <Access Scope="GlobalVariable" UId="21">
      <IntegerAttribute Name="NumBLs" Informative="true">5</IntegerAttribute>
      <Symbol>
        <Component Name="ToDo" />
        <Address Area="Memory" Type="Bool" BitOffset="792" Informative="true" />
      </Symbol>
    </Access>
    <Access Scope="GlobalVariable" UId="22">
      <IntegerAttribute Name="NumBLs" Informative="true">5</IntegerAttribute>
      <Symbol>
        <Component Name="DB_040SB_040_F_Data" />
        <Component Name="GM_RFK_ENBL" />
        <Address Area="None" Type="Bool" BlockNumber="265" BitOffset="96" Informative="true" />
      </Symbol>
    </Access>
    <Part Name="Coil" UId="23" />
  </Parts>
  <Wires>
    <Wire UId="24">
      <IdentCon UId="21" />
      <NameCon UId="23" Name="in" />
    </Wire>
    <Wire UId="25">
      <IdentCon UId="22" />
      <NameCon UId="23" Name="operand" />
    </Wire>
  </Wires>
</FlgNet></NetworkSource>
          <ProgrammingLanguage>F_FBD</ProgrammingLanguage>
        </AttributeList>
        <ObjectList>
          <MultilingualText ID="4B" CompositionName="Comment">
            <ObjectList>
              <MultilingualTextItem ID="4C" CompositionName="Items">
                <AttributeList>
                  <Culture>en-US</Culture>
                  <Text />
                </AttributeList>
              </MultilingualTextItem>
              <MultilingualTextItem ID="4D" CompositionName="Items">
                <AttributeList>
                  <Culture>de-DE</Culture>
                  <Text />
                </AttributeList>
              </MultilingualTextItem>
            </ObjectList>
          </MultilingualText>
          <MultilingualText ID="4E" CompositionName="Title">
            <ObjectList>
              <MultilingualTextItem ID="4F" CompositionName="Items">
                <AttributeList>
                  <Culture>en-US</Culture>
                  <Text />
                </AttributeList>
              </MultilingualTextItem>
              <MultilingualTextItem ID="50" CompositionName="Items">
                <AttributeList>
                  <Culture>de-DE</Culture>
                  <Text>040SB_040 Sammelmeldung Rückführkreise lokal</Text>
                </AttributeList>
              </MultilingualTextItem>
            </ObjectList>
          </MultilingualText>
        </ObjectList>
      </SW.Blocks.CompileUnit>
      <MultilingualText ID="51" CompositionName="Title">
        <ObjectList>
          <MultilingualTextItem ID="52" CompositionName="Items">
            <AttributeList>
              <Culture>en-US</Culture>
              <Text />
            </AttributeList>
          </MultilingualTextItem>
          <MultilingualTextItem ID="53" CompositionName="Items">
            <AttributeList>
              <Culture>de-DE</Culture>
              <Text>Aufruf Eingänge Sicherheitsbereich 040SB_040</Text>
            </AttributeList>
          </MultilingualTextItem>
        </ObjectList>
      </MultilingualText>
    </ObjectList>
  </SW.Blocks.FC>
</Document>