﻿<?xml version="1.0" encoding="utf-8"?>
<Document>
  <Engineering version="V16" />
  <DocumentInfo>
    <Created>2025-05-12T11:27:44.6186857Z</Created>
    <ExportSetting>WithDefaults, WithReadOnly</ExportSetting>
    <InstalledProducts>
      <Product>
        <DisplayName>Totally Integrated Automation Portal</DisplayName>
        <DisplayVersion>V16 Update 7</DisplayVersion>
      </Product>
      <OptionPackage>
        <DisplayName>TIA Portal Version Control Interface</DisplayName>
        <DisplayVersion>V16 Update 2</DisplayVersion>
      </OptionPackage>
      <OptionPackage>
        <DisplayName>TIA Portal Openness</DisplayName>
        <DisplayVersion>V16 Update 7</DisplayVersion>
      </OptionPackage>
      <Product>
        <DisplayName>SINAMICS Startdrive Advanced</DisplayName>
        <DisplayVersion>V16 Update 5</DisplayVersion>
      </Product>
      <OptionPackage>
        <DisplayName>SINAMICS Startdrive G130, G150, S120, S150, SINAMICS MV, S210</DisplayName>
        <DisplayVersion>V16 Update 5</DisplayVersion>
      </OptionPackage>
      <OptionPackage>
        <DisplayName>SINAMICS Startdrive G110M, G120, G120C, G120D, G120P, G115D</DisplayName>
        <DisplayVersion>V16 Update 5</DisplayVersion>
      </OptionPackage>
      <Product>
        <DisplayName>STEP 7 Professional</DisplayName>
        <DisplayVersion>V16 Update 7</DisplayVersion>
      </Product>
      <OptionPackage>
        <DisplayName>STEP 7 Safety</DisplayName>
        <DisplayVersion>V16 Update 7</DisplayVersion>
      </OptionPackage>
      <Product>
        <DisplayName>WinCC Advanced</DisplayName>
        <DisplayVersion>V16 Update 7</DisplayVersion>
      </Product>
      <OptionPackage>
        <DisplayName>SIMATIC Visualization Architect</DisplayName>
        <DisplayVersion>V16</DisplayVersion>
      </OptionPackage>
    </InstalledProducts>
  </DocumentInfo>
  <SW.Blocks.GlobalDB ID="0">
    <AttributeList>
      <AutoNumber>true</AutoNumber>
      <CodeModifiedDate ReadOnly="true">2020-12-31T05:38:33.7553663Z</CodeModifiedDate>
      <CompileDate ReadOnly="true">2023-07-13T07:25:49.1146651Z</CompileDate>
      <CreationDate ReadOnly="true">2023-07-13T06:54:00.0043958Z</CreationDate>
      <DBAccessibleFromOPCUA>true</DBAccessibleFromOPCUA>
      <HeaderAuthor />
      <HeaderFamily />
      <HeaderName />
      <HeaderVersion>1.0</HeaderVersion>
      <Interface><Sections xmlns="http://www.siemens.com/automation/Openness/SW/Interface/v4">
  <Section Name="Static">
    <Member Name="UserData" Datatype="&quot;iUDT_UserData&quot;" Remanence="Retain" Accessibility="Public"><AttributeList><IntegerAttribute Name="Offset" Informative="true" SystemDefined="true">0</IntegerAttribute><BooleanAttribute Name="ExternalAccessible" SystemDefined="true">true</BooleanAttribute><BooleanAttribute Name="ExternalVisible" SystemDefined="true">true</BooleanAttribute><BooleanAttribute Name="ExternalWritable" SystemDefined="true">true</BooleanAttribute><BooleanAttribute Name="UserVisible" Informative="true" SystemDefined="true">true</BooleanAttribute><BooleanAttribute Name="UserReadOnly" Informative="true" SystemDefined="true">false</BooleanAttribute><BooleanAttribute Name="UserDeletable" Informative="true" SystemDefined="true">true</BooleanAttribute><BooleanAttribute Name="SetPoint" SystemDefined="true">true</BooleanAttribute></AttributeList><Comment><MultiLanguageText Lang="de-DE">Nutzdaten</MultiLanguageText></Comment><Sections><Section Name="None"><Member Name="IW" Datatype="Array[1..24] of Char"><AttributeList><IntegerAttribute Name="Offset" Informative="true" SystemDefined="true">0</IntegerAttribute><IntegerAttribute Name="PaddedSize" Informative="true" SystemDefined="true">8</IntegerAttribute></AttributeList></Member><Member Name="DATA" Datatype="Array[25..36] of Char"><AttributeList><IntegerAttribute Name="Offset" Informative="true" SystemDefined="true">192</IntegerAttribute><IntegerAttribute Name="PaddedSize" Informative="true" SystemDefined="true">8</IntegerAttribute></AttributeList></Member><Member Name="TM" Datatype="&quot;iUDT_USERDATA_W50_TM&quot;"><AttributeList><IntegerAttribute Name="Offset" Informative="true" SystemDefined="true">288</IntegerAttribute></AttributeList><Sections><Section Name="None"><Member Name="TM001" Datatype="Bool"><AttributeList><IntegerAttribute Name="Offset" Informative="true" SystemDefined="true">0</IntegerAttribute></AttributeList></Member><Member Name="TM002" Datatype="Bool"><AttributeList><IntegerAttribute Name="Offset" Informative="true" SystemDefined="true">1</IntegerAttribute></AttributeList></Member><Member Name="TM003" Datatype="Bool"><AttributeList><IntegerAttribute Name="Offset" Informative="true" SystemDefined="true">2</IntegerAttribute></AttributeList></Member><Member Name="TM004" Datatype="Bool"><AttributeList><IntegerAttribute Name="Offset" Informative="true" SystemDefined="true">3</IntegerAttribute></AttributeList></Member><Member Name="TM005" Datatype="Bool"><AttributeList><IntegerAttribute Name="Offset" Informative="true" SystemDefined="true">4</IntegerAttribute></AttributeList></Member><Member Name="TM006" Datatype="Bool"><AttributeList><IntegerAttribute Name="Offset" Informative="true" SystemDefined="true">5</IntegerAttribute></AttributeList></Member><Member Name="TM007" Datatype="Bool"><AttributeList><IntegerAttribute Name="Offset" Informative="true" SystemDefined="true">6</IntegerAttribute></AttributeList></Member><Member Name="TM008" Datatype="Bool"><AttributeList><IntegerAttribute Name="Offset" Informative="true" SystemDefined="true">7</IntegerAttribute></AttributeList></Member><Member Name="TM009" Datatype="Bool"><AttributeList><IntegerAttribute Name="Offset" Informative="true" SystemDefined="true">8</IntegerAttribute></AttributeList></Member><Member Name="TM010" Datatype="Bool"><AttributeList><IntegerAttribute Name="Offset" Informative="true" SystemDefined="true">9</IntegerAttribute></AttributeList></Member><Member Name="TM011" Datatype="Bool"><AttributeList><IntegerAttribute Name="Offset" Informative="true" SystemDefined="true">10</IntegerAttribute></AttributeList></Member><Member Name="TM012" Datatype="Bool"><AttributeList><IntegerAttribute Name="Offset" Informative="true" SystemDefined="true">11</IntegerAttribute></AttributeList></Member><Member Name="TM013" Datatype="Bool"><AttributeList><IntegerAttribute Name="Offset" Informative="true" SystemDefined="true">12</IntegerAttribute></AttributeList></Member><Member Name="TM014" Datatype="Bool"><AttributeList><IntegerAttribute Name="Offset" Informative="true" SystemDefined="true">13</IntegerAttribute></AttributeList></Member><Member Name="TM015" Datatype="Bool"><AttributeList><IntegerAttribute Name="Offset" Informative="true" SystemDefined="true">14</IntegerAttribute></AttributeList></Member><Member Name="TM016" Datatype="Bool"><AttributeList><IntegerAttribute Name="Offset" Informative="true" SystemDefined="true">15</IntegerAttribute></AttributeList></Member><Member Name="TM017" Datatype="Bool"><AttributeList><IntegerAttribute Name="Offset" Informative="true" SystemDefined="true">16</IntegerAttribute></AttributeList></Member><Member Name="TM018" Datatype="Bool"><AttributeList><IntegerAttribute Name="Offset" Informative="true" SystemDefined="true">17</IntegerAttribute></AttributeList></Member><Member Name="TM019" Datatype="Bool"><AttributeList><IntegerAttribute Name="Offset" Informative="true" SystemDefined="true">18</IntegerAttribute></AttributeList></Member><Member Name="TM020" Datatype="Bool"><AttributeList><IntegerAttribute Name="Offset" Informative="true" SystemDefined="true">19</IntegerAttribute></AttributeList></Member><Member Name="TM021" Datatype="Bool"><AttributeList><IntegerAttribute Name="Offset" Informative="true" SystemDefined="true">20</IntegerAttribute></AttributeList></Member><Member Name="TM022" Datatype="Bool"><AttributeList><IntegerAttribute Name="Offset" Informative="true" SystemDefined="true">21</IntegerAttribute></AttributeList></Member><Member Name="TM023" Datatype="Bool"><AttributeList><IntegerAttribute Name="Offset" Informative="true" SystemDefined="true">22</IntegerAttribute></AttributeList></Member><Member Name="TM024" Datatype="Bool"><AttributeList><IntegerAttribute Name="Offset" Informative="true" SystemDefined="true">23</IntegerAttribute></AttributeList></Member><Member Name="TM025" Datatype="Bool"><AttributeList><IntegerAttribute Name="Offset" Informative="true" SystemDefined="true">24</IntegerAttribute></AttributeList></Member><Member Name="TM026" Datatype="Bool"><AttributeList><IntegerAttribute Name="Offset" Informative="true" SystemDefined="true">25</IntegerAttribute></AttributeList></Member><Member Name="TM027" Datatype="Bool"><AttributeList><IntegerAttribute Name="Offset" Informative="true" SystemDefined="true">26</IntegerAttribute></AttributeList></Member><Member Name="TM028" Datatype="Bool"><AttributeList><IntegerAttribute Name="Offset" Informative="true" SystemDefined="true">27</IntegerAttribute></AttributeList></Member><Member Name="TM029" Datatype="Bool"><AttributeList><IntegerAttribute Name="Offset" Informative="true" SystemDefined="true">28</IntegerAttribute></AttributeList></Member><Member Name="TM030" Datatype="Bool"><AttributeList><IntegerAttribute Name="Offset" Informative="true" SystemDefined="true">29</IntegerAttribute></AttributeList></Member><Member Name="TM031" Datatype="Bool"><AttributeList><IntegerAttribute Name="Offset" Informative="true" SystemDefined="true">30</IntegerAttribute></AttributeList></Member><Member Name="TM032" Datatype="Bool"><AttributeList><IntegerAttribute Name="Offset" Informative="true" SystemDefined="true">31</IntegerAttribute></AttributeList></Member><Member Name="TM033" Datatype="Bool"><AttributeList><IntegerAttribute Name="Offset" Informative="true" SystemDefined="true">32</IntegerAttribute></AttributeList></Member><Member Name="TM034" Datatype="Bool"><AttributeList><IntegerAttribute Name="Offset" Informative="true" SystemDefined="true">33</IntegerAttribute></AttributeList></Member><Member Name="TM035" Datatype="Bool"><AttributeList><IntegerAttribute Name="Offset" Informative="true" SystemDefined="true">34</IntegerAttribute></AttributeList></Member><Member Name="TM036" Datatype="Bool"><AttributeList><IntegerAttribute Name="Offset" Informative="true" SystemDefined="true">35</IntegerAttribute></AttributeList></Member><Member Name="TM037" Datatype="Bool"><AttributeList><IntegerAttribute Name="Offset" Informative="true" SystemDefined="true">36</IntegerAttribute></AttributeList></Member><Member Name="TM038" Datatype="Bool"><AttributeList><IntegerAttribute Name="Offset" Informative="true" SystemDefined="true">37</IntegerAttribute></AttributeList></Member><Member Name="TM039" Datatype="Bool"><AttributeList><IntegerAttribute Name="Offset" Informative="true" SystemDefined="true">38</IntegerAttribute></AttributeList></Member><Member Name="TM040" Datatype="Bool"><AttributeList><IntegerAttribute Name="Offset" Informative="true" SystemDefined="true">39</IntegerAttribute></AttributeList></Member><Member Name="TM041" Datatype="Bool"><AttributeList><IntegerAttribute Name="Offset" Informative="true" SystemDefined="true">40</IntegerAttribute></AttributeList></Member><Member Name="TM042" Datatype="Bool"><AttributeList><IntegerAttribute Name="Offset" Informative="true" SystemDefined="true">41</IntegerAttribute></AttributeList></Member><Member Name="TM043" Datatype="Bool"><AttributeList><IntegerAttribute Name="Offset" Informative="true" SystemDefined="true">42</IntegerAttribute></AttributeList></Member><Member Name="TM044" Datatype="Bool"><AttributeList><IntegerAttribute Name="Offset" Informative="true" SystemDefined="true">43</IntegerAttribute></AttributeList></Member><Member Name="TM045" Datatype="Bool"><AttributeList><IntegerAttribute Name="Offset" Informative="true" SystemDefined="true">44</IntegerAttribute></AttributeList></Member><Member Name="TM046" Datatype="Bool"><AttributeList><IntegerAttribute Name="Offset" Informative="true" SystemDefined="true">45</IntegerAttribute></AttributeList></Member><Member Name="TM047" Datatype="Bool"><AttributeList><IntegerAttribute Name="Offset" Informative="true" SystemDefined="true">46</IntegerAttribute></AttributeList></Member><Member Name="TM048" Datatype="Bool"><AttributeList><IntegerAttribute Name="Offset" Informative="true" SystemDefined="true">47</IntegerAttribute></AttributeList></Member><Member Name="TM049" Datatype="Bool"><AttributeList><IntegerAttribute Name="Offset" Informative="true" SystemDefined="true">48</IntegerAttribute></AttributeList></Member><Member Name="TM050" Datatype="Bool"><AttributeList><IntegerAttribute Name="Offset" Informative="true" SystemDefined="true">49</IntegerAttribute></AttributeList></Member><Member Name="TM051" Datatype="Bool"><AttributeList><IntegerAttribute Name="Offset" Informative="true" SystemDefined="true">50</IntegerAttribute></AttributeList></Member><Member Name="TM052" Datatype="Bool"><AttributeList><IntegerAttribute Name="Offset" Informative="true" SystemDefined="true">51</IntegerAttribute></AttributeList></Member><Member Name="TM053" Datatype="Bool"><AttributeList><IntegerAttribute Name="Offset" Informative="true" SystemDefined="true">52</IntegerAttribute></AttributeList></Member><Member Name="TM054" Datatype="Bool"><AttributeList><IntegerAttribute Name="Offset" Informative="true" SystemDefined="true">53</IntegerAttribute></AttributeList></Member><Member Name="TM055" Datatype="Bool"><AttributeList><IntegerAttribute Name="Offset" Informative="true" SystemDefined="true">54</IntegerAttribute></AttributeList></Member><Member Name="TM056" Datatype="Bool"><AttributeList><IntegerAttribute Name="Offset" Informative="true" SystemDefined="true">55</IntegerAttribute></AttributeList></Member><Member Name="TM057" Datatype="Bool"><AttributeList><IntegerAttribute Name="Offset" Informative="true" SystemDefined="true">56</IntegerAttribute></AttributeList></Member><Member Name="TM058" Datatype="Bool"><AttributeList><IntegerAttribute Name="Offset" Informative="true" SystemDefined="true">57</IntegerAttribute></AttributeList></Member><Member Name="TM059" Datatype="Bool"><AttributeList><IntegerAttribute Name="Offset" Informative="true" SystemDefined="true">58</IntegerAttribute></AttributeList></Member><Member Name="TM060" Datatype="Bool"><AttributeList><IntegerAttribute Name="Offset" Informative="true" SystemDefined="true">59</IntegerAttribute></AttributeList></Member><Member Name="TM061" Datatype="Bool"><AttributeList><IntegerAttribute Name="Offset" Informative="true" SystemDefined="true">60</IntegerAttribute></AttributeList></Member><Member Name="TM062" Datatype="Bool"><AttributeList><IntegerAttribute Name="Offset" Informative="true" SystemDefined="true">61</IntegerAttribute></AttributeList></Member><Member Name="TM063" Datatype="Bool"><AttributeList><IntegerAttribute Name="Offset" Informative="true" SystemDefined="true">62</IntegerAttribute></AttributeList></Member><Member Name="TM064" Datatype="Bool"><AttributeList><IntegerAttribute Name="Offset" Informative="true" SystemDefined="true">63</IntegerAttribute></AttributeList></Member><Member Name="TM065" Datatype="Bool"><AttributeList><IntegerAttribute Name="Offset" Informative="true" SystemDefined="true">64</IntegerAttribute></AttributeList></Member><Member Name="TM066" Datatype="Bool"><AttributeList><IntegerAttribute Name="Offset" Informative="true" SystemDefined="true">65</IntegerAttribute></AttributeList></Member><Member Name="TM067" Datatype="Bool"><AttributeList><IntegerAttribute Name="Offset" Informative="true" SystemDefined="true">66</IntegerAttribute></AttributeList></Member><Member Name="TM068" Datatype="Bool"><AttributeList><IntegerAttribute Name="Offset" Informative="true" SystemDefined="true">67</IntegerAttribute></AttributeList></Member><Member Name="TM069" Datatype="Bool"><AttributeList><IntegerAttribute Name="Offset" Informative="true" SystemDefined="true">68</IntegerAttribute></AttributeList></Member><Member Name="TM070" Datatype="Bool"><AttributeList><IntegerAttribute Name="Offset" Informative="true" SystemDefined="true">69</IntegerAttribute></AttributeList></Member><Member Name="TM071" Datatype="Bool"><AttributeList><IntegerAttribute Name="Offset" Informative="true" SystemDefined="true">70</IntegerAttribute></AttributeList></Member><Member Name="TM072" Datatype="Bool"><AttributeList><IntegerAttribute Name="Offset" Informative="true" SystemDefined="true">71</IntegerAttribute></AttributeList></Member><Member Name="TM073" Datatype="Bool"><AttributeList><IntegerAttribute Name="Offset" Informative="true" SystemDefined="true">72</IntegerAttribute></AttributeList></Member><Member Name="TM074" Datatype="Bool"><AttributeList><IntegerAttribute Name="Offset" Informative="true" SystemDefined="true">73</IntegerAttribute></AttributeList></Member><Member Name="TM075" Datatype="Bool"><AttributeList><IntegerAttribute Name="Offset" Informative="true" SystemDefined="true">74</IntegerAttribute></AttributeList></Member><Member Name="TM076" Datatype="Bool"><AttributeList><IntegerAttribute Name="Offset" Informative="true" SystemDefined="true">75</IntegerAttribute></AttributeList></Member><Member Name="TM077" Datatype="Bool"><AttributeList><IntegerAttribute Name="Offset" Informative="true" SystemDefined="true">76</IntegerAttribute></AttributeList></Member><Member Name="TM078" Datatype="Bool"><AttributeList><IntegerAttribute Name="Offset" Informative="true" SystemDefined="true">77</IntegerAttribute></AttributeList></Member><Member Name="TM079" Datatype="Bool"><AttributeList><IntegerAttribute Name="Offset" Informative="true" SystemDefined="true">78</IntegerAttribute></AttributeList></Member><Member Name="TM080" Datatype="Bool"><AttributeList><IntegerAttribute Name="Offset" Informative="true" SystemDefined="true">79</IntegerAttribute></AttributeList></Member><Member Name="TM081" Datatype="Bool"><AttributeList><IntegerAttribute Name="Offset" Informative="true" SystemDefined="true">80</IntegerAttribute></AttributeList></Member><Member Name="TM082" Datatype="Bool"><AttributeList><IntegerAttribute Name="Offset" Informative="true" SystemDefined="true">81</IntegerAttribute></AttributeList></Member><Member Name="TM083" Datatype="Bool"><AttributeList><IntegerAttribute Name="Offset" Informative="true" SystemDefined="true">82</IntegerAttribute></AttributeList></Member><Member Name="TM084" Datatype="Bool"><AttributeList><IntegerAttribute Name="Offset" Informative="true" SystemDefined="true">83</IntegerAttribute></AttributeList></Member><Member Name="TM085" Datatype="Bool"><AttributeList><IntegerAttribute Name="Offset" Informative="true" SystemDefined="true">84</IntegerAttribute></AttributeList></Member><Member Name="TM086" Datatype="Bool"><AttributeList><IntegerAttribute Name="Offset" Informative="true" SystemDefined="true">85</IntegerAttribute></AttributeList></Member><Member Name="TM087" Datatype="Bool"><AttributeList><IntegerAttribute Name="Offset" Informative="true" SystemDefined="true">86</IntegerAttribute></AttributeList></Member><Member Name="TM088" Datatype="Bool"><AttributeList><IntegerAttribute Name="Offset" Informative="true" SystemDefined="true">87</IntegerAttribute></AttributeList></Member><Member Name="TM089" Datatype="Bool"><AttributeList><IntegerAttribute Name="Offset" Informative="true" SystemDefined="true">88</IntegerAttribute></AttributeList></Member><Member Name="TM090" Datatype="Bool"><AttributeList><IntegerAttribute Name="Offset" Informative="true" SystemDefined="true">89</IntegerAttribute></AttributeList></Member><Member Name="TM091" Datatype="Bool"><AttributeList><IntegerAttribute Name="Offset" Informative="true" SystemDefined="true">90</IntegerAttribute></AttributeList></Member><Member Name="TM092" Datatype="Bool"><AttributeList><IntegerAttribute Name="Offset" Informative="true" SystemDefined="true">91</IntegerAttribute></AttributeList></Member><Member Name="TM093" Datatype="Bool"><AttributeList><IntegerAttribute Name="Offset" Informative="true" SystemDefined="true">92</IntegerAttribute></AttributeList></Member><Member Name="TM094" Datatype="Bool"><AttributeList><IntegerAttribute Name="Offset" Informative="true" SystemDefined="true">93</IntegerAttribute></AttributeList></Member><Member Name="TM095" Datatype="Bool"><AttributeList><IntegerAttribute Name="Offset" Informative="true" SystemDefined="true">94</IntegerAttribute></AttributeList></Member><Member Name="TM096" Datatype="Bool"><AttributeList><IntegerAttribute Name="Offset" Informative="true" SystemDefined="true">95</IntegerAttribute></AttributeList></Member><Member Name="TM097" Datatype="Bool"><AttributeList><IntegerAttribute Name="Offset" Informative="true" SystemDefined="true">96</IntegerAttribute></AttributeList></Member><Member Name="TM098" Datatype="Bool"><AttributeList><IntegerAttribute Name="Offset" Informative="true" SystemDefined="true">97</IntegerAttribute></AttributeList></Member><Member Name="TM099" Datatype="Bool"><AttributeList><IntegerAttribute Name="Offset" Informative="true" SystemDefined="true">98</IntegerAttribute></AttributeList></Member><Member Name="TM100" Datatype="Bool"><AttributeList><IntegerAttribute Name="Offset" Informative="true" SystemDefined="true">99</IntegerAttribute></AttributeList></Member><Member Name="TM101" Datatype="Bool"><AttributeList><IntegerAttribute Name="Offset" Informative="true" SystemDefined="true">100</IntegerAttribute></AttributeList></Member><Member Name="TM102" Datatype="Bool"><AttributeList><IntegerAttribute Name="Offset" Informative="true" SystemDefined="true">101</IntegerAttribute></AttributeList></Member><Member Name="TM103" Datatype="Bool"><AttributeList><IntegerAttribute Name="Offset" Informative="true" SystemDefined="true">102</IntegerAttribute></AttributeList></Member><Member Name="TM104" Datatype="Bool"><AttributeList><IntegerAttribute Name="Offset" Informative="true" SystemDefined="true">103</IntegerAttribute></AttributeList></Member><Member Name="TM105" Datatype="Bool"><AttributeList><IntegerAttribute Name="Offset" Informative="true" SystemDefined="true">104</IntegerAttribute></AttributeList></Member><Member Name="TM106" Datatype="Bool"><AttributeList><IntegerAttribute Name="Offset" Informative="true" SystemDefined="true">105</IntegerAttribute></AttributeList></Member><Member Name="TM107" Datatype="Bool"><AttributeList><IntegerAttribute Name="Offset" Informative="true" SystemDefined="true">106</IntegerAttribute></AttributeList></Member><Member Name="TM108" Datatype="Bool"><AttributeList><IntegerAttribute Name="Offset" Informative="true" SystemDefined="true">107</IntegerAttribute></AttributeList></Member><Member Name="TM109" Datatype="Bool"><AttributeList><IntegerAttribute Name="Offset" Informative="true" SystemDefined="true">108</IntegerAttribute></AttributeList></Member><Member Name="TM110" Datatype="Bool"><AttributeList><IntegerAttribute Name="Offset" Informative="true" SystemDefined="true">109</IntegerAttribute></AttributeList></Member><Member Name="TM111" Datatype="Bool"><AttributeList><IntegerAttribute Name="Offset" Informative="true" SystemDefined="true">110</IntegerAttribute></AttributeList></Member><Member Name="TM112" Datatype="Bool"><AttributeList><IntegerAttribute Name="Offset" Informative="true" SystemDefined="true">111</IntegerAttribute></AttributeList></Member><Member Name="TM113" Datatype="Bool"><AttributeList><IntegerAttribute Name="Offset" Informative="true" SystemDefined="true">112</IntegerAttribute></AttributeList></Member><Member Name="TM114" Datatype="Bool"><AttributeList><IntegerAttribute Name="Offset" Informative="true" SystemDefined="true">113</IntegerAttribute></AttributeList></Member><Member Name="TM115" Datatype="Bool"><AttributeList><IntegerAttribute Name="Offset" Informative="true" SystemDefined="true">114</IntegerAttribute></AttributeList></Member><Member Name="TM116" Datatype="Bool"><AttributeList><IntegerAttribute Name="Offset" Informative="true" SystemDefined="true">115</IntegerAttribute></AttributeList></Member><Member Name="TM117" Datatype="Bool"><AttributeList><IntegerAttribute Name="Offset" Informative="true" SystemDefined="true">116</IntegerAttribute></AttributeList></Member><Member Name="TM118" Datatype="Bool"><AttributeList><IntegerAttribute Name="Offset" Informative="true" SystemDefined="true">117</IntegerAttribute></AttributeList></Member><Member Name="TM119" Datatype="Bool"><AttributeList><IntegerAttribute Name="Offset" Informative="true" SystemDefined="true">118</IntegerAttribute></AttributeList></Member><Member Name="TM120" Datatype="Bool"><AttributeList><IntegerAttribute Name="Offset" Informative="true" SystemDefined="true">119</IntegerAttribute></AttributeList></Member><Member Name="TM121" Datatype="Bool"><AttributeList><IntegerAttribute Name="Offset" Informative="true" SystemDefined="true">120</IntegerAttribute></AttributeList></Member><Member Name="TM122" Datatype="Bool"><AttributeList><IntegerAttribute Name="Offset" Informative="true" SystemDefined="true">121</IntegerAttribute></AttributeList></Member><Member Name="TM123" Datatype="Bool"><AttributeList><IntegerAttribute Name="Offset" Informative="true" SystemDefined="true">122</IntegerAttribute></AttributeList></Member><Member Name="TM124" Datatype="Bool"><AttributeList><IntegerAttribute Name="Offset" Informative="true" SystemDefined="true">123</IntegerAttribute></AttributeList></Member><Member Name="TM125" Datatype="Bool"><AttributeList><IntegerAttribute Name="Offset" Informative="true" SystemDefined="true">124</IntegerAttribute></AttributeList></Member><Member Name="TM126" Datatype="Bool"><AttributeList><IntegerAttribute Name="Offset" Informative="true" SystemDefined="true">125</IntegerAttribute></AttributeList></Member><Member Name="TM127" Datatype="Bool"><AttributeList><IntegerAttribute Name="Offset" Informative="true" SystemDefined="true">126</IntegerAttribute></AttributeList></Member><Member Name="TM128" Datatype="Bool"><AttributeList><IntegerAttribute Name="Offset" Informative="true" SystemDefined="true">127</IntegerAttribute></AttributeList></Member></Section></Sections></Member><Member Name="DE" Datatype="&quot;iUDT_USERDATA_W50_VAR&quot;"><AttributeList><IntegerAttribute Name="Offset" Informative="true" SystemDefined="true">416</IntegerAttribute></AttributeList><Sections><Section Name="None"><Member Name="VAR001" Datatype="Bool"><AttributeList><IntegerAttribute Name="Offset" Informative="true" SystemDefined="true">0</IntegerAttribute></AttributeList></Member><Member Name="VAR002" Datatype="Bool"><AttributeList><IntegerAttribute Name="Offset" Informative="true" SystemDefined="true">1</IntegerAttribute></AttributeList></Member><Member Name="VAR003" Datatype="Bool"><AttributeList><IntegerAttribute Name="Offset" Informative="true" SystemDefined="true">2</IntegerAttribute></AttributeList></Member><Member Name="VAR004" Datatype="Bool"><AttributeList><IntegerAttribute Name="Offset" Informative="true" SystemDefined="true">3</IntegerAttribute></AttributeList></Member><Member Name="VAR005" Datatype="Bool"><AttributeList><IntegerAttribute Name="Offset" Informative="true" SystemDefined="true">4</IntegerAttribute></AttributeList></Member><Member Name="VAR006" Datatype="Bool"><AttributeList><IntegerAttribute Name="Offset" Informative="true" SystemDefined="true">5</IntegerAttribute></AttributeList></Member><Member Name="VAR007" Datatype="Bool"><AttributeList><IntegerAttribute Name="Offset" Informative="true" SystemDefined="true">6</IntegerAttribute></AttributeList></Member><Member Name="VAR008" Datatype="Bool"><AttributeList><IntegerAttribute Name="Offset" Informative="true" SystemDefined="true">7</IntegerAttribute></AttributeList></Member><Member Name="VAR009" Datatype="Bool"><AttributeList><IntegerAttribute Name="Offset" Informative="true" SystemDefined="true">8</IntegerAttribute></AttributeList></Member><Member Name="VAR010" Datatype="Bool"><AttributeList><IntegerAttribute Name="Offset" Informative="true" SystemDefined="true">9</IntegerAttribute></AttributeList></Member><Member Name="VAR011" Datatype="Bool"><AttributeList><IntegerAttribute Name="Offset" Informative="true" SystemDefined="true">10</IntegerAttribute></AttributeList></Member><Member Name="VAR012" Datatype="Bool"><AttributeList><IntegerAttribute Name="Offset" Informative="true" SystemDefined="true">11</IntegerAttribute></AttributeList></Member><Member Name="VAR013" Datatype="Bool"><AttributeList><IntegerAttribute Name="Offset" Informative="true" SystemDefined="true">12</IntegerAttribute></AttributeList></Member><Member Name="VAR014" Datatype="Bool"><AttributeList><IntegerAttribute Name="Offset" Informative="true" SystemDefined="true">13</IntegerAttribute></AttributeList></Member><Member Name="VAR015" Datatype="Bool"><AttributeList><IntegerAttribute Name="Offset" Informative="true" SystemDefined="true">14</IntegerAttribute></AttributeList></Member><Member Name="VAR016" Datatype="Bool"><AttributeList><IntegerAttribute Name="Offset" Informative="true" SystemDefined="true">15</IntegerAttribute></AttributeList></Member><Member Name="VAR017" Datatype="Bool"><AttributeList><IntegerAttribute Name="Offset" Informative="true" SystemDefined="true">16</IntegerAttribute></AttributeList></Member><Member Name="VAR018" Datatype="Bool"><AttributeList><IntegerAttribute Name="Offset" Informative="true" SystemDefined="true">17</IntegerAttribute></AttributeList></Member><Member Name="VAR019" Datatype="Bool"><AttributeList><IntegerAttribute Name="Offset" Informative="true" SystemDefined="true">18</IntegerAttribute></AttributeList></Member><Member Name="VAR020" Datatype="Bool"><AttributeList><IntegerAttribute Name="Offset" Informative="true" SystemDefined="true">19</IntegerAttribute></AttributeList></Member><Member Name="VAR021" Datatype="Bool"><AttributeList><IntegerAttribute Name="Offset" Informative="true" SystemDefined="true">20</IntegerAttribute></AttributeList></Member><Member Name="VAR022" Datatype="Bool"><AttributeList><IntegerAttribute Name="Offset" Informative="true" SystemDefined="true">21</IntegerAttribute></AttributeList></Member><Member Name="VAR023" Datatype="Bool"><AttributeList><IntegerAttribute Name="Offset" Informative="true" SystemDefined="true">22</IntegerAttribute></AttributeList></Member><Member Name="VAR024" Datatype="Bool"><AttributeList><IntegerAttribute Name="Offset" Informative="true" SystemDefined="true">23</IntegerAttribute></AttributeList></Member><Member Name="VAR025" Datatype="Bool"><AttributeList><IntegerAttribute Name="Offset" Informative="true" SystemDefined="true">24</IntegerAttribute></AttributeList></Member><Member Name="VAR026" Datatype="Bool"><AttributeList><IntegerAttribute Name="Offset" Informative="true" SystemDefined="true">25</IntegerAttribute></AttributeList></Member><Member Name="VAR027" Datatype="Bool"><AttributeList><IntegerAttribute Name="Offset" Informative="true" SystemDefined="true">26</IntegerAttribute></AttributeList></Member><Member Name="VAR028" Datatype="Bool"><AttributeList><IntegerAttribute Name="Offset" Informative="true" SystemDefined="true">27</IntegerAttribute></AttributeList></Member><Member Name="VAR029" Datatype="Bool"><AttributeList><IntegerAttribute Name="Offset" Informative="true" SystemDefined="true">28</IntegerAttribute></AttributeList></Member><Member Name="VAR030" Datatype="Bool"><AttributeList><IntegerAttribute Name="Offset" Informative="true" SystemDefined="true">29</IntegerAttribute></AttributeList></Member><Member Name="VAR031" Datatype="Bool"><AttributeList><IntegerAttribute Name="Offset" Informative="true" SystemDefined="true">30</IntegerAttribute></AttributeList></Member><Member Name="VAR032" Datatype="Bool"><AttributeList><IntegerAttribute Name="Offset" Informative="true" SystemDefined="true">31</IntegerAttribute></AttributeList></Member><Member Name="VAR033" Datatype="Bool"><AttributeList><IntegerAttribute Name="Offset" Informative="true" SystemDefined="true">32</IntegerAttribute></AttributeList></Member><Member Name="VAR034" Datatype="Bool"><AttributeList><IntegerAttribute Name="Offset" Informative="true" SystemDefined="true">33</IntegerAttribute></AttributeList></Member><Member Name="VAR035" Datatype="Bool"><AttributeList><IntegerAttribute Name="Offset" Informative="true" SystemDefined="true">34</IntegerAttribute></AttributeList></Member><Member Name="VAR036" Datatype="Bool"><AttributeList><IntegerAttribute Name="Offset" Informative="true" SystemDefined="true">35</IntegerAttribute></AttributeList></Member><Member Name="VAR037" Datatype="Bool"><AttributeList><IntegerAttribute Name="Offset" Informative="true" SystemDefined="true">36</IntegerAttribute></AttributeList></Member><Member Name="VAR038" Datatype="Bool"><AttributeList><IntegerAttribute Name="Offset" Informative="true" SystemDefined="true">37</IntegerAttribute></AttributeList></Member><Member Name="VAR039" Datatype="Bool"><AttributeList><IntegerAttribute Name="Offset" Informative="true" SystemDefined="true">38</IntegerAttribute></AttributeList></Member><Member Name="VAR040" Datatype="Bool"><AttributeList><IntegerAttribute Name="Offset" Informative="true" SystemDefined="true">39</IntegerAttribute></AttributeList></Member><Member Name="VAR041" Datatype="Bool"><AttributeList><IntegerAttribute Name="Offset" Informative="true" SystemDefined="true">40</IntegerAttribute></AttributeList></Member><Member Name="VAR042" Datatype="Bool"><AttributeList><IntegerAttribute Name="Offset" Informative="true" SystemDefined="true">41</IntegerAttribute></AttributeList></Member><Member Name="VAR043" Datatype="Bool"><AttributeList><IntegerAttribute Name="Offset" Informative="true" SystemDefined="true">42</IntegerAttribute></AttributeList></Member><Member Name="VAR044" Datatype="Bool"><AttributeList><IntegerAttribute Name="Offset" Informative="true" SystemDefined="true">43</IntegerAttribute></AttributeList></Member><Member Name="VAR045" Datatype="Bool"><AttributeList><IntegerAttribute Name="Offset" Informative="true" SystemDefined="true">44</IntegerAttribute></AttributeList></Member><Member Name="VAR046" Datatype="Bool"><AttributeList><IntegerAttribute Name="Offset" Informative="true" SystemDefined="true">45</IntegerAttribute></AttributeList></Member><Member Name="VAR047" Datatype="Bool"><AttributeList><IntegerAttribute Name="Offset" Informative="true" SystemDefined="true">46</IntegerAttribute></AttributeList></Member><Member Name="VAR048" Datatype="Bool"><AttributeList><IntegerAttribute Name="Offset" Informative="true" SystemDefined="true">47</IntegerAttribute></AttributeList></Member><Member Name="VAR049" Datatype="Bool"><AttributeList><IntegerAttribute Name="Offset" Informative="true" SystemDefined="true">48</IntegerAttribute></AttributeList></Member><Member Name="VAR050" Datatype="Bool"><AttributeList><IntegerAttribute Name="Offset" Informative="true" SystemDefined="true">49</IntegerAttribute></AttributeList></Member><Member Name="VAR051" Datatype="Bool"><AttributeList><IntegerAttribute Name="Offset" Informative="true" SystemDefined="true">50</IntegerAttribute></AttributeList></Member><Member Name="VAR052" Datatype="Bool"><AttributeList><IntegerAttribute Name="Offset" Informative="true" SystemDefined="true">51</IntegerAttribute></AttributeList></Member><Member Name="VAR053" Datatype="Bool"><AttributeList><IntegerAttribute Name="Offset" Informative="true" SystemDefined="true">52</IntegerAttribute></AttributeList></Member><Member Name="VAR054" Datatype="Bool"><AttributeList><IntegerAttribute Name="Offset" Informative="true" SystemDefined="true">53</IntegerAttribute></AttributeList></Member><Member Name="VAR055" Datatype="Bool"><AttributeList><IntegerAttribute Name="Offset" Informative="true" SystemDefined="true">54</IntegerAttribute></AttributeList></Member><Member Name="VAR056" Datatype="Bool"><AttributeList><IntegerAttribute Name="Offset" Informative="true" SystemDefined="true">55</IntegerAttribute></AttributeList></Member><Member Name="VAR057" Datatype="Bool"><AttributeList><IntegerAttribute Name="Offset" Informative="true" SystemDefined="true">56</IntegerAttribute></AttributeList></Member><Member Name="VAR058" Datatype="Bool"><AttributeList><IntegerAttribute Name="Offset" Informative="true" SystemDefined="true">57</IntegerAttribute></AttributeList></Member><Member Name="VAR059" Datatype="Bool"><AttributeList><IntegerAttribute Name="Offset" Informative="true" SystemDefined="true">58</IntegerAttribute></AttributeList></Member><Member Name="VAR060" Datatype="Bool"><AttributeList><IntegerAttribute Name="Offset" Informative="true" SystemDefined="true">59</IntegerAttribute></AttributeList></Member><Member Name="VAR061" Datatype="Bool"><AttributeList><IntegerAttribute Name="Offset" Informative="true" SystemDefined="true">60</IntegerAttribute></AttributeList></Member><Member Name="VAR062" Datatype="Bool"><AttributeList><IntegerAttribute Name="Offset" Informative="true" SystemDefined="true">61</IntegerAttribute></AttributeList></Member><Member Name="VAR063" Datatype="Bool"><AttributeList><IntegerAttribute Name="Offset" Informative="true" SystemDefined="true">62</IntegerAttribute></AttributeList></Member><Member Name="VAR064" Datatype="Bool"><AttributeList><IntegerAttribute Name="Offset" Informative="true" SystemDefined="true">63</IntegerAttribute></AttributeList></Member><Member Name="VAR065" Datatype="Bool"><AttributeList><IntegerAttribute Name="Offset" Informative="true" SystemDefined="true">64</IntegerAttribute></AttributeList></Member><Member Name="VAR066" Datatype="Bool"><AttributeList><IntegerAttribute Name="Offset" Informative="true" SystemDefined="true">65</IntegerAttribute></AttributeList></Member><Member Name="VAR067" Datatype="Bool"><AttributeList><IntegerAttribute Name="Offset" Informative="true" SystemDefined="true">66</IntegerAttribute></AttributeList></Member><Member Name="VAR068" Datatype="Bool"><AttributeList><IntegerAttribute Name="Offset" Informative="true" SystemDefined="true">67</IntegerAttribute></AttributeList></Member><Member Name="VAR069" Datatype="Bool"><AttributeList><IntegerAttribute Name="Offset" Informative="true" SystemDefined="true">68</IntegerAttribute></AttributeList></Member><Member Name="VAR070" Datatype="Bool"><AttributeList><IntegerAttribute Name="Offset" Informative="true" SystemDefined="true">69</IntegerAttribute></AttributeList></Member><Member Name="VAR071" Datatype="Bool"><AttributeList><IntegerAttribute Name="Offset" Informative="true" SystemDefined="true">70</IntegerAttribute></AttributeList></Member><Member Name="VAR072" Datatype="Bool"><AttributeList><IntegerAttribute Name="Offset" Informative="true" SystemDefined="true">71</IntegerAttribute></AttributeList></Member><Member Name="VAR073" Datatype="Bool"><AttributeList><IntegerAttribute Name="Offset" Informative="true" SystemDefined="true">72</IntegerAttribute></AttributeList></Member><Member Name="VAR074" Datatype="Bool"><AttributeList><IntegerAttribute Name="Offset" Informative="true" SystemDefined="true">73</IntegerAttribute></AttributeList></Member><Member Name="VAR075" Datatype="Bool"><AttributeList><IntegerAttribute Name="Offset" Informative="true" SystemDefined="true">74</IntegerAttribute></AttributeList></Member><Member Name="VAR076" Datatype="Bool"><AttributeList><IntegerAttribute Name="Offset" Informative="true" SystemDefined="true">75</IntegerAttribute></AttributeList></Member><Member Name="VAR077" Datatype="Bool"><AttributeList><IntegerAttribute Name="Offset" Informative="true" SystemDefined="true">76</IntegerAttribute></AttributeList></Member><Member Name="VAR078" Datatype="Bool"><AttributeList><IntegerAttribute Name="Offset" Informative="true" SystemDefined="true">77</IntegerAttribute></AttributeList></Member><Member Name="VAR079" Datatype="Bool"><AttributeList><IntegerAttribute Name="Offset" Informative="true" SystemDefined="true">78</IntegerAttribute></AttributeList></Member><Member Name="VAR080" Datatype="Bool"><AttributeList><IntegerAttribute Name="Offset" Informative="true" SystemDefined="true">79</IntegerAttribute></AttributeList></Member><Member Name="VAR081" Datatype="Bool"><AttributeList><IntegerAttribute Name="Offset" Informative="true" SystemDefined="true">80</IntegerAttribute></AttributeList></Member><Member Name="VAR082" Datatype="Bool"><AttributeList><IntegerAttribute Name="Offset" Informative="true" SystemDefined="true">81</IntegerAttribute></AttributeList></Member><Member Name="VAR083" Datatype="Bool"><AttributeList><IntegerAttribute Name="Offset" Informative="true" SystemDefined="true">82</IntegerAttribute></AttributeList></Member><Member Name="VAR084" Datatype="Bool"><AttributeList><IntegerAttribute Name="Offset" Informative="true" SystemDefined="true">83</IntegerAttribute></AttributeList></Member><Member Name="VAR085" Datatype="Bool"><AttributeList><IntegerAttribute Name="Offset" Informative="true" SystemDefined="true">84</IntegerAttribute></AttributeList></Member><Member Name="VAR086" Datatype="Bool"><AttributeList><IntegerAttribute Name="Offset" Informative="true" SystemDefined="true">85</IntegerAttribute></AttributeList></Member><Member Name="VAR087" Datatype="Bool"><AttributeList><IntegerAttribute Name="Offset" Informative="true" SystemDefined="true">86</IntegerAttribute></AttributeList></Member><Member Name="VAR088" Datatype="Bool"><AttributeList><IntegerAttribute Name="Offset" Informative="true" SystemDefined="true">87</IntegerAttribute></AttributeList></Member><Member Name="VAR089" Datatype="Bool"><AttributeList><IntegerAttribute Name="Offset" Informative="true" SystemDefined="true">88</IntegerAttribute></AttributeList></Member><Member Name="VAR090" Datatype="Bool"><AttributeList><IntegerAttribute Name="Offset" Informative="true" SystemDefined="true">89</IntegerAttribute></AttributeList></Member><Member Name="VAR091" Datatype="Bool"><AttributeList><IntegerAttribute Name="Offset" Informative="true" SystemDefined="true">90</IntegerAttribute></AttributeList></Member><Member Name="VAR092" Datatype="Bool"><AttributeList><IntegerAttribute Name="Offset" Informative="true" SystemDefined="true">91</IntegerAttribute></AttributeList></Member><Member Name="VAR093" Datatype="Bool"><AttributeList><IntegerAttribute Name="Offset" Informative="true" SystemDefined="true">92</IntegerAttribute></AttributeList></Member><Member Name="VAR094" Datatype="Bool"><AttributeList><IntegerAttribute Name="Offset" Informative="true" SystemDefined="true">93</IntegerAttribute></AttributeList></Member><Member Name="VAR095" Datatype="Bool"><AttributeList><IntegerAttribute Name="Offset" Informative="true" SystemDefined="true">94</IntegerAttribute></AttributeList></Member><Member Name="VAR096" Datatype="Bool"><AttributeList><IntegerAttribute Name="Offset" Informative="true" SystemDefined="true">95</IntegerAttribute></AttributeList></Member><Member Name="VAR097" Datatype="Bool"><AttributeList><IntegerAttribute Name="Offset" Informative="true" SystemDefined="true">96</IntegerAttribute></AttributeList></Member><Member Name="VAR098" Datatype="Bool"><AttributeList><IntegerAttribute Name="Offset" Informative="true" SystemDefined="true">97</IntegerAttribute></AttributeList></Member><Member Name="VAR099" Datatype="Bool"><AttributeList><IntegerAttribute Name="Offset" Informative="true" SystemDefined="true">98</IntegerAttribute></AttributeList></Member><Member Name="VAR100" Datatype="Bool"><AttributeList><IntegerAttribute Name="Offset" Informative="true" SystemDefined="true">99</IntegerAttribute></AttributeList></Member><Member Name="VAR101" Datatype="Bool"><AttributeList><IntegerAttribute Name="Offset" Informative="true" SystemDefined="true">100</IntegerAttribute></AttributeList></Member><Member Name="VAR102" Datatype="Bool"><AttributeList><IntegerAttribute Name="Offset" Informative="true" SystemDefined="true">101</IntegerAttribute></AttributeList></Member><Member Name="VAR103" Datatype="Bool"><AttributeList><IntegerAttribute Name="Offset" Informative="true" SystemDefined="true">102</IntegerAttribute></AttributeList></Member><Member Name="VAR104" Datatype="Bool"><AttributeList><IntegerAttribute Name="Offset" Informative="true" SystemDefined="true">103</IntegerAttribute></AttributeList></Member><Member Name="VAR105" Datatype="Bool"><AttributeList><IntegerAttribute Name="Offset" Informative="true" SystemDefined="true">104</IntegerAttribute></AttributeList></Member><Member Name="VAR106" Datatype="Bool"><AttributeList><IntegerAttribute Name="Offset" Informative="true" SystemDefined="true">105</IntegerAttribute></AttributeList></Member><Member Name="VAR107" Datatype="Bool"><AttributeList><IntegerAttribute Name="Offset" Informative="true" SystemDefined="true">106</IntegerAttribute></AttributeList></Member><Member Name="VAR108" Datatype="Bool"><AttributeList><IntegerAttribute Name="Offset" Informative="true" SystemDefined="true">107</IntegerAttribute></AttributeList></Member><Member Name="VAR109" Datatype="Bool"><AttributeList><IntegerAttribute Name="Offset" Informative="true" SystemDefined="true">108</IntegerAttribute></AttributeList></Member><Member Name="VAR110" Datatype="Bool"><AttributeList><IntegerAttribute Name="Offset" Informative="true" SystemDefined="true">109</IntegerAttribute></AttributeList></Member><Member Name="VAR111" Datatype="Bool"><AttributeList><IntegerAttribute Name="Offset" Informative="true" SystemDefined="true">110</IntegerAttribute></AttributeList></Member><Member Name="VAR112" Datatype="Bool"><AttributeList><IntegerAttribute Name="Offset" Informative="true" SystemDefined="true">111</IntegerAttribute></AttributeList></Member><Member Name="VAR113" Datatype="Bool"><AttributeList><IntegerAttribute Name="Offset" Informative="true" SystemDefined="true">112</IntegerAttribute></AttributeList></Member><Member Name="VAR114" Datatype="Bool"><AttributeList><IntegerAttribute Name="Offset" Informative="true" SystemDefined="true">113</IntegerAttribute></AttributeList></Member><Member Name="VAR115" Datatype="Bool"><AttributeList><IntegerAttribute Name="Offset" Informative="true" SystemDefined="true">114</IntegerAttribute></AttributeList></Member><Member Name="VAR116" Datatype="Bool"><AttributeList><IntegerAttribute Name="Offset" Informative="true" SystemDefined="true">115</IntegerAttribute></AttributeList></Member><Member Name="VAR117" Datatype="Bool"><AttributeList><IntegerAttribute Name="Offset" Informative="true" SystemDefined="true">116</IntegerAttribute></AttributeList></Member><Member Name="VAR118" Datatype="Bool"><AttributeList><IntegerAttribute Name="Offset" Informative="true" SystemDefined="true">117</IntegerAttribute></AttributeList></Member><Member Name="VAR119" Datatype="Bool"><AttributeList><IntegerAttribute Name="Offset" Informative="true" SystemDefined="true">118</IntegerAttribute></AttributeList></Member><Member Name="VAR120" Datatype="Bool"><AttributeList><IntegerAttribute Name="Offset" Informative="true" SystemDefined="true">119</IntegerAttribute></AttributeList></Member><Member Name="VAR121" Datatype="Bool"><AttributeList><IntegerAttribute Name="Offset" Informative="true" SystemDefined="true">120</IntegerAttribute></AttributeList></Member><Member Name="VAR122" Datatype="Bool"><AttributeList><IntegerAttribute Name="Offset" Informative="true" SystemDefined="true">121</IntegerAttribute></AttributeList></Member><Member Name="VAR123" Datatype="Bool"><AttributeList><IntegerAttribute Name="Offset" Informative="true" SystemDefined="true">122</IntegerAttribute></AttributeList></Member><Member Name="VAR124" Datatype="Bool"><AttributeList><IntegerAttribute Name="Offset" Informative="true" SystemDefined="true">123</IntegerAttribute></AttributeList></Member><Member Name="VAR125" Datatype="Bool"><AttributeList><IntegerAttribute Name="Offset" Informative="true" SystemDefined="true">124</IntegerAttribute></AttributeList></Member><Member Name="VAR126" Datatype="Bool"><AttributeList><IntegerAttribute Name="Offset" Informative="true" SystemDefined="true">125</IntegerAttribute></AttributeList></Member><Member Name="VAR127" Datatype="Bool"><AttributeList><IntegerAttribute Name="Offset" Informative="true" SystemDefined="true">126</IntegerAttribute></AttributeList></Member><Member Name="VAR128" Datatype="Bool"><AttributeList><IntegerAttribute Name="Offset" Informative="true" SystemDefined="true">127</IntegerAttribute></AttributeList></Member></Section></Sections></Member></Section></Sections></Member>
  </Section>
</Sections></Interface>
      <InterfaceModifiedDate ReadOnly="true">2023-07-13T07:07:44.9736096Z</InterfaceModifiedDate>
      <IsConsistent ReadOnly="true">true</IsConsistent>
      <IsKnowHowProtected ReadOnly="true">false</IsKnowHowProtected>
      <IsOnlyStoredInLoadMemory>false</IsOnlyStoredInLoadMemory>
      <IsPLCDB ReadOnly="true">false</IsPLCDB>
      <IsWriteProtectedInAS>false</IsWriteProtectedInAS>
      <MemoryLayout>Standard</MemoryLayout>
      <ModifiedDate ReadOnly="true">2023-07-13T07:07:44.9736096Z</ModifiedDate>
      <Name>DB_000XTT001@USERDATA_050VR_009</Name>
      <Number>480</Number>
      <ParameterModified ReadOnly="true">2020-12-31T05:38:33.7553663Z</ParameterModified>
      <ProgrammingLanguage>DB</ProgrammingLanguage>
      <StructureModified ReadOnly="true">2020-12-31T05:38:33.7553663Z</StructureModified>
    </AttributeList>
    <ObjectList>
      <MultilingualText ID="1" CompositionName="Comment">
        <ObjectList>
          <MultilingualTextItem ID="2" CompositionName="Items">
            <AttributeList>
              <Culture>en-US</Culture>
              <Text />
            </AttributeList>
          </MultilingualTextItem>
          <MultilingualTextItem ID="3" CompositionName="Items">
            <AttributeList>
              <Culture>de-DE</Culture>
              <Text>V1.0 Stand TMU V57</Text>
            </AttributeList>
          </MultilingualTextItem>
        </ObjectList>
      </MultilingualText>
      <MultilingualText ID="4" CompositionName="Title">
        <ObjectList>
          <MultilingualTextItem ID="5" CompositionName="Items">
            <AttributeList>
              <Culture>en-US</Culture>
              <Text />
            </AttributeList>
          </MultilingualTextItem>
          <MultilingualTextItem ID="6" CompositionName="Items">
            <AttributeList>
              <Culture>de-DE</Culture>
              <Text>DB Nutzdaten PuF BR223</Text>
            </AttributeList>
          </MultilingualTextItem>
        </ObjectList>
      </MultilingualText>
    </ObjectList>
  </SW.Blocks.GlobalDB>
</Document>