﻿<?xml version="1.0" encoding="utf-8"?>
<Document>
  <Engineering version="V16" />
  <DocumentInfo>
    <Created>2025-05-12T11:27:51.2539232Z</Created>
    <ExportSetting>WithDefaults, WithReadOnly</ExportSetting>
    <InstalledProducts>
      <Product>
        <DisplayName>Totally Integrated Automation Portal</DisplayName>
        <DisplayVersion>V16 Update 7</DisplayVersion>
      </Product>
      <OptionPackage>
        <DisplayName>TIA Portal Version Control Interface</DisplayName>
        <DisplayVersion>V16 Update 2</DisplayVersion>
      </OptionPackage>
      <OptionPackage>
        <DisplayName>TIA Portal Openness</DisplayName>
        <DisplayVersion>V16 Update 7</DisplayVersion>
      </OptionPackage>
      <Product>
        <DisplayName>SINAMICS Startdrive Advanced</DisplayName>
        <DisplayVersion>V16 Update 5</DisplayVersion>
      </Product>
      <OptionPackage>
        <DisplayName>SINAMICS Startdrive G130, G150, S120, S150, SINAMICS MV, S210</DisplayName>
        <DisplayVersion>V16 Update 5</DisplayVersion>
      </OptionPackage>
      <OptionPackage>
        <DisplayName>SINAMICS Startdrive G110M, G120, G120C, G120D, G120P, G115D</DisplayName>
        <DisplayVersion>V16 Update 5</DisplayVersion>
      </OptionPackage>
      <Product>
        <DisplayName>STEP 7 Professional</DisplayName>
        <DisplayVersion>V16 Update 7</DisplayVersion>
      </Product>
      <OptionPackage>
        <DisplayName>STEP 7 Safety</DisplayName>
        <DisplayVersion>V16 Update 7</DisplayVersion>
      </OptionPackage>
      <Product>
        <DisplayName>WinCC Advanced</DisplayName>
        <DisplayVersion>V16 Update 7</DisplayVersion>
      </Product>
      <OptionPackage>
        <DisplayName>SIMATIC Visualization Architect</DisplayName>
        <DisplayVersion>V16</DisplayVersion>
      </OptionPackage>
    </InstalledProducts>
  </DocumentInfo>
  <SW.Blocks.FC ID="0">
    <AttributeList>
      <AutoNumber>true</AutoNumber>
      <CodeModifiedDate ReadOnly="true">2023-06-23T14:53:01.4138639Z</CodeModifiedDate>
      <CompileDate ReadOnly="true">2023-07-13T07:24:52.0846416Z</CompileDate>
      <CreationDate ReadOnly="true">2023-06-23T13:42:44.8797206Z</CreationDate>
      <HandleErrorsWithinBlock ReadOnly="true">false</HandleErrorsWithinBlock>
      <HeaderAuthor />
      <HeaderFamily />
      <HeaderName />
      <HeaderVersion>0.1</HeaderVersion>
      <Interface><Sections xmlns="http://www.siemens.com/automation/Openness/SW/Interface/v4">
  <Section Name="Input" />
  <Section Name="Output" />
  <Section Name="InOut" />
  <Section Name="Temp" />
  <Section Name="Constant" />
  <Section Name="Return">
    <Member Name="Ret_Val" Datatype="Void" Accessibility="Public" />
  </Section>
</Sections></Interface>
      <InterfaceModifiedDate ReadOnly="true">2023-06-23T14:00:39.5072787Z</InterfaceModifiedDate>
      <IsConsistent ReadOnly="true">true</IsConsistent>
      <IsIECCheckEnabled>false</IsIECCheckEnabled>
      <IsKnowHowProtected ReadOnly="true">false</IsKnowHowProtected>
      <IsWriteProtected ReadOnly="true">false</IsWriteProtected>
      <LibraryConformanceStatus ReadOnly="true">Error: The block contains calls of single instances.
Warning: The object contains access to global data blocks.
Warning: The block contains direct access to inputs, outputs, bit memories, indirect access to the registry or indirect access to external memory areas that are unknown at the time of compilation.
</LibraryConformanceStatus>
      <MemoryLayout>Standard</MemoryLayout>
      <ModifiedDate ReadOnly="true">2023-06-23T14:53:01.4138639Z</ModifiedDate>
      <Name>001XZS002_Call</Name>
      <Number>43</Number>
      <ParameterModified ReadOnly="true">2023-06-23T13:42:44.8797206Z</ParameterModified>
      <PLCSimAdvancedSupport ReadOnly="true">true</PLCSimAdvancedSupport>
      <ProgrammingLanguage>FBD</ProgrammingLanguage>
      <SetENOAutomatically>false</SetENOAutomatically>
      <StructureModified ReadOnly="true">2023-06-23T13:42:44.8797206Z</StructureModified>
      <UDABlockProperties />
      <UDAEnableTagReadback>false</UDAEnableTagReadback>
    </AttributeList>
    <ObjectList>
      <MultilingualText ID="1" CompositionName="Comment">
        <ObjectList>
          <MultilingualTextItem ID="2" CompositionName="Items">
            <AttributeList>
              <Culture>en-US</Culture>
              <Text />
            </AttributeList>
          </MultilingualTextItem>
          <MultilingualTextItem ID="3" CompositionName="Items">
            <AttributeList>
              <Culture>de-DE</Culture>
              <Text />
            </AttributeList>
          </MultilingualTextItem>
        </ObjectList>
      </MultilingualText>
      <SW.Blocks.CompileUnit ID="4" CompositionName="CompileUnits">
        <AttributeList>
          <NetworkSource><FlgNet xmlns="http://www.siemens.com/automation/Openness/SW/NetworkSource/FlgNet/v4">
  <Parts>
    <Access Scope="GlobalVariable" UId="21">
      <IntegerAttribute Name="NumBLs" Informative="true">5</IntegerAttribute>
      <Symbol>
        <Component Name="FGDB_001XZS002@AddOn" />
        <Component Name="AddT" />
        <Component Name="Reset" />
        <Address Area="DB" Type="Bool" BlockNumber="238" BitOffset="0" Informative="true" />
      </Symbol>
    </Access>
    <Access Scope="GlobalVariable" UId="22">
      <IntegerAttribute Name="NumBLs" Informative="true">5</IntegerAttribute>
      <Symbol>
        <Component Name="FGDB_001XZS002" />
        <Component Name="setMin" />
        <Address Area="DB" Type="Bool" BlockNumber="68" BitOffset="272" Informative="true" />
      </Symbol>
    </Access>
    <Part Name="Coil" UId="23" />
  </Parts>
  <Wires>
    <Wire UId="24">
      <IdentCon UId="21" />
      <NameCon UId="23" Name="in" />
    </Wire>
    <Wire UId="25">
      <IdentCon UId="22" />
      <NameCon UId="23" Name="operand" />
    </Wire>
  </Wires>
</FlgNet></NetworkSource>
          <ProgrammingLanguage>FBD</ProgrammingLanguage>
        </AttributeList>
        <ObjectList>
          <MultilingualText ID="5" CompositionName="Comment">
            <ObjectList>
              <MultilingualTextItem ID="6" CompositionName="Items">
                <AttributeList>
                  <Culture>en-US</Culture>
                  <Text />
                </AttributeList>
              </MultilingualTextItem>
              <MultilingualTextItem ID="7" CompositionName="Items">
                <AttributeList>
                  <Culture>de-DE</Culture>
                  <Text />
                </AttributeList>
              </MultilingualTextItem>
            </ObjectList>
          </MultilingualText>
          <MultilingualText ID="8" CompositionName="Title">
            <ObjectList>
              <MultilingualTextItem ID="9" CompositionName="Items">
                <AttributeList>
                  <Culture>en-US</Culture>
                  <Text>Reset Counter</Text>
                </AttributeList>
              </MultilingualTextItem>
              <MultilingualTextItem ID="A" CompositionName="Items">
                <AttributeList>
                  <Culture>de-DE</Culture>
                  <Text>Reset Zähler</Text>
                </AttributeList>
              </MultilingualTextItem>
            </ObjectList>
          </MultilingualText>
        </ObjectList>
      </SW.Blocks.CompileUnit>
      <SW.Blocks.CompileUnit ID="B" CompositionName="CompileUnits">
        <AttributeList>
          <NetworkSource><FlgNet xmlns="http://www.siemens.com/automation/Openness/SW/NetworkSource/FlgNet/v4">
  <Parts>
    <Access Scope="GlobalVariable" UId="21">
      <IntegerAttribute Name="NumBLs" Informative="true">5</IntegerAttribute>
      <Symbol>
        <Component Name="FGDB_001BR_010" />
        <Component Name="automaticOn" />
        <Address Area="DB" Type="Bool" BlockNumber="76" BitOffset="49" Informative="true" />
      </Symbol>
    </Access>
    <Access Scope="GlobalVariable" UId="22">
      <IntegerAttribute Name="NumBLs" Informative="true">5</IntegerAttribute>
      <Symbol>
        <Component Name="COM0" />
        <Address Area="Memory" Type="Bool" BitOffset="32" Informative="true" />
      </Symbol>
    </Access>
    <Access Scope="LiteralConstant" UId="23">
      <IntegerAttribute Name="NumBLs" Informative="true">5</IntegerAttribute>
      <Constant>
        <ConstantType>String</ConstantType>
        <ConstantValue>'C174LS1'</ConstantValue>
        <StringAttribute Name="Format" Informative="true">String</StringAttribute>
      </Constant>
    </Access>
    <Access Scope="GlobalVariable" UId="24">
      <IntegerAttribute Name="NumBLs" Informative="true">5</IntegerAttribute>
      <Symbol>
        <Component Name="FGDB_001XZS002" />
        <Component Name="counterIdent" />
        <Address Area="DB" Type="String[4]" BlockNumber="68" BitOffset="16" Informative="true" />
      </Symbol>
    </Access>
    <Access Scope="GlobalVariable" UId="25">
      <IntegerAttribute Name="NumBLs" Informative="true">5</IntegerAttribute>
      <Symbol>
        <Component Name="FGDB_001XZS002" />
        <Component Name="enable_1" />
        <Address Area="DB" Type="Bool" BlockNumber="68" BitOffset="274" Informative="true" />
      </Symbol>
    </Access>
    <Access Scope="GlobalVariable" UId="26">
      <IntegerAttribute Name="NumBLs" Informative="true">5</IntegerAttribute>
      <Symbol>
        <Component Name="FGDB_001XZS002" />
        <Component Name="trigger_1" />
        <Address Area="DB" Type="Bool" BlockNumber="68" BitOffset="275" Informative="true" />
      </Symbol>
    </Access>
    <Part Name="A" UId="27">
      <TemplateValue Name="Card" Type="Cardinality">2</TemplateValue>
    </Part>
    <Part Name="S_Move" UId="28" DisabledENO="true" />
    <Part Name="Coil" UId="29" />
    <Part Name="Coil" UId="30" />
  </Parts>
  <Wires>
    <Wire UId="31">
      <IdentCon UId="21" />
      <NameCon UId="27" Name="in1" />
    </Wire>
    <Wire UId="32">
      <IdentCon UId="22" />
      <NameCon UId="27" Name="in2" />
    </Wire>
    <Wire UId="33">
      <IdentCon UId="23" />
      <NameCon UId="28" Name="in" />
    </Wire>
    <Wire UId="34">
      <NameCon UId="28" Name="out" />
      <IdentCon UId="24" />
    </Wire>
    <Wire UId="35">
      <IdentCon UId="25" />
      <NameCon UId="29" Name="operand" />
    </Wire>
    <Wire UId="36">
      <IdentCon UId="26" />
      <NameCon UId="30" Name="operand" />
    </Wire>
    <Wire UId="37">
      <NameCon UId="27" Name="out" />
      <NameCon UId="28" Name="en" />
      <NameCon UId="29" Name="in" />
      <NameCon UId="30" Name="in" />
    </Wire>
  </Wires>
</FlgNet></NetworkSource>
          <ProgrammingLanguage>FBD</ProgrammingLanguage>
        </AttributeList>
        <ObjectList>
          <MultilingualText ID="C" CompositionName="Comment">
            <ObjectList>
              <MultilingualTextItem ID="D" CompositionName="Items">
                <AttributeList>
                  <Culture>en-US</Culture>
                  <Text />
                </AttributeList>
              </MultilingualTextItem>
              <MultilingualTextItem ID="E" CompositionName="Items">
                <AttributeList>
                  <Culture>de-DE</Culture>
                  <Text>Trigger muss entsprechend der GL Wartentechnik programmiert werden.
Typcodierung im Projekt erfragen.</Text>
                </AttributeList>
              </MultilingualTextItem>
            </ObjectList>
          </MultilingualText>
          <MultilingualText ID="F" CompositionName="Title">
            <ObjectList>
              <MultilingualTextItem ID="10" CompositionName="Items">
                <AttributeList>
                  <Culture>en-US</Culture>
                  <Text>Count up / down</Text>
                </AttributeList>
              </MultilingualTextItem>
              <MultilingualTextItem ID="11" CompositionName="Items">
                <AttributeList>
                  <Culture>de-DE</Culture>
                  <Text>Freigabe für Zählstelle Typ C174</Text>
                </AttributeList>
              </MultilingualTextItem>
            </ObjectList>
          </MultilingualText>
        </ObjectList>
      </SW.Blocks.CompileUnit>
      <SW.Blocks.CompileUnit ID="12" CompositionName="CompileUnits">
        <AttributeList>
          <NetworkSource><FlgNet xmlns="http://www.siemens.com/automation/Openness/SW/NetworkSource/FlgNet/v4">
  <Parts>
    <Access Scope="GlobalVariable" UId="21">
      <IntegerAttribute Name="NumBLs" Informative="true">5</IntegerAttribute>
      <Symbol>
        <Component Name="FGDB_001BR_010" />
        <Component Name="automaticOn" />
        <Address Area="DB" Type="Bool" BlockNumber="76" BitOffset="49" Informative="true" />
      </Symbol>
    </Access>
    <Access Scope="GlobalVariable" UId="22">
      <IntegerAttribute Name="NumBLs" Informative="true">5</IntegerAttribute>
      <Symbol>
        <Component Name="COM0" />
        <Address Area="Memory" Type="Bool" BitOffset="32" Informative="true" />
      </Symbol>
    </Access>
    <Access Scope="LiteralConstant" UId="23">
      <IntegerAttribute Name="NumBLs" Informative="true">5</IntegerAttribute>
      <Constant>
        <ConstantType>String</ConstantType>
        <ConstantValue>'C174LS2'</ConstantValue>
        <StringAttribute Name="Format" Informative="true">String</StringAttribute>
      </Constant>
    </Access>
    <Access Scope="GlobalVariable" UId="24">
      <IntegerAttribute Name="NumBLs" Informative="true">5</IntegerAttribute>
      <Symbol>
        <Component Name="FGDB_001XZS002" />
        <Component Name="counterIdent" />
        <Address Area="DB" Type="String[4]" BlockNumber="68" BitOffset="16" Informative="true" />
      </Symbol>
    </Access>
    <Access Scope="GlobalVariable" UId="25">
      <IntegerAttribute Name="NumBLs" Informative="true">5</IntegerAttribute>
      <Symbol>
        <Component Name="FGDB_001XZS002" />
        <Component Name="enable_2" />
        <Address Area="DB" Type="Bool" BlockNumber="68" BitOffset="277" Informative="true" />
      </Symbol>
    </Access>
    <Access Scope="GlobalVariable" UId="26">
      <IntegerAttribute Name="NumBLs" Informative="true">5</IntegerAttribute>
      <Symbol>
        <Component Name="FGDB_001XZS002" />
        <Component Name="trigger_2" />
        <Address Area="DB" Type="Bool" BlockNumber="68" BitOffset="278" Informative="true" />
      </Symbol>
    </Access>
    <Part Name="A" UId="27">
      <TemplateValue Name="Card" Type="Cardinality">2</TemplateValue>
    </Part>
    <Part Name="S_Move" UId="28" DisabledENO="true" />
    <Part Name="Coil" UId="29" />
    <Part Name="Coil" UId="30" />
  </Parts>
  <Wires>
    <Wire UId="31">
      <IdentCon UId="21" />
      <NameCon UId="27" Name="in1" />
    </Wire>
    <Wire UId="32">
      <IdentCon UId="22" />
      <NameCon UId="27" Name="in2" />
    </Wire>
    <Wire UId="33">
      <IdentCon UId="23" />
      <NameCon UId="28" Name="in" />
    </Wire>
    <Wire UId="34">
      <NameCon UId="28" Name="out" />
      <IdentCon UId="24" />
    </Wire>
    <Wire UId="35">
      <IdentCon UId="25" />
      <NameCon UId="29" Name="operand" />
    </Wire>
    <Wire UId="36">
      <IdentCon UId="26" />
      <NameCon UId="30" Name="operand" />
    </Wire>
    <Wire UId="37">
      <NameCon UId="27" Name="out" />
      <NameCon UId="28" Name="en" />
      <NameCon UId="29" Name="in" />
      <NameCon UId="30" Name="in" />
    </Wire>
  </Wires>
</FlgNet></NetworkSource>
          <ProgrammingLanguage>FBD</ProgrammingLanguage>
        </AttributeList>
        <ObjectList>
          <MultilingualText ID="13" CompositionName="Comment">
            <ObjectList>
              <MultilingualTextItem ID="14" CompositionName="Items">
                <AttributeList>
                  <Culture>en-US</Culture>
                  <Text />
                </AttributeList>
              </MultilingualTextItem>
              <MultilingualTextItem ID="15" CompositionName="Items">
                <AttributeList>
                  <Culture>de-DE</Culture>
                  <Text>Trigger muss entsprechend der GL Wartentechnik programmiert werden</Text>
                </AttributeList>
              </MultilingualTextItem>
            </ObjectList>
          </MultilingualText>
          <MultilingualText ID="16" CompositionName="Title">
            <ObjectList>
              <MultilingualTextItem ID="17" CompositionName="Items">
                <AttributeList>
                  <Culture>en-US</Culture>
                  <Text>Count up / down</Text>
                </AttributeList>
              </MultilingualTextItem>
              <MultilingualTextItem ID="18" CompositionName="Items">
                <AttributeList>
                  <Culture>de-DE</Culture>
                  <Text>Freigabe für Zählstelle Typ C174</Text>
                </AttributeList>
              </MultilingualTextItem>
            </ObjectList>
          </MultilingualText>
        </ObjectList>
      </SW.Blocks.CompileUnit>
      <SW.Blocks.CompileUnit ID="19" CompositionName="CompileUnits">
        <AttributeList>
          <NetworkSource><FlgNet xmlns="http://www.siemens.com/automation/Openness/SW/NetworkSource/FlgNet/v4">
  <Parts>
    <Access Scope="GlobalVariable" UId="21">
      <IntegerAttribute Name="NumBLs" Informative="true">5</IntegerAttribute>
      <Symbol>
        <Component Name="FGDB_001XZS002" />
        <Component Name="counterIdent" />
        <Address Area="DB" Type="String[4]" BlockNumber="68" BitOffset="16" Informative="true" />
      </Symbol>
    </Access>
    <Access Scope="GlobalVariable" UId="22">
      <IntegerAttribute Name="NumBLs" Informative="true">5</IntegerAttribute>
      <Symbol>
        <Component Name="FGDB_001XZS002" />
        <Component Name="setMin" />
        <Address Area="DB" Type="Bool" BlockNumber="68" BitOffset="272" Informative="true" />
      </Symbol>
    </Access>
    <Access Scope="LiteralConstant" UId="23">
      <IntegerAttribute Name="NumBLs" Informative="true">5</IntegerAttribute>
      <Constant>
        <ConstantType>Bool</ConstantType>
        <ConstantValue>true</ConstantValue>
        <StringAttribute Name="Format" Informative="true">Bool</StringAttribute>
      </Constant>
    </Access>
    <Access Scope="GlobalVariable" UId="24">
      <IntegerAttribute Name="NumBLs" Informative="true">5</IntegerAttribute>
      <Symbol>
        <Component Name="FGDB_001XZS002" />
        <Component Name="enable_1" />
        <Address Area="DB" Type="Bool" BlockNumber="68" BitOffset="274" Informative="true" />
      </Symbol>
    </Access>
    <Access Scope="GlobalVariable" UId="25">
      <IntegerAttribute Name="NumBLs" Informative="true">5</IntegerAttribute>
      <Symbol>
        <Component Name="FGDB_001XZS002" />
        <Component Name="trigger_1" />
        <Address Area="DB" Type="Bool" BlockNumber="68" BitOffset="275" Informative="true" />
      </Symbol>
    </Access>
    <Access Scope="LiteralConstant" UId="26">
      <IntegerAttribute Name="NumBLs" Informative="true">5</IntegerAttribute>
      <Constant>
        <ConstantType>Bool</ConstantType>
        <ConstantValue>true</ConstantValue>
        <StringAttribute Name="Format" Informative="true">Bool</StringAttribute>
      </Constant>
    </Access>
    <Access Scope="GlobalVariable" UId="27">
      <IntegerAttribute Name="NumBLs" Informative="true">5</IntegerAttribute>
      <Symbol>
        <Component Name="FGDB_001XZS002" />
        <Component Name="enable_2" />
        <Address Area="DB" Type="Bool" BlockNumber="68" BitOffset="277" Informative="true" />
      </Symbol>
    </Access>
    <Access Scope="GlobalVariable" UId="28">
      <IntegerAttribute Name="NumBLs" Informative="true">5</IntegerAttribute>
      <Symbol>
        <Component Name="FGDB_001XZS002" />
        <Component Name="trigger_2" />
        <Address Area="DB" Type="Bool" BlockNumber="68" BitOffset="278" Informative="true" />
      </Symbol>
    </Access>
    <Access Scope="LiteralConstant" UId="29">
      <IntegerAttribute Name="NumBLs" Informative="true">5</IntegerAttribute>
      <Constant>
        <ConstantType>Bool</ConstantType>
        <ConstantValue>true</ConstantValue>
        <StringAttribute Name="Format" Informative="true">Bool</StringAttribute>
      </Constant>
    </Access>
    <Access Scope="LiteralConstant" UId="30">
      <IntegerAttribute Name="NumBLs" Informative="true">5</IntegerAttribute>
      <Constant>
        <ConstantType>Bool</ConstantType>
        <ConstantValue>true</ConstantValue>
        <StringAttribute Name="Format" Informative="true">Bool</StringAttribute>
      </Constant>
    </Access>
    <Access Scope="LiteralConstant" UId="31">
      <IntegerAttribute Name="NumBLs" Informative="true">5</IntegerAttribute>
      <Constant>
        <ConstantType>Bool</ConstantType>
        <ConstantValue>true</ConstantValue>
        <StringAttribute Name="Format" Informative="true">Bool</StringAttribute>
      </Constant>
    </Access>
    <Access Scope="LiteralConstant" UId="32">
      <IntegerAttribute Name="NumBLs" Informative="true">5</IntegerAttribute>
      <Constant>
        <ConstantType>Void</ConstantType>
        <ConstantValue>NULL</ConstantValue>
        <StringAttribute Name="Format" Informative="true">Any</StringAttribute>
      </Constant>
    </Access>
    <Access Scope="GlobalVariable" UId="33">
      <IntegerAttribute Name="NumBLs" Informative="true">5</IntegerAttribute>
      <Symbol>
        <Component Name="FGDB_001XZS002" />
        <Component Name="actual" />
        <Address Area="DB" Type="UInt" BlockNumber="68" BitOffset="304" Informative="true" />
      </Symbol>
    </Access>
    <Access Scope="GlobalVariable" UId="34">
      <IntegerAttribute Name="NumBLs" Informative="true">5</IntegerAttribute>
      <Symbol>
        <Component Name="FGDB_001XZS002" />
        <Component Name="remoteSetpoint" />
        <Address Area="DB" Type="UInt" BlockNumber="68" BitOffset="320" Informative="true" />
      </Symbol>
    </Access>
    <Access Scope="GlobalVariable" UId="35">
      <IntegerAttribute Name="NumBLs" Informative="true">5</IntegerAttribute>
      <Symbol>
        <Component Name="FGDB_001XZS002" />
        <Component Name="fault" />
        <Address Area="DB" Type="Bool" BlockNumber="68" BitOffset="336" Informative="true" />
      </Symbol>
    </Access>
    <Access Scope="GlobalVariable" UId="36">
      <IntegerAttribute Name="NumBLs" Informative="true">5</IntegerAttribute>
      <Symbol>
        <Component Name="FGDB_001XZS002" />
        <Component Name="faultExt" />
        <Address Area="DB" Type="Bool" BlockNumber="68" BitOffset="337" Informative="true" />
      </Symbol>
    </Access>
    <Call UId="37">
      <CallInfo Name="iFG_SHIFT_COUNT_6" BlockType="FB">
        <IntegerAttribute Name="BlockNumber" Informative="true">1065</IntegerAttribute>
        <DateAttribute Name="ParameterModifiedTS" Informative="true">2018-01-19T10:31:36</DateAttribute>
        <Instance Scope="GlobalVariable" UId="38">
          <Component Name="FGDB_001XZS002" />
          <Address Area="DB" Type="iFG_SHIFT_COUNT_6" BlockNumber="68" BitOffset="0" Informative="true" />
        </Instance>
        <Parameter Name="fct" Section="Input" Type="Int">
          <StringAttribute Name="InterfaceFlags" Informative="true">S7_Visible</StringAttribute>
        </Parameter>
        <Parameter Name="counterIdent" Section="Input" Type="String[4]">
          <StringAttribute Name="InterfaceFlags" Informative="true">S7_Visible</StringAttribute>
        </Parameter>
        <Parameter Name="productIdent" Section="Input" Type="String[24]">
          <StringAttribute Name="InterfaceFlags" Informative="true">S7_Visible</StringAttribute>
        </Parameter>
        <Parameter Name="setMin" Section="Input" Type="Bool">
          <StringAttribute Name="InterfaceFlags" Informative="true">S7_Visible</StringAttribute>
        </Parameter>
        <Parameter Name="direction_1" Section="Input" Type="Bool">
          <StringAttribute Name="InterfaceFlags" Informative="true">S7_Visible</StringAttribute>
        </Parameter>
        <Parameter Name="enable_1" Section="Input" Type="Bool">
          <StringAttribute Name="InterfaceFlags" Informative="true">S7_Visible</StringAttribute>
        </Parameter>
        <Parameter Name="trigger_1" Section="Input" Type="Bool">
          <StringAttribute Name="InterfaceFlags" Informative="true">S7_Visible</StringAttribute>
        </Parameter>
        <Parameter Name="direction_2" Section="Input" Type="Bool">
          <StringAttribute Name="InterfaceFlags" Informative="true">S7_Visible</StringAttribute>
        </Parameter>
        <Parameter Name="enable_2" Section="Input" Type="Bool">
          <StringAttribute Name="InterfaceFlags" Informative="true">S7_Visible</StringAttribute>
        </Parameter>
        <Parameter Name="trigger_2" Section="Input" Type="Bool">
          <StringAttribute Name="InterfaceFlags" Informative="true">S7_Visible</StringAttribute>
        </Parameter>
        <Parameter Name="direction_3" Section="Input" Type="Bool">
          <StringAttribute Name="InterfaceFlags" Informative="true">S7_Visible</StringAttribute>
        </Parameter>
        <Parameter Name="enable_3" Section="Input" Type="Bool">
          <StringAttribute Name="InterfaceFlags" Informative="true">S7_Visible</StringAttribute>
        </Parameter>
        <Parameter Name="trigger_3" Section="Input" Type="Bool">
          <StringAttribute Name="InterfaceFlags" Informative="true">S7_Visible</StringAttribute>
        </Parameter>
        <Parameter Name="direction_4" Section="Input" Type="Bool">
          <StringAttribute Name="InterfaceFlags" Informative="true">S7_Visible</StringAttribute>
        </Parameter>
        <Parameter Name="enable_4" Section="Input" Type="Bool">
          <StringAttribute Name="InterfaceFlags" Informative="true">S7_Visible</StringAttribute>
        </Parameter>
        <Parameter Name="trigger_4" Section="Input" Type="Bool">
          <StringAttribute Name="InterfaceFlags" Informative="true">S7_Visible</StringAttribute>
        </Parameter>
        <Parameter Name="direction_5" Section="Input" Type="Bool">
          <StringAttribute Name="InterfaceFlags" Informative="true">S7_Visible</StringAttribute>
        </Parameter>
        <Parameter Name="enable_5" Section="Input" Type="Bool">
          <StringAttribute Name="InterfaceFlags" Informative="true">S7_Visible</StringAttribute>
        </Parameter>
        <Parameter Name="trigger_5" Section="Input" Type="Bool">
          <StringAttribute Name="InterfaceFlags" Informative="true">S7_Visible</StringAttribute>
        </Parameter>
        <Parameter Name="direction_6" Section="Input" Type="Bool">
          <StringAttribute Name="InterfaceFlags" Informative="true">S7_Visible</StringAttribute>
        </Parameter>
        <Parameter Name="enable_6" Section="Input" Type="Bool">
          <StringAttribute Name="InterfaceFlags" Informative="true">S7_Visible</StringAttribute>
        </Parameter>
        <Parameter Name="trigger_6" Section="Input" Type="Bool">
          <StringAttribute Name="InterfaceFlags" Informative="true">S7_Visible</StringAttribute>
        </Parameter>
        <Parameter Name="actual" Section="Output" Type="UInt">
          <StringAttribute Name="InterfaceFlags" Informative="true">S7_Visible</StringAttribute>
        </Parameter>
        <Parameter Name="remoteSetpoint" Section="Output" Type="UInt">
          <StringAttribute Name="InterfaceFlags" Informative="true">S7_Visible</StringAttribute>
        </Parameter>
        <Parameter Name="fault" Section="Output" Type="Bool">
          <StringAttribute Name="InterfaceFlags" Informative="true">S7_Visible</StringAttribute>
        </Parameter>
        <Parameter Name="faultExt" Section="Output" Type="Bool">
          <StringAttribute Name="InterfaceFlags" Informative="true">S7_Visible</StringAttribute>
        </Parameter>
        <Parameter Name="RingBuffer" Section="InOut" Type="&quot;iUDT_FG_SHIFT_COUNTER_RING_BUFFER&quot;">
          <StringAttribute Name="InterfaceFlags" Informative="true">S7_Visible</StringAttribute>
        </Parameter>
        <Parameter Name="variantInfo" Section="InOut" Type="Variant">
          <StringAttribute Name="InterfaceFlags" Informative="true">S7_Visible</StringAttribute>
        </Parameter>
      </CallInfo>
    </Call>
  </Parts>
  <Wires>
    <Wire UId="52">
      <OpenCon UId="39" />
      <NameCon UId="37" Name="en" />
    </Wire>
    <Wire UId="53">
      <OpenCon UId="40" />
      <NameCon UId="37" Name="fct" />
    </Wire>
    <Wire UId="54">
      <IdentCon UId="21" />
      <NameCon UId="37" Name="counterIdent" />
    </Wire>
    <Wire UId="55">
      <OpenCon UId="41" />
      <NameCon UId="37" Name="productIdent" />
    </Wire>
    <Wire UId="56">
      <IdentCon UId="22" />
      <NameCon UId="37" Name="setMin" />
    </Wire>
    <Wire UId="57">
      <IdentCon UId="23" />
      <NameCon UId="37" Name="direction_1" />
    </Wire>
    <Wire UId="58">
      <IdentCon UId="24" />
      <NameCon UId="37" Name="enable_1" />
    </Wire>
    <Wire UId="59">
      <IdentCon UId="25" />
      <NameCon UId="37" Name="trigger_1" />
    </Wire>
    <Wire UId="60">
      <IdentCon UId="26" />
      <NameCon UId="37" Name="direction_2" />
    </Wire>
    <Wire UId="61">
      <IdentCon UId="27" />
      <NameCon UId="37" Name="enable_2" />
    </Wire>
    <Wire UId="62">
      <IdentCon UId="28" />
      <NameCon UId="37" Name="trigger_2" />
    </Wire>
    <Wire UId="63">
      <IdentCon UId="29" />
      <NameCon UId="37" Name="direction_3" />
    </Wire>
    <Wire UId="64">
      <OpenCon UId="42" />
      <NameCon UId="37" Name="enable_3" />
    </Wire>
    <Wire UId="65">
      <OpenCon UId="43" />
      <NameCon UId="37" Name="trigger_3" />
    </Wire>
    <Wire UId="66">
      <IdentCon UId="30" />
      <NameCon UId="37" Name="direction_4" />
    </Wire>
    <Wire UId="67">
      <OpenCon UId="44" />
      <NameCon UId="37" Name="enable_4" />
    </Wire>
    <Wire UId="68">
      <OpenCon UId="45" />
      <NameCon UId="37" Name="trigger_4" />
    </Wire>
    <Wire UId="69">
      <IdentCon UId="31" />
      <NameCon UId="37" Name="direction_5" />
    </Wire>
    <Wire UId="70">
      <OpenCon UId="46" />
      <NameCon UId="37" Name="enable_5" />
    </Wire>
    <Wire UId="71">
      <OpenCon UId="47" />
      <NameCon UId="37" Name="trigger_5" />
    </Wire>
    <Wire UId="72">
      <OpenCon UId="48" />
      <NameCon UId="37" Name="direction_6" />
    </Wire>
    <Wire UId="73">
      <OpenCon UId="49" />
      <NameCon UId="37" Name="enable_6" />
    </Wire>
    <Wire UId="74">
      <OpenCon UId="50" />
      <NameCon UId="37" Name="trigger_6" />
    </Wire>
    <Wire UId="75">
      <NameCon UId="37" Name="actual" />
      <IdentCon UId="33" />
    </Wire>
    <Wire UId="76">
      <NameCon UId="37" Name="remoteSetpoint" />
      <IdentCon UId="34" />
    </Wire>
    <Wire UId="77">
      <NameCon UId="37" Name="fault" />
      <IdentCon UId="35" />
    </Wire>
    <Wire UId="78">
      <NameCon UId="37" Name="faultExt" />
      <IdentCon UId="36" />
    </Wire>
    <Wire UId="79">
      <OpenCon UId="51" />
      <NameCon UId="37" Name="RingBuffer" />
    </Wire>
    <Wire UId="80">
      <IdentCon UId="32" />
      <NameCon UId="37" Name="variantInfo" />
    </Wire>
  </Wires>
</FlgNet></NetworkSource>
          <ProgrammingLanguage>FBD</ProgrammingLanguage>
        </AttributeList>
        <ObjectList>
          <MultilingualText ID="1A" CompositionName="Comment">
            <ObjectList>
              <MultilingualTextItem ID="1B" CompositionName="Items">
                <AttributeList>
                  <Culture>en-US</Culture>
                  <Text />
                </AttributeList>
              </MultilingualTextItem>
              <MultilingualTextItem ID="1C" CompositionName="Items">
                <AttributeList>
                  <Culture>de-DE</Culture>
                  <Text>
Wenn an der Zählstelle ein Tätigkeitsmuster zum Bauteil vorhanden ist so ist dies am Parameter "variantinfo" zu parametrieren.
Wenn die Daten vorhanden sind ist der "productIdent" zu beschalten.</Text>
                </AttributeList>
              </MultilingualTextItem>
            </ObjectList>
          </MultilingualText>
          <MultilingualText ID="1D" CompositionName="Title">
            <ObjectList>
              <MultilingualTextItem ID="1E" CompositionName="Items">
                <AttributeList>
                  <Culture>en-US</Culture>
                  <Text>Call iFG_SHIFT_COUNT_6</Text>
                </AttributeList>
              </MultilingualTextItem>
              <MultilingualTextItem ID="1F" CompositionName="Items">
                <AttributeList>
                  <Culture>de-DE</Culture>
                  <Text>Aufruf FGDB_001XZS002</Text>
                </AttributeList>
              </MultilingualTextItem>
            </ObjectList>
          </MultilingualText>
        </ObjectList>
      </SW.Blocks.CompileUnit>
      <SW.Blocks.CompileUnit ID="20" CompositionName="CompileUnits">
        <AttributeList>
          <NetworkSource><FlgNet xmlns="http://www.siemens.com/automation/Openness/SW/NetworkSource/FlgNet/v4">
  <Parts>
    <Access Scope="GlobalVariable" UId="21">
      <IntegerAttribute Name="NumBLs" Informative="true">5</IntegerAttribute>
      <Symbol>
        <Component Name="FGDB_001XZS002@AddOn" />
        <Component Name="AddT" />
        <Component Name="Reset" />
        <Address Area="DB" Type="Bool" BlockNumber="238" BitOffset="0" Informative="true" />
      </Symbol>
    </Access>
    <Access Scope="GlobalVariable" UId="22">
      <IntegerAttribute Name="NumBLs" Informative="true">5</IntegerAttribute>
      <Symbol>
        <Component Name="FGDB_001XZS002@AddOn" />
        <Component Name="AddT" />
        <Component Name="Reset" />
        <Address Area="DB" Type="Bool" BlockNumber="238" BitOffset="0" Informative="true" />
      </Symbol>
    </Access>
    <Part Name="RCoil" UId="23" />
  </Parts>
  <Wires>
    <Wire UId="24">
      <IdentCon UId="21" />
      <NameCon UId="23" Name="in" />
    </Wire>
    <Wire UId="25">
      <IdentCon UId="22" />
      <NameCon UId="23" Name="operand" />
    </Wire>
  </Wires>
</FlgNet></NetworkSource>
          <ProgrammingLanguage>FBD</ProgrammingLanguage>
        </AttributeList>
        <ObjectList>
          <MultilingualText ID="21" CompositionName="Comment">
            <ObjectList>
              <MultilingualTextItem ID="22" CompositionName="Items">
                <AttributeList>
                  <Culture>en-US</Culture>
                  <Text />
                </AttributeList>
              </MultilingualTextItem>
              <MultilingualTextItem ID="23" CompositionName="Items">
                <AttributeList>
                  <Culture>de-DE</Culture>
                  <Text />
                </AttributeList>
              </MultilingualTextItem>
            </ObjectList>
          </MultilingualText>
          <MultilingualText ID="24" CompositionName="Title">
            <ObjectList>
              <MultilingualTextItem ID="25" CompositionName="Items">
                <AttributeList>
                  <Culture>en-US</Culture>
                  <Text>Delete tag reset counter</Text>
                </AttributeList>
              </MultilingualTextItem>
              <MultilingualTextItem ID="26" CompositionName="Items">
                <AttributeList>
                  <Culture>de-DE</Culture>
                  <Text>Lösche Variable Reset Zähler</Text>
                </AttributeList>
              </MultilingualTextItem>
            </ObjectList>
          </MultilingualText>
        </ObjectList>
      </SW.Blocks.CompileUnit>
      <MultilingualText ID="27" CompositionName="Title">
        <ObjectList>
          <MultilingualTextItem ID="28" CompositionName="Items">
            <AttributeList>
              <Culture>en-US</Culture>
              <Text />
            </AttributeList>
          </MultilingualTextItem>
          <MultilingualTextItem ID="29" CompositionName="Items">
            <AttributeList>
              <Culture>de-DE</Culture>
              <Text>Schichtzähler Typ C174</Text>
            </AttributeList>
          </MultilingualTextItem>
        </ObjectList>
      </MultilingualText>
    </ObjectList>
  </SW.Blocks.FC>
</Document>