﻿<?xml version="1.0" encoding="utf-8"?>
<Document>
  <Engineering version="V16" />
  <DocumentInfo>
    <Created>2025-05-12T11:27:53.7336762Z</Created>
    <ExportSetting>WithDefaults, WithReadOnly</ExportSetting>
    <InstalledProducts>
      <Product>
        <DisplayName>Totally Integrated Automation Portal</DisplayName>
        <DisplayVersion>V16 Update 7</DisplayVersion>
      </Product>
      <OptionPackage>
        <DisplayName>TIA Portal Version Control Interface</DisplayName>
        <DisplayVersion>V16 Update 2</DisplayVersion>
      </OptionPackage>
      <OptionPackage>
        <DisplayName>TIA Portal Openness</DisplayName>
        <DisplayVersion>V16 Update 7</DisplayVersion>
      </OptionPackage>
      <Product>
        <DisplayName>SINAMICS Startdrive Advanced</DisplayName>
        <DisplayVersion>V16 Update 5</DisplayVersion>
      </Product>
      <OptionPackage>
        <DisplayName>SINAMICS Startdrive G130, G150, S120, S150, SINAMICS MV, S210</DisplayName>
        <DisplayVersion>V16 Update 5</DisplayVersion>
      </OptionPackage>
      <OptionPackage>
        <DisplayName>SINAMICS Startdrive G110M, G120, G120C, G120D, G120P, G115D</DisplayName>
        <DisplayVersion>V16 Update 5</DisplayVersion>
      </OptionPackage>
      <Product>
        <DisplayName>STEP 7 Professional</DisplayName>
        <DisplayVersion>V16 Update 7</DisplayVersion>
      </Product>
      <OptionPackage>
        <DisplayName>STEP 7 Safety</DisplayName>
        <DisplayVersion>V16 Update 7</DisplayVersion>
      </OptionPackage>
      <Product>
        <DisplayName>WinCC Advanced</DisplayName>
        <DisplayVersion>V16 Update 7</DisplayVersion>
      </Product>
      <OptionPackage>
        <DisplayName>SIMATIC Visualization Architect</DisplayName>
        <DisplayVersion>V16</DisplayVersion>
      </OptionPackage>
    </InstalledProducts>
  </DocumentInfo>
  <SW.Blocks.GlobalDB ID="0">
    <AttributeList>
      <AutoNumber>true</AutoNumber>
      <CodeModifiedDate ReadOnly="true">2023-07-10T08:48:58.8146419Z</CodeModifiedDate>
      <CompileDate ReadOnly="true">2023-07-13T07:25:02.1458006Z</CompileDate>
      <CreationDate ReadOnly="true">2023-07-02T12:01:56.9568696Z</CreationDate>
      <DBAccessibleFromOPCUA>true</DBAccessibleFromOPCUA>
      <HeaderAuthor>Integra</HeaderAuthor>
      <HeaderFamily />
      <HeaderName>617040</HeaderName>
      <HeaderVersion>0.0</HeaderVersion>
      <Interface><Sections xmlns="http://www.siemens.com/automation/Openness/SW/Interface/v4">
  <Section Name="Static">
    <Member Name="A_INI" Datatype="Bool" Remanence="Retain" Accessibility="Public"><AttributeList><IntegerAttribute Name="Offset" Informative="true" SystemDefined="true">0</IntegerAttribute><BooleanAttribute Name="ExternalAccessible" SystemDefined="true">false</BooleanAttribute><BooleanAttribute Name="ExternalVisible" SystemDefined="true">false</BooleanAttribute><BooleanAttribute Name="ExternalWritable" SystemDefined="true">false</BooleanAttribute><BooleanAttribute Name="UserVisible" Informative="true" SystemDefined="true">true</BooleanAttribute><BooleanAttribute Name="UserReadOnly" Informative="true" SystemDefined="true">false</BooleanAttribute><BooleanAttribute Name="UserDeletable" Informative="true" SystemDefined="true">true</BooleanAttribute><BooleanAttribute Name="SetPoint" SystemDefined="true">false</BooleanAttribute></AttributeList><Comment><MultiLanguageText Lang="en-US">Initialstep</MultiLanguageText><MultiLanguageText Lang="de-DE">Initialschritt</MultiLanguageText></Comment></Member>
    <Member Name="A_GRD" Datatype="Bool" Remanence="Retain" Accessibility="Public"><AttributeList><IntegerAttribute Name="Offset" Informative="true" SystemDefined="true">1</IntegerAttribute><BooleanAttribute Name="ExternalAccessible" SystemDefined="true">false</BooleanAttribute><BooleanAttribute Name="ExternalVisible" SystemDefined="true">false</BooleanAttribute><BooleanAttribute Name="ExternalWritable" SystemDefined="true">false</BooleanAttribute><BooleanAttribute Name="UserVisible" Informative="true" SystemDefined="true">true</BooleanAttribute><BooleanAttribute Name="UserReadOnly" Informative="true" SystemDefined="true">false</BooleanAttribute><BooleanAttribute Name="UserDeletable" Informative="true" SystemDefined="true">true</BooleanAttribute><BooleanAttribute Name="SetPoint" SystemDefined="true">false</BooleanAttribute></AttributeList><Comment><MultiLanguageText Lang="en-US">check home position</MultiLanguageText><MultiLanguageText Lang="de-DE">Grundstellung</MultiLanguageText></Comment></Member>
    <Member Name="A_FM" Datatype="Bool" Remanence="Retain" Accessibility="Public"><AttributeList><IntegerAttribute Name="Offset" Informative="true" SystemDefined="true">2</IntegerAttribute><BooleanAttribute Name="ExternalAccessible" SystemDefined="true">false</BooleanAttribute><BooleanAttribute Name="ExternalVisible" SystemDefined="true">false</BooleanAttribute><BooleanAttribute Name="ExternalWritable" SystemDefined="true">false</BooleanAttribute><BooleanAttribute Name="UserVisible" Informative="true" SystemDefined="true">true</BooleanAttribute><BooleanAttribute Name="UserReadOnly" Informative="true" SystemDefined="true">false</BooleanAttribute><BooleanAttribute Name="UserDeletable" Informative="true" SystemDefined="true">true</BooleanAttribute><BooleanAttribute Name="SetPoint" SystemDefined="true">false</BooleanAttribute></AttributeList><Comment><MultiLanguageText Lang="en-US">End</MultiLanguageText><MultiLanguageText Lang="de-DE">Fertigmeldung</MultiLanguageText></Comment></Member>
    <Member Name="A_Dummy" Datatype="Bool" Remanence="Retain" Accessibility="Public"><AttributeList><IntegerAttribute Name="Offset" Informative="true" SystemDefined="true">3</IntegerAttribute><BooleanAttribute Name="ExternalAccessible" SystemDefined="true">false</BooleanAttribute><BooleanAttribute Name="ExternalVisible" SystemDefined="true">false</BooleanAttribute><BooleanAttribute Name="ExternalWritable" SystemDefined="true">false</BooleanAttribute><BooleanAttribute Name="UserVisible" Informative="true" SystemDefined="true">true</BooleanAttribute><BooleanAttribute Name="UserReadOnly" Informative="true" SystemDefined="true">false</BooleanAttribute><BooleanAttribute Name="UserDeletable" Informative="true" SystemDefined="true">true</BooleanAttribute><BooleanAttribute Name="SetPoint" SystemDefined="true">false</BooleanAttribute></AttributeList><Comment><MultiLanguageText Lang="en-US">Dummy step</MultiLanguageText><MultiLanguageText Lang="de-DE">Dummy</MultiLanguageText></Comment></Member>
    <Member Name="A_Halt_vor_Prozess" Datatype="Bool" Remanence="Retain" Accessibility="Public"><AttributeList><IntegerAttribute Name="Offset" Informative="true" SystemDefined="true">4</IntegerAttribute><BooleanAttribute Name="ExternalAccessible" SystemDefined="true">false</BooleanAttribute><BooleanAttribute Name="ExternalVisible" SystemDefined="true">false</BooleanAttribute><BooleanAttribute Name="ExternalWritable" SystemDefined="true">false</BooleanAttribute><BooleanAttribute Name="UserVisible" Informative="true" SystemDefined="true">true</BooleanAttribute><BooleanAttribute Name="UserReadOnly" Informative="true" SystemDefined="true">false</BooleanAttribute><BooleanAttribute Name="UserDeletable" Informative="true" SystemDefined="true">true</BooleanAttribute><BooleanAttribute Name="SetPoint" SystemDefined="true">false</BooleanAttribute></AttributeList><Comment><MultiLanguageText Lang="de-DE">Station halt vor Prozess</MultiLanguageText></Comment></Member>
    <Member Name="A_Halt_nach_Prozess" Datatype="Bool" Remanence="Retain" Accessibility="Public"><AttributeList><IntegerAttribute Name="Offset" Informative="true" SystemDefined="true">5</IntegerAttribute><BooleanAttribute Name="ExternalAccessible" SystemDefined="true">false</BooleanAttribute><BooleanAttribute Name="ExternalVisible" SystemDefined="true">false</BooleanAttribute><BooleanAttribute Name="ExternalWritable" SystemDefined="true">false</BooleanAttribute><BooleanAttribute Name="UserVisible" Informative="true" SystemDefined="true">true</BooleanAttribute><BooleanAttribute Name="UserReadOnly" Informative="true" SystemDefined="true">false</BooleanAttribute><BooleanAttribute Name="UserDeletable" Informative="true" SystemDefined="true">true</BooleanAttribute><BooleanAttribute Name="SetPoint" SystemDefined="true">false</BooleanAttribute></AttributeList><Comment><MultiLanguageText Lang="de-DE">Station halt nach Prozess</MultiLanguageText></Comment></Member>
    <Member Name="A_020DGM009_St" Datatype="Bool" Remanence="Retain" Accessibility="Public"><AttributeList><IntegerAttribute Name="Offset" Informative="true" SystemDefined="true">6</IntegerAttribute><BooleanAttribute Name="ExternalAccessible" SystemDefined="true">false</BooleanAttribute><BooleanAttribute Name="ExternalVisible" SystemDefined="true">false</BooleanAttribute><BooleanAttribute Name="ExternalWritable" SystemDefined="true">false</BooleanAttribute><BooleanAttribute Name="UserVisible" Informative="true" SystemDefined="true">true</BooleanAttribute><BooleanAttribute Name="UserReadOnly" Informative="true" SystemDefined="true">false</BooleanAttribute><BooleanAttribute Name="UserDeletable" Informative="true" SystemDefined="true">true</BooleanAttribute><BooleanAttribute Name="SetPoint" SystemDefined="true">false</BooleanAttribute></AttributeList><Comment><MultiLanguageText Lang="de-DE">020DGM009 start Lesen</MultiLanguageText></Comment></Member>
    <Member Name="A_020DGM009_Auswerten" Datatype="Bool" Remanence="Retain" Accessibility="Public"><AttributeList><IntegerAttribute Name="Offset" Informative="true" SystemDefined="true">7</IntegerAttribute><BooleanAttribute Name="ExternalAccessible" SystemDefined="true">false</BooleanAttribute><BooleanAttribute Name="ExternalVisible" SystemDefined="true">false</BooleanAttribute><BooleanAttribute Name="ExternalWritable" SystemDefined="true">false</BooleanAttribute><BooleanAttribute Name="UserVisible" Informative="true" SystemDefined="true">true</BooleanAttribute><BooleanAttribute Name="UserReadOnly" Informative="true" SystemDefined="true">false</BooleanAttribute><BooleanAttribute Name="UserDeletable" Informative="true" SystemDefined="true">true</BooleanAttribute><BooleanAttribute Name="SetPoint" SystemDefined="true">false</BooleanAttribute></AttributeList><Comment><MultiLanguageText Lang="de-DE">Lesetelle 020DGM009 Daten Auswerten</MultiLanguageText></Comment></Member>
    <Member Name="A_020RB_100_START_HP_Ent_010LE" Datatype="Bool" Remanence="Retain" Accessibility="Public"><AttributeList><IntegerAttribute Name="Offset" Informative="true" SystemDefined="true">8</IntegerAttribute><BooleanAttribute Name="ExternalAccessible" SystemDefined="true">false</BooleanAttribute><BooleanAttribute Name="ExternalVisible" SystemDefined="true">false</BooleanAttribute><BooleanAttribute Name="ExternalWritable" SystemDefined="true">false</BooleanAttribute><BooleanAttribute Name="UserVisible" Informative="true" SystemDefined="true">true</BooleanAttribute><BooleanAttribute Name="UserReadOnly" Informative="true" SystemDefined="true">false</BooleanAttribute><BooleanAttribute Name="UserDeletable" Informative="true" SystemDefined="true">true</BooleanAttribute><BooleanAttribute Name="SetPoint" SystemDefined="true">false</BooleanAttribute></AttributeList><Comment><MultiLanguageText Lang="de-DE">Start HPxx00</MultiLanguageText></Comment></Member>
    <Member Name="A_020RB_100_START_HP_Ent_060SAE" Datatype="Bool" Remanence="Retain" Accessibility="Public"><AttributeList><IntegerAttribute Name="Offset" Informative="true" SystemDefined="true">9</IntegerAttribute><BooleanAttribute Name="ExternalAccessible" SystemDefined="true">false</BooleanAttribute><BooleanAttribute Name="ExternalVisible" SystemDefined="true">false</BooleanAttribute><BooleanAttribute Name="ExternalWritable" SystemDefined="true">false</BooleanAttribute><BooleanAttribute Name="UserVisible" Informative="true" SystemDefined="true">true</BooleanAttribute><BooleanAttribute Name="UserReadOnly" Informative="true" SystemDefined="true">false</BooleanAttribute><BooleanAttribute Name="UserDeletable" Informative="true" SystemDefined="true">true</BooleanAttribute><BooleanAttribute Name="SetPoint" SystemDefined="true">false</BooleanAttribute></AttributeList><Comment><MultiLanguageText Lang="de-DE">Start HPxx00</MultiLanguageText></Comment></Member>
    <Member Name="A_020RB_100_START_HP_Ent_070SAE" Datatype="Bool" Remanence="Retain" Accessibility="Public"><AttributeList><IntegerAttribute Name="Offset" Informative="true" SystemDefined="true">10</IntegerAttribute><BooleanAttribute Name="ExternalAccessible" SystemDefined="true">false</BooleanAttribute><BooleanAttribute Name="ExternalVisible" SystemDefined="true">false</BooleanAttribute><BooleanAttribute Name="ExternalWritable" SystemDefined="true">false</BooleanAttribute><BooleanAttribute Name="UserVisible" Informative="true" SystemDefined="true">true</BooleanAttribute><BooleanAttribute Name="UserReadOnly" Informative="true" SystemDefined="true">false</BooleanAttribute><BooleanAttribute Name="UserDeletable" Informative="true" SystemDefined="true">true</BooleanAttribute><BooleanAttribute Name="SetPoint" SystemDefined="true">false</BooleanAttribute></AttributeList><Comment><MultiLanguageText Lang="de-DE">Start HPxx00</MultiLanguageText></Comment></Member>
    <Member Name="A_020RB_100_START_HP_Ent_030ABS007" Datatype="Bool" Remanence="Retain" Accessibility="Public"><AttributeList><IntegerAttribute Name="Offset" Informative="true" SystemDefined="true">11</IntegerAttribute><BooleanAttribute Name="ExternalAccessible" SystemDefined="true">false</BooleanAttribute><BooleanAttribute Name="ExternalVisible" SystemDefined="true">false</BooleanAttribute><BooleanAttribute Name="ExternalWritable" SystemDefined="true">false</BooleanAttribute><BooleanAttribute Name="UserVisible" Informative="true" SystemDefined="true">true</BooleanAttribute><BooleanAttribute Name="UserReadOnly" Informative="true" SystemDefined="true">false</BooleanAttribute><BooleanAttribute Name="UserDeletable" Informative="true" SystemDefined="true">true</BooleanAttribute><BooleanAttribute Name="SetPoint" SystemDefined="true">false</BooleanAttribute></AttributeList><Comment><MultiLanguageText Lang="de-DE">Start HPxx00</MultiLanguageText></Comment></Member>
    <Member Name="A_Anf Einf. Ent. BT1 aus 010LE_009" Datatype="Bool" Remanence="Retain" Accessibility="Public"><AttributeList><IntegerAttribute Name="Offset" Informative="true" SystemDefined="true">12</IntegerAttribute><BooleanAttribute Name="ExternalAccessible" SystemDefined="true">false</BooleanAttribute><BooleanAttribute Name="ExternalVisible" SystemDefined="true">false</BooleanAttribute><BooleanAttribute Name="ExternalWritable" SystemDefined="true">false</BooleanAttribute><BooleanAttribute Name="UserVisible" Informative="true" SystemDefined="true">true</BooleanAttribute><BooleanAttribute Name="UserReadOnly" Informative="true" SystemDefined="true">false</BooleanAttribute><BooleanAttribute Name="UserDeletable" Informative="true" SystemDefined="true">true</BooleanAttribute><BooleanAttribute Name="SetPoint" SystemDefined="true">false</BooleanAttribute></AttributeList><Comment><MultiLanguageText Lang="de-DE">I0121 Anfrage Einf. Entnehmen BT1 aus 010LE_009</MultiLanguageText></Comment></Member>
    <Member Name="A_Anf Ausf. mit BT1 aus 010LE_009" Datatype="Bool" Remanence="Retain" Accessibility="Public"><AttributeList><IntegerAttribute Name="Offset" Informative="true" SystemDefined="true">13</IntegerAttribute><BooleanAttribute Name="ExternalAccessible" SystemDefined="true">false</BooleanAttribute><BooleanAttribute Name="ExternalVisible" SystemDefined="true">false</BooleanAttribute><BooleanAttribute Name="ExternalWritable" SystemDefined="true">false</BooleanAttribute><BooleanAttribute Name="UserVisible" Informative="true" SystemDefined="true">true</BooleanAttribute><BooleanAttribute Name="UserReadOnly" Informative="true" SystemDefined="true">false</BooleanAttribute><BooleanAttribute Name="UserDeletable" Informative="true" SystemDefined="true">true</BooleanAttribute><BooleanAttribute Name="SetPoint" SystemDefined="true">false</BooleanAttribute></AttributeList><Comment><MultiLanguageText Lang="de-DE">I0122 Anfrage Ausf. mit BT1 aus 010LE_009</MultiLanguageText></Comment></Member>
    <Member Name="A_Anf Einf. Ent. BT1 aus 030ABS007" Datatype="Bool" Remanence="Retain" Accessibility="Public"><AttributeList><IntegerAttribute Name="Offset" Informative="true" SystemDefined="true">14</IntegerAttribute><BooleanAttribute Name="ExternalAccessible" SystemDefined="true">false</BooleanAttribute><BooleanAttribute Name="ExternalVisible" SystemDefined="true">false</BooleanAttribute><BooleanAttribute Name="ExternalWritable" SystemDefined="true">false</BooleanAttribute><BooleanAttribute Name="UserVisible" Informative="true" SystemDefined="true">true</BooleanAttribute><BooleanAttribute Name="UserReadOnly" Informative="true" SystemDefined="true">false</BooleanAttribute><BooleanAttribute Name="UserDeletable" Informative="true" SystemDefined="true">true</BooleanAttribute><BooleanAttribute Name="SetPoint" SystemDefined="true">false</BooleanAttribute></AttributeList><Comment><MultiLanguageText Lang="de-DE">I0123 Anfrage Einf. Entnehmen BT1 aus 030ABS007</MultiLanguageText></Comment></Member>
    <Member Name="A_Anf Ausf. mit BT1 aus 030ABS007" Datatype="Bool" Remanence="Retain" Accessibility="Public"><AttributeList><IntegerAttribute Name="Offset" Informative="true" SystemDefined="true">15</IntegerAttribute><BooleanAttribute Name="ExternalAccessible" SystemDefined="true">false</BooleanAttribute><BooleanAttribute Name="ExternalVisible" SystemDefined="true">false</BooleanAttribute><BooleanAttribute Name="ExternalWritable" SystemDefined="true">false</BooleanAttribute><BooleanAttribute Name="UserVisible" Informative="true" SystemDefined="true">true</BooleanAttribute><BooleanAttribute Name="UserReadOnly" Informative="true" SystemDefined="true">false</BooleanAttribute><BooleanAttribute Name="UserDeletable" Informative="true" SystemDefined="true">true</BooleanAttribute><BooleanAttribute Name="SetPoint" SystemDefined="true">false</BooleanAttribute></AttributeList><Comment><MultiLanguageText Lang="de-DE">I0124 Anfrage Ausf. mit BT1 aus 030ABS007</MultiLanguageText></Comment></Member>
    <Member Name="A_Anf Einf. Ableg. BT1 in 030ABS009" Datatype="Bool" Remanence="Retain" Accessibility="Public"><AttributeList><IntegerAttribute Name="Offset" Informative="true" SystemDefined="true">16</IntegerAttribute><BooleanAttribute Name="ExternalAccessible" SystemDefined="true">false</BooleanAttribute><BooleanAttribute Name="ExternalVisible" SystemDefined="true">false</BooleanAttribute><BooleanAttribute Name="ExternalWritable" SystemDefined="true">false</BooleanAttribute><BooleanAttribute Name="UserVisible" Informative="true" SystemDefined="true">true</BooleanAttribute><BooleanAttribute Name="UserReadOnly" Informative="true" SystemDefined="true">false</BooleanAttribute><BooleanAttribute Name="UserDeletable" Informative="true" SystemDefined="true">true</BooleanAttribute><BooleanAttribute Name="SetPoint" SystemDefined="true">false</BooleanAttribute></AttributeList><Comment><MultiLanguageText Lang="de-DE">I0141 Anfrage Einf. Ablegen BT1 in 030ABS009</MultiLanguageText></Comment></Member>
    <Member Name="A_Anf Ausf. ohne Teil aus 030ABS009" Datatype="Bool" Remanence="Retain" Accessibility="Public"><AttributeList><IntegerAttribute Name="Offset" Informative="true" SystemDefined="true">17</IntegerAttribute><BooleanAttribute Name="ExternalAccessible" SystemDefined="true">false</BooleanAttribute><BooleanAttribute Name="ExternalVisible" SystemDefined="true">false</BooleanAttribute><BooleanAttribute Name="ExternalWritable" SystemDefined="true">false</BooleanAttribute><BooleanAttribute Name="UserVisible" Informative="true" SystemDefined="true">true</BooleanAttribute><BooleanAttribute Name="UserReadOnly" Informative="true" SystemDefined="true">false</BooleanAttribute><BooleanAttribute Name="UserDeletable" Informative="true" SystemDefined="true">true</BooleanAttribute><BooleanAttribute Name="SetPoint" SystemDefined="true">false</BooleanAttribute></AttributeList><Comment><MultiLanguageText Lang="de-DE">I0142 Anfrage Ausf. ohne Teil aus 030ABS009</MultiLanguageText></Comment></Member>
    <Member Name="A_Anf Einf. Ableg. BT1 in 060SAE009" Datatype="Bool" Remanence="Retain" Accessibility="Public"><AttributeList><IntegerAttribute Name="Offset" Informative="true" SystemDefined="true">18</IntegerAttribute><BooleanAttribute Name="ExternalAccessible" SystemDefined="true">false</BooleanAttribute><BooleanAttribute Name="ExternalVisible" SystemDefined="true">false</BooleanAttribute><BooleanAttribute Name="ExternalWritable" SystemDefined="true">false</BooleanAttribute><BooleanAttribute Name="UserVisible" Informative="true" SystemDefined="true">true</BooleanAttribute><BooleanAttribute Name="UserReadOnly" Informative="true" SystemDefined="true">false</BooleanAttribute><BooleanAttribute Name="UserDeletable" Informative="true" SystemDefined="true">true</BooleanAttribute><BooleanAttribute Name="SetPoint" SystemDefined="true">false</BooleanAttribute></AttributeList><Comment><MultiLanguageText Lang="de-DE">I0143 Anfrage Einf. Ablegen BT1 in 060SAE009</MultiLanguageText></Comment></Member>
    <Member Name="A_Anf Ausf. ohne Teil aus 060SAE009" Datatype="Bool" Remanence="Retain" Accessibility="Public"><AttributeList><IntegerAttribute Name="Offset" Informative="true" SystemDefined="true">19</IntegerAttribute><BooleanAttribute Name="ExternalAccessible" SystemDefined="true">false</BooleanAttribute><BooleanAttribute Name="ExternalVisible" SystemDefined="true">false</BooleanAttribute><BooleanAttribute Name="ExternalWritable" SystemDefined="true">false</BooleanAttribute><BooleanAttribute Name="UserVisible" Informative="true" SystemDefined="true">true</BooleanAttribute><BooleanAttribute Name="UserReadOnly" Informative="true" SystemDefined="true">false</BooleanAttribute><BooleanAttribute Name="UserDeletable" Informative="true" SystemDefined="true">true</BooleanAttribute><BooleanAttribute Name="SetPoint" SystemDefined="true">false</BooleanAttribute></AttributeList><Comment><MultiLanguageText Lang="de-DE">I0144 Anfrage Ausf. ohne Teil aus 060SAE009</MultiLanguageText></Comment></Member>
    <Member Name="A_Anf Einf. Ent. BT1 aus 060SAE009" Datatype="Bool" Remanence="Retain" Accessibility="Public"><AttributeList><IntegerAttribute Name="Offset" Informative="true" SystemDefined="true">20</IntegerAttribute><BooleanAttribute Name="ExternalAccessible" SystemDefined="true">false</BooleanAttribute><BooleanAttribute Name="ExternalVisible" SystemDefined="true">false</BooleanAttribute><BooleanAttribute Name="ExternalWritable" SystemDefined="true">false</BooleanAttribute><BooleanAttribute Name="UserVisible" Informative="true" SystemDefined="true">true</BooleanAttribute><BooleanAttribute Name="UserReadOnly" Informative="true" SystemDefined="true">false</BooleanAttribute><BooleanAttribute Name="UserDeletable" Informative="true" SystemDefined="true">true</BooleanAttribute><BooleanAttribute Name="SetPoint" SystemDefined="true">false</BooleanAttribute></AttributeList><Comment><MultiLanguageText Lang="de-DE">I0125 Anfrage Einf. Entnehmen BT1 aus 060SAE009</MultiLanguageText></Comment></Member>
    <Member Name="A_Anf Ausf. mit BT1 aus 060SAE009" Datatype="Bool" Remanence="Retain" Accessibility="Public"><AttributeList><IntegerAttribute Name="Offset" Informative="true" SystemDefined="true">21</IntegerAttribute><BooleanAttribute Name="ExternalAccessible" SystemDefined="true">false</BooleanAttribute><BooleanAttribute Name="ExternalVisible" SystemDefined="true">false</BooleanAttribute><BooleanAttribute Name="ExternalWritable" SystemDefined="true">false</BooleanAttribute><BooleanAttribute Name="UserVisible" Informative="true" SystemDefined="true">true</BooleanAttribute><BooleanAttribute Name="UserReadOnly" Informative="true" SystemDefined="true">false</BooleanAttribute><BooleanAttribute Name="UserDeletable" Informative="true" SystemDefined="true">true</BooleanAttribute><BooleanAttribute Name="SetPoint" SystemDefined="true">false</BooleanAttribute></AttributeList><Comment><MultiLanguageText Lang="de-DE">I0126 Anfrage Ausf. mit BT1 aus 060SAE009</MultiLanguageText></Comment></Member>
    <Member Name="A_Anf Einf. Ableg. BT1 in 070SAE009" Datatype="Bool" Remanence="Retain" Accessibility="Public"><AttributeList><IntegerAttribute Name="Offset" Informative="true" SystemDefined="true">22</IntegerAttribute><BooleanAttribute Name="ExternalAccessible" SystemDefined="true">false</BooleanAttribute><BooleanAttribute Name="ExternalVisible" SystemDefined="true">false</BooleanAttribute><BooleanAttribute Name="ExternalWritable" SystemDefined="true">false</BooleanAttribute><BooleanAttribute Name="UserVisible" Informative="true" SystemDefined="true">true</BooleanAttribute><BooleanAttribute Name="UserReadOnly" Informative="true" SystemDefined="true">false</BooleanAttribute><BooleanAttribute Name="UserDeletable" Informative="true" SystemDefined="true">true</BooleanAttribute><BooleanAttribute Name="SetPoint" SystemDefined="true">false</BooleanAttribute></AttributeList><Comment><MultiLanguageText Lang="de-DE">I0141 Anfrage Einf. Ablegen BT1 in 030ABS009</MultiLanguageText></Comment></Member>
    <Member Name="A_Anf Ausf. ohne Teil aus 070SAE009" Datatype="Bool" Remanence="Retain" Accessibility="Public"><AttributeList><IntegerAttribute Name="Offset" Informative="true" SystemDefined="true">23</IntegerAttribute><BooleanAttribute Name="ExternalAccessible" SystemDefined="true">false</BooleanAttribute><BooleanAttribute Name="ExternalVisible" SystemDefined="true">false</BooleanAttribute><BooleanAttribute Name="ExternalWritable" SystemDefined="true">false</BooleanAttribute><BooleanAttribute Name="UserVisible" Informative="true" SystemDefined="true">true</BooleanAttribute><BooleanAttribute Name="UserReadOnly" Informative="true" SystemDefined="true">false</BooleanAttribute><BooleanAttribute Name="UserDeletable" Informative="true" SystemDefined="true">true</BooleanAttribute><BooleanAttribute Name="SetPoint" SystemDefined="true">false</BooleanAttribute></AttributeList><Comment><MultiLanguageText Lang="de-DE">I0142 Anfrage Ausf. ohne Teil aus 030ABS009</MultiLanguageText></Comment></Member>
    <Member Name="A_Anf Einf. Ent. BT1 aus 070SAE009" Datatype="Bool" Remanence="Retain" Accessibility="Public"><AttributeList><IntegerAttribute Name="Offset" Informative="true" SystemDefined="true">24</IntegerAttribute><BooleanAttribute Name="ExternalAccessible" SystemDefined="true">false</BooleanAttribute><BooleanAttribute Name="ExternalVisible" SystemDefined="true">false</BooleanAttribute><BooleanAttribute Name="ExternalWritable" SystemDefined="true">false</BooleanAttribute><BooleanAttribute Name="UserVisible" Informative="true" SystemDefined="true">true</BooleanAttribute><BooleanAttribute Name="UserReadOnly" Informative="true" SystemDefined="true">false</BooleanAttribute><BooleanAttribute Name="UserDeletable" Informative="true" SystemDefined="true">true</BooleanAttribute><BooleanAttribute Name="SetPoint" SystemDefined="true">false</BooleanAttribute></AttributeList><Comment><MultiLanguageText Lang="de-DE">I0127 Anfrage Einf. Entnehmen BT1 aus 070SAE009</MultiLanguageText></Comment></Member>
    <Member Name="A_Anf Ausf. mit BT1 aus 070SAE009" Datatype="Bool" Remanence="Retain" Accessibility="Public"><AttributeList><IntegerAttribute Name="Offset" Informative="true" SystemDefined="true">25</IntegerAttribute><BooleanAttribute Name="ExternalAccessible" SystemDefined="true">false</BooleanAttribute><BooleanAttribute Name="ExternalVisible" SystemDefined="true">false</BooleanAttribute><BooleanAttribute Name="ExternalWritable" SystemDefined="true">false</BooleanAttribute><BooleanAttribute Name="UserVisible" Informative="true" SystemDefined="true">true</BooleanAttribute><BooleanAttribute Name="UserReadOnly" Informative="true" SystemDefined="true">false</BooleanAttribute><BooleanAttribute Name="UserDeletable" Informative="true" SystemDefined="true">true</BooleanAttribute><BooleanAttribute Name="SetPoint" SystemDefined="true">false</BooleanAttribute></AttributeList><Comment><MultiLanguageText Lang="de-DE">I0128 Anfrage Ausf. mit BT1 aus 070SAE009</MultiLanguageText></Comment></Member>
    <Member Name="A_Anf Einf. Ableg. BT1 in 080DT008" Datatype="Bool" Remanence="Retain" Accessibility="Public"><AttributeList><IntegerAttribute Name="Offset" Informative="true" SystemDefined="true">26</IntegerAttribute><BooleanAttribute Name="ExternalAccessible" SystemDefined="true">false</BooleanAttribute><BooleanAttribute Name="ExternalVisible" SystemDefined="true">false</BooleanAttribute><BooleanAttribute Name="ExternalWritable" SystemDefined="true">false</BooleanAttribute><BooleanAttribute Name="UserVisible" Informative="true" SystemDefined="true">true</BooleanAttribute><BooleanAttribute Name="UserReadOnly" Informative="true" SystemDefined="true">false</BooleanAttribute><BooleanAttribute Name="UserDeletable" Informative="true" SystemDefined="true">true</BooleanAttribute><BooleanAttribute Name="SetPoint" SystemDefined="true">false</BooleanAttribute></AttributeList><Comment><MultiLanguageText Lang="de-DE">I0147 Anfrage Einf. Ablegen BT1 in 080DT_008</MultiLanguageText></Comment></Member>
    <Member Name="A_Anf Ausf. ohne Teil aus 080DT_008" Datatype="Bool" Remanence="Retain" Accessibility="Public"><AttributeList><IntegerAttribute Name="Offset" Informative="true" SystemDefined="true">27</IntegerAttribute><BooleanAttribute Name="ExternalAccessible" SystemDefined="true">false</BooleanAttribute><BooleanAttribute Name="ExternalVisible" SystemDefined="true">false</BooleanAttribute><BooleanAttribute Name="ExternalWritable" SystemDefined="true">false</BooleanAttribute><BooleanAttribute Name="UserVisible" Informative="true" SystemDefined="true">true</BooleanAttribute><BooleanAttribute Name="UserReadOnly" Informative="true" SystemDefined="true">false</BooleanAttribute><BooleanAttribute Name="UserDeletable" Informative="true" SystemDefined="true">true</BooleanAttribute><BooleanAttribute Name="SetPoint" SystemDefined="true">false</BooleanAttribute></AttributeList><Comment><MultiLanguageText Lang="de-DE">I0148 Anfrage Ausf. ohne Teil aus 080DT_008</MultiLanguageText></Comment></Member>
    <Member Name="A_START_030XSK003" Datatype="Bool" Remanence="Retain" Accessibility="Public"><AttributeList><IntegerAttribute Name="Offset" Informative="true" SystemDefined="true">28</IntegerAttribute><BooleanAttribute Name="ExternalAccessible" SystemDefined="true">false</BooleanAttribute><BooleanAttribute Name="ExternalVisible" SystemDefined="true">false</BooleanAttribute><BooleanAttribute Name="ExternalWritable" SystemDefined="true">false</BooleanAttribute><BooleanAttribute Name="UserVisible" Informative="true" SystemDefined="true">true</BooleanAttribute><BooleanAttribute Name="UserReadOnly" Informative="true" SystemDefined="true">false</BooleanAttribute><BooleanAttribute Name="UserDeletable" Informative="true" SystemDefined="true">true</BooleanAttribute><BooleanAttribute Name="SetPoint" SystemDefined="true">false</BooleanAttribute></AttributeList><Comment><MultiLanguageText Lang="de-DE">Start Seq 030XSK003 - 030ABS009</MultiLanguageText></Comment></Member>
    <Member Name="A_START_060XSK001" Datatype="Bool" Remanence="Retain" Accessibility="Public"><AttributeList><IntegerAttribute Name="Offset" Informative="true" SystemDefined="true">29</IntegerAttribute><BooleanAttribute Name="ExternalAccessible" SystemDefined="true">false</BooleanAttribute><BooleanAttribute Name="ExternalVisible" SystemDefined="true">false</BooleanAttribute><BooleanAttribute Name="ExternalWritable" SystemDefined="true">false</BooleanAttribute><BooleanAttribute Name="UserVisible" Informative="true" SystemDefined="true">true</BooleanAttribute><BooleanAttribute Name="UserReadOnly" Informative="true" SystemDefined="true">false</BooleanAttribute><BooleanAttribute Name="UserDeletable" Informative="true" SystemDefined="true">true</BooleanAttribute><BooleanAttribute Name="SetPoint" SystemDefined="true">false</BooleanAttribute></AttributeList><Comment><MultiLanguageText Lang="de-DE">Start Seq 060XSK001 - 060SAE009</MultiLanguageText></Comment></Member>
    <Member Name="A_START_070XSK001" Datatype="Bool" Remanence="Retain" Accessibility="Public"><AttributeList><IntegerAttribute Name="Offset" Informative="true" SystemDefined="true">30</IntegerAttribute><BooleanAttribute Name="ExternalAccessible" SystemDefined="true">false</BooleanAttribute><BooleanAttribute Name="ExternalVisible" SystemDefined="true">false</BooleanAttribute><BooleanAttribute Name="ExternalWritable" SystemDefined="true">false</BooleanAttribute><BooleanAttribute Name="UserVisible" Informative="true" SystemDefined="true">true</BooleanAttribute><BooleanAttribute Name="UserReadOnly" Informative="true" SystemDefined="true">false</BooleanAttribute><BooleanAttribute Name="UserDeletable" Informative="true" SystemDefined="true">true</BooleanAttribute><BooleanAttribute Name="SetPoint" SystemDefined="true">false</BooleanAttribute></AttributeList><Comment><MultiLanguageText Lang="de-DE">Start Seq 070XSK001 - 070SAE009</MultiLanguageText></Comment></Member>
    <Member Name="A_START_080XSK001" Datatype="Bool" Remanence="Retain" Accessibility="Public"><AttributeList><IntegerAttribute Name="Offset" Informative="true" SystemDefined="true">31</IntegerAttribute><BooleanAttribute Name="ExternalAccessible" SystemDefined="true">false</BooleanAttribute><BooleanAttribute Name="ExternalVisible" SystemDefined="true">false</BooleanAttribute><BooleanAttribute Name="ExternalWritable" SystemDefined="true">false</BooleanAttribute><BooleanAttribute Name="UserVisible" Informative="true" SystemDefined="true">true</BooleanAttribute><BooleanAttribute Name="UserReadOnly" Informative="true" SystemDefined="true">false</BooleanAttribute><BooleanAttribute Name="UserDeletable" Informative="true" SystemDefined="true">true</BooleanAttribute><BooleanAttribute Name="SetPoint" SystemDefined="true">false</BooleanAttribute></AttributeList><Comment><MultiLanguageText Lang="de-DE">Start Seq 070XSK001 - 070SAE009</MultiLanguageText></Comment></Member>
  </Section>
</Sections></Interface>
      <InterfaceModifiedDate ReadOnly="true">2023-07-08T13:53:24.4325982Z</InterfaceModifiedDate>
      <IsConsistent ReadOnly="true">true</IsConsistent>
      <IsKnowHowProtected ReadOnly="true">false</IsKnowHowProtected>
      <IsOnlyStoredInLoadMemory>false</IsOnlyStoredInLoadMemory>
      <IsPLCDB ReadOnly="true">false</IsPLCDB>
      <IsWriteProtectedInAS>false</IsWriteProtectedInAS>
      <MemoryLayout>Standard</MemoryLayout>
      <ModifiedDate ReadOnly="true">2023-07-10T08:48:58.8146419Z</ModifiedDate>
      <Name>DB_ACTIONS_020XSK002</Name>
      <Number>375</Number>
      <ParameterModified ReadOnly="true">2023-07-08T13:53:24.4325982Z</ParameterModified>
      <ProgrammingLanguage>DB</ProgrammingLanguage>
      <StructureModified ReadOnly="true">2023-07-08T13:53:24.4325982Z</StructureModified>
    </AttributeList>
    <ObjectList>
      <MultilingualText ID="1" CompositionName="Comment">
        <ObjectList>
          <MultilingualTextItem ID="2" CompositionName="Items">
            <AttributeList>
              <Culture>en-US</Culture>
              <Text />
            </AttributeList>
          </MultilingualTextItem>
          <MultilingualTextItem ID="3" CompositionName="Items">
            <AttributeList>
              <Culture>de-DE</Culture>
              <Text />
            </AttributeList>
          </MultilingualTextItem>
        </ObjectList>
      </MultilingualText>
      <MultilingualText ID="4" CompositionName="Title">
        <ObjectList>
          <MultilingualTextItem ID="5" CompositionName="Items">
            <AttributeList>
              <Culture>en-US</Culture>
              <Text />
            </AttributeList>
          </MultilingualTextItem>
          <MultilingualTextItem ID="6" CompositionName="Items">
            <AttributeList>
              <Culture>de-DE</Culture>
              <Text />
            </AttributeList>
          </MultilingualTextItem>
        </ObjectList>
      </MultilingualText>
    </ObjectList>
  </SW.Blocks.GlobalDB>
</Document>