﻿<?xml version="1.0" encoding="utf-8"?>
<Document>
  <Engineering version="V16" />
  <DocumentInfo>
    <Created>2025-05-12T11:28:09.6668357Z</Created>
    <ExportSetting>WithDefaults, WithReadOnly</ExportSetting>
    <InstalledProducts>
      <Product>
        <DisplayName>Totally Integrated Automation Portal</DisplayName>
        <DisplayVersion>V16 Update 7</DisplayVersion>
      </Product>
      <OptionPackage>
        <DisplayName>TIA Portal Version Control Interface</DisplayName>
        <DisplayVersion>V16 Update 2</DisplayVersion>
      </OptionPackage>
      <OptionPackage>
        <DisplayName>TIA Portal Openness</DisplayName>
        <DisplayVersion>V16 Update 7</DisplayVersion>
      </OptionPackage>
      <Product>
        <DisplayName>SINAMICS Startdrive Advanced</DisplayName>
        <DisplayVersion>V16 Update 5</DisplayVersion>
      </Product>
      <OptionPackage>
        <DisplayName>SINAMICS Startdrive G130, G150, S120, S150, SINAMICS MV, S210</DisplayName>
        <DisplayVersion>V16 Update 5</DisplayVersion>
      </OptionPackage>
      <OptionPackage>
        <DisplayName>SINAMICS Startdrive G110M, G120, G120C, G120D, G120P, G115D</DisplayName>
        <DisplayVersion>V16 Update 5</DisplayVersion>
      </OptionPackage>
      <Product>
        <DisplayName>STEP 7 Professional</DisplayName>
        <DisplayVersion>V16 Update 7</DisplayVersion>
      </Product>
      <OptionPackage>
        <DisplayName>STEP 7 Safety</DisplayName>
        <DisplayVersion>V16 Update 7</DisplayVersion>
      </OptionPackage>
      <Product>
        <DisplayName>WinCC Advanced</DisplayName>
        <DisplayVersion>V16 Update 7</DisplayVersion>
      </Product>
      <OptionPackage>
        <DisplayName>SIMATIC Visualization Architect</DisplayName>
        <DisplayVersion>V16</DisplayVersion>
      </OptionPackage>
    </InstalledProducts>
  </DocumentInfo>
  <SW.Blocks.FB ID="0">
    <AttributeList>
      <AcknowledgeErrorsRequired>false</AcknowledgeErrorsRequired>
      <AutoNumber>true</AutoNumber>
      <CodeModifiedDate ReadOnly="true">2023-07-10T08:48:46.9714695Z</CodeModifiedDate>
      <CompileDate ReadOnly="true">2023-07-13T07:25:20.1143276Z</CompileDate>
      <CreationDate ReadOnly="true">2023-06-23T13:45:15.4255097Z</CreationDate>
      <ExtensionBlockName>iAF_GRAPH_EXTENSION</ExtensionBlockName>
      <GraphVersion>4.0</GraphVersion>
      <HandleErrorsWithinBlock ReadOnly="true">false</HandleErrorsWithinBlock>
      <HeaderAuthor>integra</HeaderAuthor>
      <HeaderFamily>AF</HeaderFamily>
      <HeaderName />
      <HeaderVersion>0.1</HeaderVersion>
      <InitialValuesAcquisition>false</InitialValuesAcquisition>
      <Interface><Sections xmlns="http://www.siemens.com/automation/Openness/SW/Interface/v4">
  <Section Name="Base">
    <Sections Datatype="GRAPH_BASE" Version="1.0">
      <Section Name="Input" />
      <Section Name="Output" />
      <Section Name="InOut" />
      <Section Name="Static">
        <Member Name="OFF_SQ_BASE" Datatype="Bool" />
      </Section>
    </Sections>
  </Section>
  <Section Name="Input" />
  <Section Name="Output" />
  <Section Name="InOut" />
  <Section Name="Static">
    <Member Name="GRAPH" Datatype="&quot;iAF_GRAPH_EXTENSION&quot;" Accessibility="Public"><AttributeList><BooleanAttribute Name="ExternalAccessible" SystemDefined="true">false</BooleanAttribute><BooleanAttribute Name="ExternalVisible" SystemDefined="true">false</BooleanAttribute><BooleanAttribute Name="ExternalWritable" SystemDefined="true">false</BooleanAttribute><BooleanAttribute Name="UserVisible" Informative="true" SystemDefined="true">true</BooleanAttribute><BooleanAttribute Name="UserReadOnly" Informative="true" SystemDefined="true">false</BooleanAttribute><BooleanAttribute Name="UserDeletable" Informative="true" SystemDefined="true">true</BooleanAttribute><BooleanAttribute Name="SetPoint" SystemDefined="true">true</BooleanAttribute></AttributeList><Sections><Section Name="Input" /><Section Name="Output" /><Section Name="InOut"><Member Name="io_RT_DATA" Datatype="G7_RTDataPlus_V4" Version="1.0"><Sections><Section Name="None" /></Sections></Member><Member Name="io_G7T" Datatype="Array[*] of G7_TransitionPlus_V4" Version="1.0"><Sections><Section Name="None" /></Sections></Member><Member Name="io_G7S" Datatype="Array[*] of G7_StepPlus_V4" Version="1.0"><Sections><Section Name="None" /></Sections></Member><Member Name="io_G7Arrays" Datatype="Array[*] of USInt" /></Section><Section Name="Static"><Member Name="Extension" Datatype="&quot;iUDT_GRAPH_EXTENSION&quot;"><Sections><Section Name="None"><Member Name="SetpointWaitingTimeGlobal" Datatype="Time" /><Member Name="SetpointMonitoringTimeGlobal" Datatype="Time" /><Member Name="versionGraphFB" Datatype="String[10]" /><Member Name="versionGraphExtensionFB" Datatype="String[10]" /><Member Name="countStep" Datatype="Int" /><Member Name="countTransition" Datatype="Int" /><Member Name="countSequencerActiveMax" Datatype="Int" /><Member Name="countStepActiveMax" Datatype="Int" /><Member Name="countTransitionActiveMax" Datatype="Int" /><Member Name="haltStepNumber" Datatype="Int" /><Member Name="selectStepNumber" Datatype="Int" /><Member Name="Status" Datatype="Struct"><Member Name="runtimeMicroSec" Datatype="DInt" /><Member Name="versionGraphFBNOK" Datatype="Bool" /><Member Name="more1SeqNOK" Datatype="Bool" /><Member Name="more16SimNOK" Datatype="Bool" /><Member Name="more16TranNOK" Datatype="Bool" /><Member Name="stepNotExist" Datatype="Bool" /><Member Name="initStepActive" Datatype="Bool" /><Member Name="haltStepNumberReady" Datatype="Bool" /><Member Name="selectStepNumberReady" Datatype="Bool" /><Member Name="smartSyncReady" Datatype="Bool" /></Member><Member Name="Control" Datatype="Struct"><Member Name="AUTO" Datatype="Bool" /><Member Name="MAN" Datatype="Bool" /><Member Name="TAP" Datatype="Bool" /><Member Name="TOP" Datatype="Bool" /><Member Name="LOCK" Datatype="Bool" /><Member Name="SUP" Datatype="Bool" /><Member Name="ACKREQ" Datatype="Bool" /><Member Name="SSKIP" Datatype="Bool" /><Member Name="OFF" Datatype="Bool" /><Member Name="INIT" Datatype="Bool" /><Member Name="HALT" Datatype="Bool" /><Member Name="TMS_HALT" Datatype="Bool" /><Member Name="OPS_ZERO" Datatype="Bool" /><Member Name="T_PUSH" Datatype="Bool" /><Member Name="ACK" Datatype="Bool" /><Member Name="IL_PERM" Datatype="Bool" /><Member Name="T_PERM" Datatype="Bool" /><Member Name="haltStepnumber" Datatype="Bool" /><Member Name="selectStepNumber" Datatype="Bool" /><Member Name="smartSync" Datatype="Bool" /></Member><Member Name="StepTimeOK" Datatype="Array[1..16] of UInt" /><Member Name="StepTimeTotal" Datatype="Array[1..16] of UInt" /><Member Name="StepNumberActive" Datatype="Array[1..16] of Int" /><Member Name="TransitionNumberActive" Datatype="Array[1..16] of Int" /><Member Name="StepNumberFault" Datatype="Array[1..16] of Int" /><Member Name="ExcutableStepNumber" Datatype="Array[1..256] of Int" /><Member Name="TransitionTrue" Datatype="Array[1..256] of Bool" /><Member Name="TransitionTrueNumber" Datatype="Array[1..256] of Int" /><Member Name="RT_DATA" Datatype="&quot;iUDT_GRAPH_RT_DATA&quot;"><Sections><Section Name="None"><Member Name="MOP" Datatype="G7_MOPPlus_V4" Version="1.0"><Sections><Section Name="None"><Member Name="AUTO" Datatype="Bool" /><Member Name="MAN" Datatype="Bool" /><Member Name="TAP" Datatype="Bool" /><Member Name="TOP" Datatype="Bool" /><Member Name="ACK_S" Datatype="Bool" /><Member Name="REG_S" Datatype="Bool" /><Member Name="T_PREV" Datatype="Bool" /><Member Name="T_NEXT" Datatype="Bool" /><Member Name="LOCK" Datatype="Bool" /><Member Name="SUP" Datatype="Bool" /><Member Name="ACKREQ" Datatype="Bool" /><Member Name="SSKIP" Datatype="Bool" /><Member Name="OFF" Datatype="Bool" /><Member Name="INIT" Datatype="Bool" /><Member Name="HALT" Datatype="Bool" /><Member Name="TMS_HALT" Datatype="Bool" /><Member Name="OPS_ZERO" Datatype="Bool" /><Member Name="SACT_DISP" Datatype="Bool" /><Member Name="SEF_DISP" Datatype="Bool" /><Member Name="SALL_DISP" Datatype="Bool" /><Member Name="S_PREV" Datatype="Bool" /><Member Name="S_NEXT" Datatype="Bool" /><Member Name="S_SELOK" Datatype="Bool" /><Member Name="S_ON" Datatype="Bool" /><Member Name="S_OFF" Datatype="Bool" /><Member Name="T_PUSH" Datatype="Bool" /><Member Name="REG" Datatype="Bool" /><Member Name="ACK" Datatype="Bool" /><Member Name="IL_PERM" Datatype="Bool" /><Member Name="T_PERM" Datatype="Bool" /><Member Name="ILP_MAN" Datatype="Bool" /><Member Name="LMODE" Datatype="Bool" /></Section></Sections></Member><Member Name="SQ_FLAGS" Datatype="G7_SQFlagsPlus_V4" Version="1.0"><Sections><Section Name="None"><Member Name="ERR_FLT" Datatype="Bool" /><Member Name="ERROR" Datatype="Bool" /><Member Name="FAULT" Datatype="Bool" /><Member Name="RT_FAIL" Datatype="Bool" /><Member Name="NO_SNO" Datatype="Bool" /><Member Name="NF_OFL" Datatype="Bool" /><Member Name="SA_OFL" Datatype="Bool" /><Member Name="TV_OFL" Datatype="Bool" /><Member Name="NO_SWI" Datatype="Bool" /><Member Name="CYC_OP" Datatype="Bool" /><Member Name="AS_MSG" Datatype="Bool" /><Member Name="SQ_BUSY" Datatype="Bool" /><Member Name="SA_BUSY" Datatype="Bool" /></Section></Sections></Member><Member Name="GC_FLAGS" Datatype="G7_GCFlagsPlus_V4" Version="1.0"><Sections><Section Name="None"><Member Name="COND_ED" Datatype="USInt" /><Member Name="SSKIP_ON" Datatype="Bool" /><Member Name="ACK_REQ" Datatype="Bool" /><Member Name="ILP_MAN" Datatype="Bool" /><Member Name="SWM_LOCKED" Datatype="Bool" /><Member Name="SET_ENO" Datatype="Bool" /><Member Name="IL_REACT_CAT" Datatype="USInt" /><Member Name="WARN_CAT" Datatype="USInt" /><Member Name="CRIT_ON" Datatype="Bool" /></Section></Sections></Member></Section></Sections></Member><Member Name="Step" Datatype="Array[1..256] of Struct"><Member Name="U" Datatype="Time" /></Member><Member Name="Transition" Datatype="Array[1..256] of Struct"><Member Name="TT" Datatype="Bool" /></Member></Section></Sections></Member><Member Name="R_TRIG_Instance" Datatype="R_TRIG" Version="1.0"><Sections><Section Name="Input"><Member Name="CLK" Datatype="Bool" /></Section><Section Name="Output"><Member Name="Q" Datatype="Bool" /></Section><Section Name="InOut" /><Section Name="Static"><Member Name="Stat_Bit" Datatype="Bool" /></Section></Sections></Member></Section></Sections></Member>
    <Member Name="SetpointWaitingTimeGlobal" Datatype="Time" Remanence="NonRetain" Accessibility="Public"><AttributeList><BooleanAttribute Name="ExternalAccessible" SystemDefined="true">false</BooleanAttribute><BooleanAttribute Name="ExternalVisible" SystemDefined="true">false</BooleanAttribute><BooleanAttribute Name="ExternalWritable" SystemDefined="true">false</BooleanAttribute><BooleanAttribute Name="UserVisible" Informative="true" SystemDefined="true">true</BooleanAttribute><BooleanAttribute Name="UserReadOnly" Informative="true" SystemDefined="true">false</BooleanAttribute><BooleanAttribute Name="UserDeletable" Informative="true" SystemDefined="true">true</BooleanAttribute><BooleanAttribute Name="SetPoint" SystemDefined="true">false</BooleanAttribute></AttributeList><Comment><MultiLanguageText Lang="en-US">Setpoint waiting time max</MultiLanguageText><MultiLanguageText Lang="de-DE">Sollwert maximale Wartezeit</MultiLanguageText></Comment></Member>
    <Member Name="SetpointMonitoringTimeGlobal" Datatype="Time" Remanence="NonRetain" Accessibility="Public"><AttributeList><BooleanAttribute Name="ExternalAccessible" SystemDefined="true">false</BooleanAttribute><BooleanAttribute Name="ExternalVisible" SystemDefined="true">false</BooleanAttribute><BooleanAttribute Name="ExternalWritable" SystemDefined="true">false</BooleanAttribute><BooleanAttribute Name="UserVisible" Informative="true" SystemDefined="true">true</BooleanAttribute><BooleanAttribute Name="UserReadOnly" Informative="true" SystemDefined="true">false</BooleanAttribute><BooleanAttribute Name="UserDeletable" Informative="true" SystemDefined="true">true</BooleanAttribute><BooleanAttribute Name="SetPoint" SystemDefined="true">false</BooleanAttribute></AttributeList><Comment><MultiLanguageText Lang="en-US">Setpoint monitoring time max</MultiLanguageText><MultiLanguageText Lang="de-DE">Sollwert maximale Überwachungszeit</MultiLanguageText></Comment></Member>
    <Member Name="RT_DATA" Datatype="G7_RTDataPlus_V4" Version="1.0" Remanence="Retain" Accessibility="Public"><AttributeList><BooleanAttribute Name="ExternalAccessible" SystemDefined="true">false</BooleanAttribute><BooleanAttribute Name="ExternalVisible" SystemDefined="true">false</BooleanAttribute><BooleanAttribute Name="ExternalWritable" SystemDefined="true">false</BooleanAttribute><BooleanAttribute Name="UserVisible" Informative="true" SystemDefined="true">true</BooleanAttribute><BooleanAttribute Name="UserReadOnly" Informative="true" SystemDefined="true">true</BooleanAttribute><BooleanAttribute Name="UserDeletable" Informative="true" SystemDefined="true">false</BooleanAttribute><BooleanAttribute Name="SetPoint" Informative="true" SystemDefined="true">true</BooleanAttribute></AttributeList><Comment Informative="true"><MultiLanguageText Lang="en-US">Internal data area</MultiLanguageText><MultiLanguageText Lang="de-DE">Interner Datenbereich</MultiLanguageText></Comment><Sections><Section Name="None"><Member Name="VERSION" Datatype="String[10]"><StartValue Informative="true">'V4.0'</StartValue></Member><Member Name="S_DISPLAY" Datatype="Int" /><Member Name="S_SEL_OLD" Datatype="Int" /><Member Name="S_DISPIDX" Datatype="USInt"><StartValue Informative="true">255</StartValue></Member><Member Name="T_DISPIDX" Datatype="USInt"><StartValue Informative="true">255</StartValue></Member><Member Name="MOP_EDGE" Datatype="G7_MOPPlus_V4" Version="1.0"><Sections><Section Name="None"><Member Name="AUTO" Datatype="Bool" /><Member Name="MAN" Datatype="Bool" /><Member Name="TAP" Datatype="Bool" /><Member Name="TOP" Datatype="Bool" /><Member Name="ACK_S" Datatype="Bool" /><Member Name="REG_S" Datatype="Bool" /><Member Name="T_PREV" Datatype="Bool" /><Member Name="T_NEXT" Datatype="Bool" /><Member Name="LOCK" Datatype="Bool" /><Member Name="SUP" Datatype="Bool" /><Member Name="ACKREQ" Datatype="Bool" /><Member Name="SSKIP" Datatype="Bool" /><Member Name="OFF" Datatype="Bool" /><Member Name="INIT" Datatype="Bool" /><Member Name="HALT" Datatype="Bool" /><Member Name="TMS_HALT" Datatype="Bool" /><Member Name="OPS_ZERO" Datatype="Bool" /><Member Name="SACT_DISP" Datatype="Bool" /><Member Name="SEF_DISP" Datatype="Bool" /><Member Name="SALL_DISP" Datatype="Bool" /><Member Name="S_PREV" Datatype="Bool" /><Member Name="S_NEXT" Datatype="Bool" /><Member Name="S_SELOK" Datatype="Bool" /><Member Name="S_ON" Datatype="Bool" /><Member Name="S_OFF" Datatype="Bool" /><Member Name="T_PUSH" Datatype="Bool" /><Member Name="REG" Datatype="Bool" /><Member Name="ACK" Datatype="Bool" /><Member Name="IL_PERM" Datatype="Bool" /><Member Name="T_PERM" Datatype="Bool" /><Member Name="ILP_MAN" Datatype="Bool" /><Member Name="LMODE" Datatype="Bool" /></Section></Sections></Member><Member Name="MOP" Datatype="G7_MOPPlus_V4" Version="1.0"><Sections><Section Name="None"><Member Name="AUTO" Datatype="Bool"><StartValue Informative="true">true</StartValue></Member><Member Name="MAN" Datatype="Bool" /><Member Name="TAP" Datatype="Bool" /><Member Name="TOP" Datatype="Bool" /><Member Name="ACK_S" Datatype="Bool" /><Member Name="REG_S" Datatype="Bool" /><Member Name="T_PREV" Datatype="Bool" /><Member Name="T_NEXT" Datatype="Bool" /><Member Name="LOCK" Datatype="Bool"><StartValue Informative="true">true</StartValue></Member><Member Name="SUP" Datatype="Bool"><StartValue Informative="true">true</StartValue></Member><Member Name="ACKREQ" Datatype="Bool" /><Member Name="SSKIP" Datatype="Bool" /><Member Name="OFF" Datatype="Bool" /><Member Name="INIT" Datatype="Bool"><StartValue Informative="true">true</StartValue></Member><Member Name="HALT" Datatype="Bool" /><Member Name="TMS_HALT" Datatype="Bool" /><Member Name="OPS_ZERO" Datatype="Bool" /><Member Name="SACT_DISP" Datatype="Bool"><StartValue Informative="true">true</StartValue></Member><Member Name="SEF_DISP" Datatype="Bool" /><Member Name="SALL_DISP" Datatype="Bool" /><Member Name="S_PREV" Datatype="Bool" /><Member Name="S_NEXT" Datatype="Bool" /><Member Name="S_SELOK" Datatype="Bool" /><Member Name="S_ON" Datatype="Bool" /><Member Name="S_OFF" Datatype="Bool" /><Member Name="T_PUSH" Datatype="Bool" /><Member Name="REG" Datatype="Bool" /><Member Name="ACK" Datatype="Bool" /><Member Name="IL_PERM" Datatype="Bool" /><Member Name="T_PERM" Datatype="Bool" /><Member Name="ILP_MAN" Datatype="Bool" /><Member Name="LMODE" Datatype="Bool" /></Section></Sections></Member><Member Name="TIME_DELTA" Datatype="Time" /><Member Name="SQ_FLAGS" Datatype="G7_SQFlagsPlus_V4" Version="1.0"><Sections><Section Name="None"><Member Name="ERR_FLT" Datatype="Bool" /><Member Name="ERROR" Datatype="Bool" /><Member Name="FAULT" Datatype="Bool" /><Member Name="RT_FAIL" Datatype="Bool" /><Member Name="NO_SNO" Datatype="Bool" /><Member Name="NF_OFL" Datatype="Bool" /><Member Name="SA_OFL" Datatype="Bool" /><Member Name="TV_OFL" Datatype="Bool" /><Member Name="NO_SWI" Datatype="Bool" /><Member Name="CYC_OP" Datatype="Bool" /><Member Name="AS_MSG" Datatype="Bool"><StartValue Informative="true">true</StartValue></Member><Member Name="SQ_BUSY" Datatype="Bool" /><Member Name="SA_BUSY" Datatype="Bool" /></Section></Sections></Member><Member Name="PRE_CNT" Datatype="USInt"><StartValue Informative="true">2</StartValue></Member><Member Name="POST_CNT" Datatype="USInt"><StartValue Informative="true">1</StartValue></Member><Member Name="SQ_CNT" Datatype="USInt"><StartValue Informative="true">1</StartValue></Member><Member Name="S_CNT" Datatype="USInt"><StartValue Informative="true">8</StartValue></Member><Member Name="LOCK_CNT" Datatype="USInt" /><Member Name="SUP_CNT" Datatype="USInt" /><Member Name="T_CNT" Datatype="USInt"><StartValue Informative="true">9</StartValue></Member><Member Name="SQ_PART_CNT" Datatype="USInt"><StartValue Informative="true">4</StartValue></Member><Member Name="MAX_TVAL" Datatype="USInt"><StartValue Informative="true">3</StartValue></Member><Member Name="MAX_SACT" Datatype="USInt"><StartValue Informative="true">1</StartValue></Member><Member Name="AS_MSG" Datatype="Byte"><StartValue Informative="true">16#65</StartValue></Member><Member Name="EXEC_BITS" Datatype="Array[0..249] of Bool" /><Member Name="OFFSETS" Datatype="G7_OffsetsPlus_V4" Version="1.0"><Sections><Section Name="None"><Member Name="SINI_OFFSET" Datatype="UInt" /><Member Name="LSTT_OFFSET" Datatype="UInt"><StartValue Informative="true">2</StartValue></Member><Member Name="ATAJ_OFFSET" Datatype="UInt"><StartValue Informative="true">11</StartValue></Member><Member Name="ATAB_OFFSET" Datatype="UInt"><StartValue Informative="true">20</StartValue></Member><Member Name="PSTT_OFFSET" Datatype="UInt"><StartValue Informative="true">29</StartValue></Member><Member Name="NSTT_OFFSET" Datatype="UInt"><StartValue Informative="true">38</StartValue></Member><Member Name="ASSJ_OFFSET" Datatype="UInt"><StartValue Informative="true">47</StartValue></Member><Member Name="ASSB_OFFSET" Datatype="UInt"><StartValue Informative="true">55</StartValue></Member><Member Name="PTTS_OFFSET" Datatype="UInt"><StartValue Informative="true">63</StartValue></Member><Member Name="NTTS_OFFSET" Datatype="UInt"><StartValue Informative="true">71</StartValue></Member><Member Name="SW_SQTS_OFFSET" Datatype="UInt"><StartValue Informative="true">79</StartValue></Member><Member Name="SWITCH_OFFSET" Datatype="UInt"><StartValue Informative="true">87</StartValue></Member><Member Name="TVX_OFFSET" Datatype="UInt"><StartValue Informative="true">89</StartValue></Member><Member Name="TTX_OFFSET" Datatype="UInt"><StartValue Informative="true">93</StartValue></Member><Member Name="TSX_OFFSET" Datatype="UInt"><StartValue Informative="true">97</StartValue></Member><Member Name="S00X_OFFSET" Datatype="UInt"><StartValue Informative="true">99</StartValue></Member><Member Name="SOFFX_OFFSET" Datatype="UInt"><StartValue Informative="true">101</StartValue></Member><Member Name="SONX_OFFSET" Datatype="UInt"><StartValue Informative="true">103</StartValue></Member><Member Name="SAX_OFFSET" Datatype="UInt"><StartValue Informative="true">105</StartValue></Member><Member Name="SERRX_OFFSET" Datatype="UInt"><StartValue Informative="true">107</StartValue></Member><Member Name="SMX_OFFSET" Datatype="UInt"><StartValue Informative="true">116</StartValue></Member><Member Name="S0X_OFFSET" Datatype="UInt"><StartValue Informative="true">125</StartValue></Member><Member Name="S1X_OFFSET" Datatype="UInt"><StartValue Informative="true">134</StartValue></Member></Section></Sections></Member><Member Name="THRESHOLD_SUP" Datatype="USInt" /><Member Name="THRESHOLD_WARN" Datatype="USInt" /><Member Name="GC_FLAGS" Datatype="G7_GCFlagsPlus_V4" Version="1.0"><Sections><Section Name="None"><Member Name="COND_ED" Datatype="USInt"><StartValue Informative="true">16#E2</StartValue></Member><Member Name="SSKIP_ON" Datatype="Bool" /><Member Name="ACK_REQ" Datatype="Bool" /><Member Name="ILP_MAN" Datatype="Bool" /><Member Name="SWM_LOCKED" Datatype="Bool" /><Member Name="SET_ENO" Datatype="Bool" /><Member Name="IL_REACT_CAT" Datatype="USInt"><StartValue Informative="true">1</StartValue></Member><Member Name="WARN_CAT" Datatype="USInt"><StartValue Informative="true">2</StartValue></Member><Member Name="CRIT_ON" Datatype="Bool" /></Section></Sections></Member></Section></Sections></Member>
    <Member Name="Startbedingung" Datatype="G7_TransitionPlus_V4" Version="1.0" Remanence="Retain" Accessibility="Public"><AttributeList><BooleanAttribute Name="ExternalAccessible" SystemDefined="true">false</BooleanAttribute><BooleanAttribute Name="ExternalVisible" SystemDefined="true">false</BooleanAttribute><BooleanAttribute Name="ExternalWritable" SystemDefined="true">false</BooleanAttribute><BooleanAttribute Name="UserVisible" Informative="true" SystemDefined="true">true</BooleanAttribute><BooleanAttribute Name="UserReadOnly" Informative="true" SystemDefined="true">true</BooleanAttribute><BooleanAttribute Name="UserDeletable" Informative="true" SystemDefined="true">false</BooleanAttribute><BooleanAttribute Name="SetPoint" Informative="true" SystemDefined="true">true</BooleanAttribute></AttributeList><Sections><Section Name="None"><Member Name="TV" Datatype="Bool" /><Member Name="TT" Datatype="Bool" /><Member Name="TS" Datatype="Bool" /><Member Name="TNO" Datatype="Int"><StartValue Informative="true">1</StartValue></Member><Member Name="CRIT" Datatype="DWord" /><Member Name="CRIT_OLD" Datatype="DWord" /><Member Name="CRIT_FLT" Datatype="DWord" /></Section></Sections></Member>
    <Member Name="GRD bearbeiten" Datatype="G7_TransitionPlus_V4" Version="1.0" Remanence="Retain" Accessibility="Public"><AttributeList><BooleanAttribute Name="ExternalAccessible" SystemDefined="true">false</BooleanAttribute><BooleanAttribute Name="ExternalVisible" SystemDefined="true">false</BooleanAttribute><BooleanAttribute Name="ExternalWritable" SystemDefined="true">false</BooleanAttribute><BooleanAttribute Name="UserVisible" Informative="true" SystemDefined="true">true</BooleanAttribute><BooleanAttribute Name="UserReadOnly" Informative="true" SystemDefined="true">true</BooleanAttribute><BooleanAttribute Name="UserDeletable" Informative="true" SystemDefined="true">false</BooleanAttribute><BooleanAttribute Name="SetPoint" Informative="true" SystemDefined="true">true</BooleanAttribute></AttributeList><Sections><Section Name="None"><Member Name="TV" Datatype="Bool" /><Member Name="TT" Datatype="Bool" /><Member Name="TS" Datatype="Bool" /><Member Name="TNO" Datatype="Int"><StartValue Informative="true">2</StartValue></Member><Member Name="CRIT" Datatype="DWord" /><Member Name="CRIT_OLD" Datatype="DWord" /><Member Name="CRIT_FLT" Datatype="DWord" /></Section></Sections></Member>
    <Member Name="020RB_200 In Position Ablegen BT1 in 130DT_008" Datatype="G7_TransitionPlus_V4" Version="1.0" Remanence="Retain" Accessibility="Public"><AttributeList><BooleanAttribute Name="ExternalAccessible" SystemDefined="true">false</BooleanAttribute><BooleanAttribute Name="ExternalVisible" SystemDefined="true">false</BooleanAttribute><BooleanAttribute Name="ExternalWritable" SystemDefined="true">false</BooleanAttribute><BooleanAttribute Name="UserVisible" Informative="true" SystemDefined="true">true</BooleanAttribute><BooleanAttribute Name="UserReadOnly" Informative="true" SystemDefined="true">true</BooleanAttribute><BooleanAttribute Name="UserDeletable" Informative="true" SystemDefined="true">false</BooleanAttribute><BooleanAttribute Name="SetPoint" Informative="true" SystemDefined="true">true</BooleanAttribute></AttributeList><Sections><Section Name="None"><Member Name="TV" Datatype="Bool" /><Member Name="TT" Datatype="Bool" /><Member Name="TS" Datatype="Bool" /><Member Name="TNO" Datatype="Int"><StartValue Informative="true">4</StartValue></Member><Member Name="CRIT" Datatype="DWord" /><Member Name="CRIT_OLD" Datatype="DWord" /><Member Name="CRIT_FLT" Datatype="DWord" /></Section></Sections></Member>
    <Member Name="020RB_200 Ausser Bereich Ablegen BT1 in 130DT_008" Datatype="G7_TransitionPlus_V4" Version="1.0" Remanence="Retain" Accessibility="Public"><AttributeList><BooleanAttribute Name="ExternalAccessible" SystemDefined="true">false</BooleanAttribute><BooleanAttribute Name="ExternalVisible" SystemDefined="true">false</BooleanAttribute><BooleanAttribute Name="ExternalWritable" SystemDefined="true">false</BooleanAttribute><BooleanAttribute Name="UserVisible" Informative="true" SystemDefined="true">true</BooleanAttribute><BooleanAttribute Name="UserReadOnly" Informative="true" SystemDefined="true">true</BooleanAttribute><BooleanAttribute Name="UserDeletable" Informative="true" SystemDefined="true">false</BooleanAttribute><BooleanAttribute Name="SetPoint" Informative="true" SystemDefined="true">true</BooleanAttribute></AttributeList><Sections><Section Name="None"><Member Name="TV" Datatype="Bool" /><Member Name="TT" Datatype="Bool" /><Member Name="TS" Datatype="Bool" /><Member Name="TNO" Datatype="Int"><StartValue Informative="true">5</StartValue></Member><Member Name="CRIT" Datatype="DWord" /><Member Name="CRIT_OLD" Datatype="DWord" /><Member Name="CRIT_FLT" Datatype="DWord" /></Section></Sections></Member>
    <Member Name="FM" Datatype="G7_TransitionPlus_V4" Version="1.0" Remanence="Retain" Accessibility="Public"><AttributeList><BooleanAttribute Name="ExternalAccessible" SystemDefined="true">false</BooleanAttribute><BooleanAttribute Name="ExternalVisible" SystemDefined="true">false</BooleanAttribute><BooleanAttribute Name="ExternalWritable" SystemDefined="true">false</BooleanAttribute><BooleanAttribute Name="UserVisible" Informative="true" SystemDefined="true">true</BooleanAttribute><BooleanAttribute Name="UserReadOnly" Informative="true" SystemDefined="true">true</BooleanAttribute><BooleanAttribute Name="UserDeletable" Informative="true" SystemDefined="true">false</BooleanAttribute><BooleanAttribute Name="SetPoint" Informative="true" SystemDefined="true">true</BooleanAttribute></AttributeList><Sections><Section Name="None"><Member Name="TV" Datatype="Bool" /><Member Name="TT" Datatype="Bool" /><Member Name="TS" Datatype="Bool" /><Member Name="TNO" Datatype="Int"><StartValue Informative="true">7</StartValue></Member><Member Name="CRIT" Datatype="DWord" /><Member Name="CRIT_OLD" Datatype="DWord" /><Member Name="CRIT_FLT" Datatype="DWord" /></Section></Sections></Member>
    <Member Name="GRD ausfördern" Datatype="G7_TransitionPlus_V4" Version="1.0" Remanence="Retain" Accessibility="Public"><AttributeList><BooleanAttribute Name="ExternalAccessible" SystemDefined="true">false</BooleanAttribute><BooleanAttribute Name="ExternalVisible" SystemDefined="true">false</BooleanAttribute><BooleanAttribute Name="ExternalWritable" SystemDefined="true">false</BooleanAttribute><BooleanAttribute Name="UserVisible" Informative="true" SystemDefined="true">true</BooleanAttribute><BooleanAttribute Name="UserReadOnly" Informative="true" SystemDefined="true">true</BooleanAttribute><BooleanAttribute Name="UserDeletable" Informative="true" SystemDefined="true">false</BooleanAttribute><BooleanAttribute Name="SetPoint" Informative="true" SystemDefined="true">true</BooleanAttribute></AttributeList><Sections><Section Name="None"><Member Name="TV" Datatype="Bool" /><Member Name="TT" Datatype="Bool" /><Member Name="TS" Datatype="Bool" /><Member Name="TNO" Datatype="Int"><StartValue Informative="true">8</StartValue></Member><Member Name="CRIT" Datatype="DWord" /><Member Name="CRIT_OLD" Datatype="DWord" /><Member Name="CRIT_FLT" Datatype="DWord" /></Section></Sections></Member>
    <Member Name="130RB_100 In Position Entnehmen BT1 aus 130DT_008" Datatype="G7_TransitionPlus_V4" Version="1.0" Remanence="Retain" Accessibility="Public"><AttributeList><BooleanAttribute Name="ExternalAccessible" SystemDefined="true">false</BooleanAttribute><BooleanAttribute Name="ExternalVisible" SystemDefined="true">false</BooleanAttribute><BooleanAttribute Name="ExternalWritable" SystemDefined="true">false</BooleanAttribute><BooleanAttribute Name="UserVisible" Informative="true" SystemDefined="true">true</BooleanAttribute><BooleanAttribute Name="UserReadOnly" Informative="true" SystemDefined="true">true</BooleanAttribute><BooleanAttribute Name="UserDeletable" Informative="true" SystemDefined="true">false</BooleanAttribute><BooleanAttribute Name="SetPoint" Informative="true" SystemDefined="true">true</BooleanAttribute></AttributeList><Sections><Section Name="None"><Member Name="TV" Datatype="Bool" /><Member Name="TT" Datatype="Bool" /><Member Name="TS" Datatype="Bool" /><Member Name="TNO" Datatype="Int"><StartValue Informative="true">9</StartValue></Member><Member Name="CRIT" Datatype="DWord" /><Member Name="CRIT_OLD" Datatype="DWord" /><Member Name="CRIT_FLT" Datatype="DWord" /></Section></Sections></Member>
    <Member Name="130RB_100 Ausser Bereich Entnehmen BT1 aus 130DT_008" Datatype="G7_TransitionPlus_V4" Version="1.0" Remanence="Retain" Accessibility="Public"><AttributeList><BooleanAttribute Name="ExternalAccessible" SystemDefined="true">false</BooleanAttribute><BooleanAttribute Name="ExternalVisible" SystemDefined="true">false</BooleanAttribute><BooleanAttribute Name="ExternalWritable" SystemDefined="true">false</BooleanAttribute><BooleanAttribute Name="UserVisible" Informative="true" SystemDefined="true">true</BooleanAttribute><BooleanAttribute Name="UserReadOnly" Informative="true" SystemDefined="true">true</BooleanAttribute><BooleanAttribute Name="UserDeletable" Informative="true" SystemDefined="true">false</BooleanAttribute><BooleanAttribute Name="SetPoint" Informative="true" SystemDefined="true">true</BooleanAttribute></AttributeList><Sections><Section Name="None"><Member Name="TV" Datatype="Bool" /><Member Name="TT" Datatype="Bool" /><Member Name="TS" Datatype="Bool" /><Member Name="TNO" Datatype="Int"><StartValue Informative="true">10</StartValue></Member><Member Name="CRIT" Datatype="DWord" /><Member Name="CRIT_OLD" Datatype="DWord" /><Member Name="CRIT_FLT" Datatype="DWord" /></Section></Sections></Member>
    <Member Name="Fertig" Datatype="G7_TransitionPlus_V4" Version="1.0" Remanence="Retain" Accessibility="Public"><AttributeList><BooleanAttribute Name="ExternalAccessible" SystemDefined="true">false</BooleanAttribute><BooleanAttribute Name="ExternalVisible" SystemDefined="true">false</BooleanAttribute><BooleanAttribute Name="ExternalWritable" SystemDefined="true">false</BooleanAttribute><BooleanAttribute Name="UserVisible" Informative="true" SystemDefined="true">true</BooleanAttribute><BooleanAttribute Name="UserReadOnly" Informative="true" SystemDefined="true">true</BooleanAttribute><BooleanAttribute Name="UserDeletable" Informative="true" SystemDefined="true">false</BooleanAttribute><BooleanAttribute Name="SetPoint" Informative="true" SystemDefined="true">true</BooleanAttribute></AttributeList><Sections><Section Name="None"><Member Name="TV" Datatype="Bool" /><Member Name="TT" Datatype="Bool" /><Member Name="TS" Datatype="Bool" /><Member Name="TNO" Datatype="Int"><StartValue Informative="true">11</StartValue></Member><Member Name="CRIT" Datatype="DWord" /><Member Name="CRIT_OLD" Datatype="DWord" /><Member Name="CRIT_FLT" Datatype="DWord" /></Section></Sections></Member>
    <Member Name="Initialschritt" Datatype="G7_StepPlus_V4" Version="1.0" Remanence="Retain" Accessibility="Public"><AttributeList><BooleanAttribute Name="ExternalAccessible" SystemDefined="true">false</BooleanAttribute><BooleanAttribute Name="ExternalVisible" SystemDefined="true">false</BooleanAttribute><BooleanAttribute Name="ExternalWritable" SystemDefined="true">false</BooleanAttribute><BooleanAttribute Name="UserVisible" Informative="true" SystemDefined="true">true</BooleanAttribute><BooleanAttribute Name="UserReadOnly" Informative="true" SystemDefined="true">true</BooleanAttribute><BooleanAttribute Name="UserDeletable" Informative="true" SystemDefined="true">false</BooleanAttribute><BooleanAttribute Name="SetPoint" Informative="true" SystemDefined="true">true</BooleanAttribute></AttributeList><Sections><Section Name="None"><Member Name="S1" Datatype="Bool" /><Member Name="L1" Datatype="Bool" /><Member Name="V1" Datatype="Bool" /><Member Name="R1" Datatype="Bool" /><Member Name="A1" Datatype="Bool" /><Member Name="S0" Datatype="Bool" /><Member Name="L0" Datatype="Bool" /><Member Name="V0" Datatype="Bool" /><Member Name="X" Datatype="Bool" /><Member Name="LA" Datatype="Bool" /><Member Name="VA" Datatype="Bool" /><Member Name="RA" Datatype="Bool" /><Member Name="AA" Datatype="Bool" /><Member Name="SS" Datatype="Bool" /><Member Name="LS" Datatype="Bool" /><Member Name="VS" Datatype="Bool" /><Member Name="SNO" Datatype="Int"><StartValue Informative="true">1</StartValue></Member><Member Name="T" Datatype="Time" /><Member Name="U" Datatype="Time" /><Member Name="T_MAX" Datatype="Time"><StartValue Informative="true">T#10S</StartValue></Member><Member Name="T_WARN" Datatype="Time"><StartValue Informative="true">T#7S</StartValue></Member><Member Name="CRIT_LOC" Datatype="DWord" /><Member Name="CRIT_LOC_ERR" Datatype="DWord" /><Member Name="SM" Datatype="Bool" /><Member Name="H_IL_ERR" Datatype="Byte" /><Member Name="H_SV_FLT" Datatype="Byte"><StartValue Informative="true">16#04</StartValue></Member></Section></Sections></Member>
    <Member Name="Grundstellung" Datatype="G7_StepPlus_V4" Version="1.0" Remanence="Retain" Accessibility="Public"><AttributeList><BooleanAttribute Name="ExternalAccessible" SystemDefined="true">false</BooleanAttribute><BooleanAttribute Name="ExternalVisible" SystemDefined="true">false</BooleanAttribute><BooleanAttribute Name="ExternalWritable" SystemDefined="true">false</BooleanAttribute><BooleanAttribute Name="UserVisible" Informative="true" SystemDefined="true">true</BooleanAttribute><BooleanAttribute Name="UserReadOnly" Informative="true" SystemDefined="true">true</BooleanAttribute><BooleanAttribute Name="UserDeletable" Informative="true" SystemDefined="true">false</BooleanAttribute><BooleanAttribute Name="SetPoint" Informative="true" SystemDefined="true">true</BooleanAttribute></AttributeList><Sections><Section Name="None"><Member Name="S1" Datatype="Bool" /><Member Name="L1" Datatype="Bool" /><Member Name="V1" Datatype="Bool" /><Member Name="R1" Datatype="Bool" /><Member Name="A1" Datatype="Bool" /><Member Name="S0" Datatype="Bool" /><Member Name="L0" Datatype="Bool" /><Member Name="V0" Datatype="Bool" /><Member Name="X" Datatype="Bool" /><Member Name="LA" Datatype="Bool" /><Member Name="VA" Datatype="Bool" /><Member Name="RA" Datatype="Bool" /><Member Name="AA" Datatype="Bool" /><Member Name="SS" Datatype="Bool" /><Member Name="LS" Datatype="Bool" /><Member Name="VS" Datatype="Bool" /><Member Name="SNO" Datatype="Int"><StartValue Informative="true">2</StartValue></Member><Member Name="T" Datatype="Time" /><Member Name="U" Datatype="Time" /><Member Name="T_MAX" Datatype="Time"><StartValue Informative="true">T#10S</StartValue></Member><Member Name="T_WARN" Datatype="Time"><StartValue Informative="true">T#7S</StartValue></Member><Member Name="CRIT_LOC" Datatype="DWord" /><Member Name="CRIT_LOC_ERR" Datatype="DWord" /><Member Name="SM" Datatype="Bool" /><Member Name="H_IL_ERR" Datatype="Byte" /><Member Name="H_SV_FLT" Datatype="Byte"><StartValue Informative="true">16#04</StartValue></Member></Section></Sections></Member>
    <Member Name="Anforderung 020RB_200 FRG Einf. Ablegen BT1 in 130DT_008" Datatype="G7_StepPlus_V4" Version="1.0" Remanence="Retain" Accessibility="Public"><AttributeList><BooleanAttribute Name="ExternalAccessible" SystemDefined="true">false</BooleanAttribute><BooleanAttribute Name="ExternalVisible" SystemDefined="true">false</BooleanAttribute><BooleanAttribute Name="ExternalWritable" SystemDefined="true">false</BooleanAttribute><BooleanAttribute Name="UserVisible" Informative="true" SystemDefined="true">true</BooleanAttribute><BooleanAttribute Name="UserReadOnly" Informative="true" SystemDefined="true">true</BooleanAttribute><BooleanAttribute Name="UserDeletable" Informative="true" SystemDefined="true">false</BooleanAttribute><BooleanAttribute Name="SetPoint" Informative="true" SystemDefined="true">true</BooleanAttribute></AttributeList><Sections><Section Name="None"><Member Name="S1" Datatype="Bool" /><Member Name="L1" Datatype="Bool" /><Member Name="V1" Datatype="Bool" /><Member Name="R1" Datatype="Bool" /><Member Name="A1" Datatype="Bool" /><Member Name="S0" Datatype="Bool" /><Member Name="L0" Datatype="Bool" /><Member Name="V0" Datatype="Bool" /><Member Name="X" Datatype="Bool" /><Member Name="LA" Datatype="Bool" /><Member Name="VA" Datatype="Bool" /><Member Name="RA" Datatype="Bool" /><Member Name="AA" Datatype="Bool" /><Member Name="SS" Datatype="Bool" /><Member Name="LS" Datatype="Bool" /><Member Name="VS" Datatype="Bool" /><Member Name="SNO" Datatype="Int"><StartValue Informative="true">4</StartValue></Member><Member Name="T" Datatype="Time" /><Member Name="U" Datatype="Time" /><Member Name="T_MAX" Datatype="Time"><StartValue Informative="true">T#10S</StartValue></Member><Member Name="T_WARN" Datatype="Time"><StartValue Informative="true">T#7S</StartValue></Member><Member Name="CRIT_LOC" Datatype="DWord" /><Member Name="CRIT_LOC_ERR" Datatype="DWord" /><Member Name="SM" Datatype="Bool" /><Member Name="H_IL_ERR" Datatype="Byte" /><Member Name="H_SV_FLT" Datatype="Byte"><StartValue Informative="true">16#04</StartValue></Member></Section></Sections></Member>
    <Member Name="Anforderung 020RB_200 FRG Ausf. ohne Teil aus 130DT_008" Datatype="G7_StepPlus_V4" Version="1.0" Remanence="Retain" Accessibility="Public"><AttributeList><BooleanAttribute Name="ExternalAccessible" SystemDefined="true">false</BooleanAttribute><BooleanAttribute Name="ExternalVisible" SystemDefined="true">false</BooleanAttribute><BooleanAttribute Name="ExternalWritable" SystemDefined="true">false</BooleanAttribute><BooleanAttribute Name="UserVisible" Informative="true" SystemDefined="true">true</BooleanAttribute><BooleanAttribute Name="UserReadOnly" Informative="true" SystemDefined="true">true</BooleanAttribute><BooleanAttribute Name="UserDeletable" Informative="true" SystemDefined="true">false</BooleanAttribute><BooleanAttribute Name="SetPoint" Informative="true" SystemDefined="true">true</BooleanAttribute></AttributeList><Sections><Section Name="None"><Member Name="S1" Datatype="Bool" /><Member Name="L1" Datatype="Bool" /><Member Name="V1" Datatype="Bool" /><Member Name="R1" Datatype="Bool" /><Member Name="A1" Datatype="Bool" /><Member Name="S0" Datatype="Bool" /><Member Name="L0" Datatype="Bool" /><Member Name="V0" Datatype="Bool" /><Member Name="X" Datatype="Bool" /><Member Name="LA" Datatype="Bool" /><Member Name="VA" Datatype="Bool" /><Member Name="RA" Datatype="Bool" /><Member Name="AA" Datatype="Bool" /><Member Name="SS" Datatype="Bool" /><Member Name="LS" Datatype="Bool" /><Member Name="VS" Datatype="Bool" /><Member Name="SNO" Datatype="Int"><StartValue Informative="true">5</StartValue></Member><Member Name="T" Datatype="Time" /><Member Name="U" Datatype="Time" /><Member Name="T_MAX" Datatype="Time"><StartValue Informative="true">T#10S</StartValue></Member><Member Name="T_WARN" Datatype="Time"><StartValue Informative="true">T#7S</StartValue></Member><Member Name="CRIT_LOC" Datatype="DWord" /><Member Name="CRIT_LOC_ERR" Datatype="DWord" /><Member Name="SM" Datatype="Bool" /><Member Name="H_IL_ERR" Datatype="Byte" /><Member Name="H_SV_FLT" Datatype="Byte"><StartValue Informative="true">16#04</StartValue></Member></Section></Sections></Member>
    <Member Name="Fertigmeldung" Datatype="G7_StepPlus_V4" Version="1.0" Remanence="Retain" Accessibility="Public"><AttributeList><BooleanAttribute Name="ExternalAccessible" SystemDefined="true">false</BooleanAttribute><BooleanAttribute Name="ExternalVisible" SystemDefined="true">false</BooleanAttribute><BooleanAttribute Name="ExternalWritable" SystemDefined="true">false</BooleanAttribute><BooleanAttribute Name="UserVisible" Informative="true" SystemDefined="true">true</BooleanAttribute><BooleanAttribute Name="UserReadOnly" Informative="true" SystemDefined="true">true</BooleanAttribute><BooleanAttribute Name="UserDeletable" Informative="true" SystemDefined="true">false</BooleanAttribute><BooleanAttribute Name="SetPoint" Informative="true" SystemDefined="true">true</BooleanAttribute></AttributeList><Sections><Section Name="None"><Member Name="S1" Datatype="Bool" /><Member Name="L1" Datatype="Bool" /><Member Name="V1" Datatype="Bool" /><Member Name="R1" Datatype="Bool" /><Member Name="A1" Datatype="Bool" /><Member Name="S0" Datatype="Bool" /><Member Name="L0" Datatype="Bool" /><Member Name="V0" Datatype="Bool" /><Member Name="X" Datatype="Bool" /><Member Name="LA" Datatype="Bool" /><Member Name="VA" Datatype="Bool" /><Member Name="RA" Datatype="Bool" /><Member Name="AA" Datatype="Bool" /><Member Name="SS" Datatype="Bool" /><Member Name="LS" Datatype="Bool" /><Member Name="VS" Datatype="Bool" /><Member Name="SNO" Datatype="Int"><StartValue Informative="true">7</StartValue></Member><Member Name="T" Datatype="Time" /><Member Name="U" Datatype="Time" /><Member Name="T_MAX" Datatype="Time"><StartValue Informative="true">T#10S</StartValue></Member><Member Name="T_WARN" Datatype="Time"><StartValue Informative="true">T#7S</StartValue></Member><Member Name="CRIT_LOC" Datatype="DWord" /><Member Name="CRIT_LOC_ERR" Datatype="DWord" /><Member Name="SM" Datatype="Bool" /><Member Name="H_IL_ERR" Datatype="Byte" /><Member Name="H_SV_FLT" Datatype="Byte"><StartValue Informative="true">16#04</StartValue></Member></Section></Sections></Member>
    <Member Name="Anforderung 130RB_100 FRG Einf. Entnehmen BT1 aus 130DT_008" Datatype="G7_StepPlus_V4" Version="1.0" Remanence="Retain" Accessibility="Public"><AttributeList><BooleanAttribute Name="ExternalAccessible" SystemDefined="true">false</BooleanAttribute><BooleanAttribute Name="ExternalVisible" SystemDefined="true">false</BooleanAttribute><BooleanAttribute Name="ExternalWritable" SystemDefined="true">false</BooleanAttribute><BooleanAttribute Name="UserVisible" Informative="true" SystemDefined="true">true</BooleanAttribute><BooleanAttribute Name="UserReadOnly" Informative="true" SystemDefined="true">true</BooleanAttribute><BooleanAttribute Name="UserDeletable" Informative="true" SystemDefined="true">false</BooleanAttribute><BooleanAttribute Name="SetPoint" Informative="true" SystemDefined="true">true</BooleanAttribute></AttributeList><Sections><Section Name="None"><Member Name="S1" Datatype="Bool" /><Member Name="L1" Datatype="Bool" /><Member Name="V1" Datatype="Bool" /><Member Name="R1" Datatype="Bool" /><Member Name="A1" Datatype="Bool" /><Member Name="S0" Datatype="Bool" /><Member Name="L0" Datatype="Bool" /><Member Name="V0" Datatype="Bool" /><Member Name="X" Datatype="Bool" /><Member Name="LA" Datatype="Bool" /><Member Name="VA" Datatype="Bool" /><Member Name="RA" Datatype="Bool" /><Member Name="AA" Datatype="Bool" /><Member Name="SS" Datatype="Bool" /><Member Name="LS" Datatype="Bool" /><Member Name="VS" Datatype="Bool" /><Member Name="SNO" Datatype="Int"><StartValue Informative="true">9</StartValue></Member><Member Name="T" Datatype="Time" /><Member Name="U" Datatype="Time" /><Member Name="T_MAX" Datatype="Time"><StartValue Informative="true">T#10S</StartValue></Member><Member Name="T_WARN" Datatype="Time"><StartValue Informative="true">T#7S</StartValue></Member><Member Name="CRIT_LOC" Datatype="DWord" /><Member Name="CRIT_LOC_ERR" Datatype="DWord" /><Member Name="SM" Datatype="Bool" /><Member Name="H_IL_ERR" Datatype="Byte" /><Member Name="H_SV_FLT" Datatype="Byte"><StartValue Informative="true">16#04</StartValue></Member></Section></Sections></Member>
    <Member Name="Anforderung 130RB_100 FRG Ausf. mit BT1 aus 130DT_008" Datatype="G7_StepPlus_V4" Version="1.0" Remanence="Retain" Accessibility="Public"><AttributeList><BooleanAttribute Name="ExternalAccessible" SystemDefined="true">false</BooleanAttribute><BooleanAttribute Name="ExternalVisible" SystemDefined="true">false</BooleanAttribute><BooleanAttribute Name="ExternalWritable" SystemDefined="true">false</BooleanAttribute><BooleanAttribute Name="UserVisible" Informative="true" SystemDefined="true">true</BooleanAttribute><BooleanAttribute Name="UserReadOnly" Informative="true" SystemDefined="true">true</BooleanAttribute><BooleanAttribute Name="UserDeletable" Informative="true" SystemDefined="true">false</BooleanAttribute><BooleanAttribute Name="SetPoint" Informative="true" SystemDefined="true">true</BooleanAttribute></AttributeList><Sections><Section Name="None"><Member Name="S1" Datatype="Bool" /><Member Name="L1" Datatype="Bool" /><Member Name="V1" Datatype="Bool" /><Member Name="R1" Datatype="Bool" /><Member Name="A1" Datatype="Bool" /><Member Name="S0" Datatype="Bool" /><Member Name="L0" Datatype="Bool" /><Member Name="V0" Datatype="Bool" /><Member Name="X" Datatype="Bool" /><Member Name="LA" Datatype="Bool" /><Member Name="VA" Datatype="Bool" /><Member Name="RA" Datatype="Bool" /><Member Name="AA" Datatype="Bool" /><Member Name="SS" Datatype="Bool" /><Member Name="LS" Datatype="Bool" /><Member Name="VS" Datatype="Bool" /><Member Name="SNO" Datatype="Int"><StartValue Informative="true">10</StartValue></Member><Member Name="T" Datatype="Time" /><Member Name="U" Datatype="Time" /><Member Name="T_MAX" Datatype="Time"><StartValue Informative="true">T#10S</StartValue></Member><Member Name="T_WARN" Datatype="Time"><StartValue Informative="true">T#7S</StartValue></Member><Member Name="CRIT_LOC" Datatype="DWord" /><Member Name="CRIT_LOC_ERR" Datatype="DWord" /><Member Name="SM" Datatype="Bool" /><Member Name="H_IL_ERR" Datatype="Byte" /><Member Name="H_SV_FLT" Datatype="Byte"><StartValue Informative="true">16#04</StartValue></Member></Section></Sections></Member>
    <Member Name="Ablauf beendet..." Datatype="G7_StepPlus_V4" Version="1.0" Remanence="Retain" Accessibility="Public"><AttributeList><BooleanAttribute Name="ExternalAccessible" SystemDefined="true">false</BooleanAttribute><BooleanAttribute Name="ExternalVisible" SystemDefined="true">false</BooleanAttribute><BooleanAttribute Name="ExternalWritable" SystemDefined="true">false</BooleanAttribute><BooleanAttribute Name="UserVisible" Informative="true" SystemDefined="true">true</BooleanAttribute><BooleanAttribute Name="UserReadOnly" Informative="true" SystemDefined="true">true</BooleanAttribute><BooleanAttribute Name="UserDeletable" Informative="true" SystemDefined="true">false</BooleanAttribute><BooleanAttribute Name="SetPoint" Informative="true" SystemDefined="true">true</BooleanAttribute></AttributeList><Sections><Section Name="None"><Member Name="S1" Datatype="Bool" /><Member Name="L1" Datatype="Bool" /><Member Name="V1" Datatype="Bool" /><Member Name="R1" Datatype="Bool" /><Member Name="A1" Datatype="Bool" /><Member Name="S0" Datatype="Bool" /><Member Name="L0" Datatype="Bool" /><Member Name="V0" Datatype="Bool" /><Member Name="X" Datatype="Bool" /><Member Name="LA" Datatype="Bool" /><Member Name="VA" Datatype="Bool" /><Member Name="RA" Datatype="Bool" /><Member Name="AA" Datatype="Bool" /><Member Name="SS" Datatype="Bool" /><Member Name="LS" Datatype="Bool" /><Member Name="VS" Datatype="Bool" /><Member Name="SNO" Datatype="Int"><StartValue Informative="true">11</StartValue></Member><Member Name="T" Datatype="Time" /><Member Name="U" Datatype="Time" /><Member Name="T_MAX" Datatype="Time"><StartValue Informative="true">T#10S</StartValue></Member><Member Name="T_WARN" Datatype="Time"><StartValue Informative="true">T#7S</StartValue></Member><Member Name="CRIT_LOC" Datatype="DWord" /><Member Name="CRIT_LOC_ERR" Datatype="DWord" /><Member Name="SM" Datatype="Bool" /><Member Name="H_IL_ERR" Datatype="Byte" /><Member Name="H_SV_FLT" Datatype="Byte"><StartValue Informative="true">16#04</StartValue></Member></Section></Sections></Member>
  </Section>
  <Section Name="Temp" />
  <Section Name="Constant" />
</Sections></Interface>
      <InterfaceModifiedDate ReadOnly="true">2023-06-23T16:10:34.8018505Z</InterfaceModifiedDate>
      <IsConsistent ReadOnly="true">true</IsConsistent>
      <IsIECCheckEnabled>false</IsIECCheckEnabled>
      <IsKnowHowProtected ReadOnly="true">false</IsKnowHowProtected>
      <ISMultiInstanceCapable ReadOnly="true">false</ISMultiInstanceCapable>
      <IsWriteProtected ReadOnly="true">false</IsWriteProtected>
      <LanguageInNetworks>FBD</LanguageInNetworks>
      <LibraryConformanceStatus ReadOnly="true">Warning: The object contains access to global data blocks.
Warning: The block contains direct access to inputs, outputs, bit memories, indirect access to the registry or indirect access to external memory areas that are unknown at the time of compilation.
</LibraryConformanceStatus>
      <LockOperatingMode>false</LockOperatingMode>
      <MemoryLayout ReadOnly="true">Optimized</MemoryLayout>
      <ModifiedDate ReadOnly="true">2023-07-10T08:48:46.9714695Z</ModifiedDate>
      <Name>130XSK001_130DT_008_Ablaufkette</Name>
      <Number>2</Number>
      <ParameterModified ReadOnly="true">2023-06-23T13:45:15.4255097Z</ParameterModified>
      <PermanentILProcessingInMANMode>false</PermanentILProcessingInMANMode>
      <PLCSimAdvancedSupport ReadOnly="true">true</PLCSimAdvancedSupport>
      <ProgrammingLanguage>GRAPH</ProgrammingLanguage>
      <SetENOAutomatically>false</SetENOAutomatically>
      <SkipSteps>false</SkipSteps>
      <StructureModified ReadOnly="true">2023-06-23T16:10:34.8018505Z</StructureModified>
      <UDABlockProperties />
      <UDAEnableTagReadback>false</UDAEnableTagReadback>
      <WithAlarmHandling>true</WithAlarmHandling>
    </AttributeList>
    <ObjectList>
      <MultilingualText ID="1" CompositionName="Comment">
        <ObjectList>
          <MultilingualTextItem ID="2" CompositionName="Items">
            <AttributeList>
              <Culture>en-US</Culture>
              <Text>Startup with GRAPH-FB V4.0</Text>
            </AttributeList>
          </MultilingualTextItem>
          <MultilingualTextItem ID="3" CompositionName="Items">
            <AttributeList>
              <Culture>de-DE</Culture>
              <Text />
            </AttributeList>
          </MultilingualTextItem>
        </ObjectList>
      </MultilingualText>
      <SW.Blocks.CompileUnit ID="4" CompositionName="CompileUnits">
        <AttributeList>
          <NetworkSource><Graph xmlns="http://www.siemens.com/automation/Openness/SW/NetworkSource/Graph/v5">
  <PreOperations>
    <Comment>
      <MultiLanguageText Lang="en-US">Main parameterization for every sequence</MultiLanguageText>
      <MultiLanguageText Lang="de-DE">Grundparametrierung für jede Ablaufkette</MultiLanguageText>
    </Comment>
    <PermanentOperation ProgrammingLanguage="FBD">
      <Title>
        <MultiLanguageText Lang="en-US">Transfer waiting time global</MultiLanguageText>
        <MultiLanguageText Lang="de-DE">Übergabe Wartezeit global</MultiLanguageText>
      </Title>
      <FlgNet>
        <Parts>
          <Access Scope="LocalVariable" UId="21">
            <IntegerAttribute Name="NumBLs" Informative="true">5</IntegerAttribute>
            <Symbol>
              <Component Name="GRAPH" />
              <Component Name="Extension" />
              <Component Name="SetpointWaitingTimeGlobal" />
            </Symbol>
          </Access>
          <Access Scope="LocalVariable" UId="22">
            <IntegerAttribute Name="NumBLs" Informative="true">5</IntegerAttribute>
            <Symbol>
              <Component Name="SetpointWaitingTimeGlobal" />
            </Symbol>
          </Access>
          <Part Name="Move" UId="23" DisabledENO="true">
            <TemplateValue Name="Card" Type="Cardinality">1</TemplateValue>
          </Part>
        </Parts>
        <Wires>
          <Wire UId="25">
            <OpenCon UId="24" />
            <NameCon UId="23" Name="en" />
          </Wire>
          <Wire UId="26">
            <IdentCon UId="21" />
            <NameCon UId="23" Name="in" />
          </Wire>
          <Wire UId="27">
            <NameCon UId="23" Name="out1" />
            <IdentCon UId="22" />
          </Wire>
        </Wires>
      </FlgNet>
    </PermanentOperation>
    <PermanentOperation ProgrammingLanguage="FBD">
      <Title>
        <MultiLanguageText Lang="en-US">Transfer monitoring time global</MultiLanguageText>
        <MultiLanguageText Lang="de-DE">Übergabe Überwachungszeit global</MultiLanguageText>
      </Title>
      <FlgNet>
        <Parts>
          <Access Scope="LocalVariable" UId="21">
            <IntegerAttribute Name="NumBLs" Informative="true">5</IntegerAttribute>
            <Symbol>
              <Component Name="GRAPH" />
              <Component Name="Extension" />
              <Component Name="SetpointMonitoringTimeGlobal" />
            </Symbol>
          </Access>
          <Access Scope="LocalVariable" UId="22">
            <IntegerAttribute Name="NumBLs" Informative="true">5</IntegerAttribute>
            <Symbol>
              <Component Name="SetpointMonitoringTimeGlobal" />
            </Symbol>
          </Access>
          <Part Name="Move" UId="23" DisabledENO="true">
            <TemplateValue Name="Card" Type="Cardinality">1</TemplateValue>
          </Part>
        </Parts>
        <Wires>
          <Wire UId="25">
            <OpenCon UId="24" />
            <NameCon UId="23" Name="en" />
          </Wire>
          <Wire UId="26">
            <IdentCon UId="21" />
            <NameCon UId="23" Name="in" />
          </Wire>
          <Wire UId="27">
            <NameCon UId="23" Name="out1" />
            <IdentCon UId="22" />
          </Wire>
        </Wires>
      </FlgNet>
    </PermanentOperation>
  </PreOperations>
  <Sequence>
    <Title />
    <Comment>
      <MultiLanguageText Lang="en-US" />
      <MultiLanguageText Lang="de-DE" />
    </Comment>
    <Steps>
      <Step Number="1" Init="true" Name="Initialschritt" MaximumStepTime="T#10S" WarningTime="T#7S">
        <Actions>
          <Action Qualifier="N">
            <Token Text=" " />
            <Token Text="&quot;DB_ACTIONS_130XSK001&quot;.A_INI" />
            <Token Text="&#xA;" />
          </Action>
          <Action />
        </Actions>
        <Supervisions>
          <Supervision ProgrammingLanguage="LAD">
            <FlgNet>
              <Parts>
                <Part Name="SvCoil" UId="21" />
              </Parts>
              <Wires>
                <Wire UId="22">
                  <Powerrail />
                  <NameCon UId="21" Name="in" />
                </Wire>
              </Wires>
            </FlgNet>
          </Supervision>
        </Supervisions>
        <Interlocks>
          <Interlock ProgrammingLanguage="LAD">
            <FlgNet>
              <Parts>
                <Part Name="IlCoil" UId="21" />
              </Parts>
              <Wires>
                <Wire UId="22">
                  <Powerrail />
                  <NameCon UId="21" Name="in" />
                </Wire>
              </Wires>
            </FlgNet>
          </Interlock>
        </Interlocks>
      </Step>
      <Step Number="2" Init="false" Name="Grundstellung" MaximumStepTime="T#10S" WarningTime="T#7S">
        <Actions>
          <Action Qualifier="N">
            <Token Text=" " />
            <Token Text="&quot;DB_ACTIONS_130XSK001&quot;.A_GRD" />
            <Token Text="&#xA;" />
          </Action>
          <Action />
        </Actions>
        <Supervisions>
          <Supervision ProgrammingLanguage="LAD">
            <FlgNet>
              <Parts>
                <Part Name="SvCoil" UId="21" />
              </Parts>
              <Wires>
                <Wire UId="22">
                  <Powerrail />
                  <NameCon UId="21" Name="in" />
                </Wire>
              </Wires>
            </FlgNet>
          </Supervision>
        </Supervisions>
        <Interlocks>
          <Interlock ProgrammingLanguage="LAD">
            <FlgNet>
              <Parts>
                <Part Name="IlCoil" UId="21" />
              </Parts>
              <Wires>
                <Wire UId="22">
                  <Powerrail />
                  <NameCon UId="21" Name="in" />
                </Wire>
              </Wires>
            </FlgNet>
          </Interlock>
        </Interlocks>
      </Step>
      <Step Number="4" Init="false" Name="Anforderung 020RB_200 FRG Einf. Ablegen BT1 in 130DT_008" MaximumStepTime="T#10S" WarningTime="T#7S">
        <Actions>
          <Action Qualifier="N">
            <Token Text=" " />
            <Token Text="&quot;DB_ACTIONS_130XSK001&quot;.&quot;A_020RB_200 Frg I0147&quot;" />
            <Token Text="&#xA;" />
          </Action>
          <Action />
        </Actions>
        <Supervisions>
          <Supervision ProgrammingLanguage="LAD">
            <FlgNet>
              <Parts>
                <Part Name="SvCoil" UId="21" />
              </Parts>
              <Wires>
                <Wire UId="22">
                  <Powerrail />
                  <NameCon UId="21" Name="in" />
                </Wire>
              </Wires>
            </FlgNet>
          </Supervision>
        </Supervisions>
        <Interlocks>
          <Interlock ProgrammingLanguage="LAD">
            <FlgNet>
              <Parts>
                <Part Name="IlCoil" UId="21" />
              </Parts>
              <Wires>
                <Wire UId="22">
                  <Powerrail />
                  <NameCon UId="21" Name="in" />
                </Wire>
              </Wires>
            </FlgNet>
          </Interlock>
        </Interlocks>
      </Step>
      <Step Number="5" Init="false" Name="Anforderung 020RB_200 FRG Ausf. ohne Teil aus 130DT_008" MaximumStepTime="T#10S" WarningTime="T#7S">
        <Actions>
          <Action Qualifier="N">
            <Token Text=" " />
            <Token Text="&quot;DB_ACTIONS_130XSK001&quot;.&quot;A_020RB_200 Frg I0148&quot;" />
            <Token Text="&#xA;" />
          </Action>
          <Action />
        </Actions>
        <Supervisions>
          <Supervision ProgrammingLanguage="LAD">
            <FlgNet>
              <Parts>
                <Part Name="SvCoil" UId="21" />
              </Parts>
              <Wires>
                <Wire UId="22">
                  <Powerrail />
                  <NameCon UId="21" Name="in" />
                </Wire>
              </Wires>
            </FlgNet>
          </Supervision>
        </Supervisions>
        <Interlocks>
          <Interlock ProgrammingLanguage="LAD">
            <FlgNet>
              <Parts>
                <Part Name="IlCoil" UId="21" />
              </Parts>
              <Wires>
                <Wire UId="22">
                  <Powerrail />
                  <NameCon UId="21" Name="in" />
                </Wire>
              </Wires>
            </FlgNet>
          </Interlock>
        </Interlocks>
      </Step>
      <Step Number="7" Init="false" Name="Fertigmeldung" MaximumStepTime="T#10S" WarningTime="T#7S">
        <Actions>
          <Action Qualifier="N">
            <Token Text=" " />
            <Token Text="&quot;DB_ACTIONS_130XSK001&quot;.A_FM" />
            <Token Text="&#xA;" />
          </Action>
          <Action />
        </Actions>
        <Supervisions>
          <Supervision ProgrammingLanguage="LAD">
            <FlgNet>
              <Parts>
                <Part Name="SvCoil" UId="21" />
              </Parts>
              <Wires>
                <Wire UId="22">
                  <Powerrail />
                  <NameCon UId="21" Name="in" />
                </Wire>
              </Wires>
            </FlgNet>
          </Supervision>
        </Supervisions>
        <Interlocks>
          <Interlock ProgrammingLanguage="LAD">
            <FlgNet>
              <Parts>
                <Part Name="IlCoil" UId="21" />
              </Parts>
              <Wires>
                <Wire UId="22">
                  <Powerrail />
                  <NameCon UId="21" Name="in" />
                </Wire>
              </Wires>
            </FlgNet>
          </Interlock>
        </Interlocks>
      </Step>
      <Step Number="9" Init="false" Name="Anforderung 130RB_100 FRG Einf. Entnehmen BT1 aus 130DT_008" MaximumStepTime="T#10S" WarningTime="T#7S">
        <Actions>
          <Action Qualifier="N">
            <Token Text=" " />
            <Token Text="&quot;DB_ACTIONS_130XSK001&quot;.&quot;A_130RB_100 Frg I0121&quot;" />
            <Token Text="&#xA;" />
          </Action>
          <Action />
        </Actions>
        <Supervisions>
          <Supervision ProgrammingLanguage="LAD">
            <FlgNet>
              <Parts>
                <Part Name="SvCoil" UId="21" />
              </Parts>
              <Wires>
                <Wire UId="22">
                  <Powerrail />
                  <NameCon UId="21" Name="in" />
                </Wire>
              </Wires>
            </FlgNet>
          </Supervision>
        </Supervisions>
        <Interlocks>
          <Interlock ProgrammingLanguage="LAD">
            <FlgNet>
              <Parts>
                <Part Name="IlCoil" UId="21" />
              </Parts>
              <Wires>
                <Wire UId="22">
                  <Powerrail />
                  <NameCon UId="21" Name="in" />
                </Wire>
              </Wires>
            </FlgNet>
          </Interlock>
        </Interlocks>
      </Step>
      <Step Number="10" Init="false" Name="Anforderung 130RB_100 FRG Ausf. mit BT1 aus 130DT_008" MaximumStepTime="T#10S" WarningTime="T#7S">
        <Actions>
          <Action Qualifier="N">
            <Token Text=" " />
            <Token Text="&quot;DB_ACTIONS_130XSK001&quot;.&quot;A_130RB_100 Frg I0122&quot;" />
            <Token Text="&#xA;" />
          </Action>
          <Action />
        </Actions>
        <Supervisions>
          <Supervision ProgrammingLanguage="LAD">
            <FlgNet>
              <Parts>
                <Part Name="SvCoil" UId="21" />
              </Parts>
              <Wires>
                <Wire UId="22">
                  <Powerrail />
                  <NameCon UId="21" Name="in" />
                </Wire>
              </Wires>
            </FlgNet>
          </Supervision>
        </Supervisions>
        <Interlocks>
          <Interlock ProgrammingLanguage="LAD">
            <FlgNet>
              <Parts>
                <Part Name="IlCoil" UId="21" />
              </Parts>
              <Wires>
                <Wire UId="22">
                  <Powerrail />
                  <NameCon UId="21" Name="in" />
                </Wire>
              </Wires>
            </FlgNet>
          </Interlock>
        </Interlocks>
      </Step>
      <Step Number="11" Init="false" Name="Ablauf beendet..." MaximumStepTime="T#10S" WarningTime="T#7S">
        <Actions>
          <Action Qualifier="N">
            <Token Text=" " />
            <Token Text="&quot;DB_ACTIONS_130XSK001&quot;.A_Dummy" />
            <Token Text="&#xA;" />
          </Action>
          <Action />
        </Actions>
        <Supervisions>
          <Supervision ProgrammingLanguage="LAD">
            <FlgNet>
              <Parts>
                <Part Name="SvCoil" UId="21" />
              </Parts>
              <Wires>
                <Wire UId="22">
                  <Powerrail />
                  <NameCon UId="21" Name="in" />
                </Wire>
              </Wires>
            </FlgNet>
          </Supervision>
        </Supervisions>
        <Interlocks>
          <Interlock ProgrammingLanguage="LAD">
            <FlgNet>
              <Parts>
                <Part Name="IlCoil" UId="21" />
              </Parts>
              <Wires>
                <Wire UId="22">
                  <Powerrail />
                  <NameCon UId="21" Name="in" />
                </Wire>
              </Wires>
            </FlgNet>
          </Interlock>
        </Interlocks>
      </Step>
    </Steps>
    <Transitions>
      <Transition IsMissing="false" Name="Startbedingung" Number="1" ProgrammingLanguage="FBD">
        <FlgNet>
          <Parts>
            <Access Scope="GlobalVariable" UId="21">
              <IntegerAttribute Name="NumBLs" Informative="true">5</IntegerAttribute>
              <Symbol>
                <Component Name="COM0" />
                <Address Area="Memory" Type="Bool" BitOffset="32" Informative="true" />
              </Symbol>
            </Access>
            <Part Name="A" UId="22">
              <TemplateValue Name="Card" Type="Cardinality">1</TemplateValue>
            </Part>
            <Part Name="TrCoil" UId="23" />
          </Parts>
          <Wires>
            <Wire UId="24">
              <IdentCon UId="21" />
              <NameCon UId="22" Name="in1" />
            </Wire>
            <Wire UId="25">
              <NameCon UId="22" Name="out" />
              <NameCon UId="23" Name="in" />
            </Wire>
          </Wires>
        </FlgNet>
      </Transition>
      <Transition IsMissing="false" Name="GRD bearbeiten" Number="2" ProgrammingLanguage="FBD">
        <FlgNet>
          <Parts>
            <Access Scope="GlobalVariable" UId="21">
              <IntegerAttribute Name="NumBLs" Informative="true">5</IntegerAttribute>
              <Symbol>
                <Component Name="COM0" />
                <Address Area="Memory" Type="Bool" BitOffset="32" Informative="true" />
              </Symbol>
            </Access>
            <Part Name="A" UId="22">
              <TemplateValue Name="Card" Type="Cardinality">1</TemplateValue>
            </Part>
            <Part Name="TrCoil" UId="23" />
          </Parts>
          <Wires>
            <Wire UId="24">
              <IdentCon UId="21" />
              <NameCon UId="22" Name="in1" />
            </Wire>
            <Wire UId="25">
              <NameCon UId="22" Name="out" />
              <NameCon UId="23" Name="in" />
            </Wire>
          </Wires>
        </FlgNet>
      </Transition>
      <Transition IsMissing="false" Name="020RB_200 In Position Ablegen BT1 in 130DT_008" Number="4" ProgrammingLanguage="FBD">
        <FlgNet>
          <Parts>
            <Access Scope="GlobalVariable" UId="21">
              <IntegerAttribute Name="NumBLs" Informative="true">5</IntegerAttribute>
              <Symbol>
                <Component Name="020RB_200_PI_APPL" />
                <Component Name="RB-SPS" />
                <Component Name="Q0148" />
                <Address Area="Input" Type="Bool" BitOffset="81915" Informative="true" />
              </Symbol>
            </Access>
            <Part Name="A" UId="22">
              <TemplateValue Name="Card" Type="Cardinality">1</TemplateValue>
            </Part>
            <Part Name="TrCoil" UId="23" />
          </Parts>
          <Wires>
            <Wire UId="24">
              <IdentCon UId="21" />
              <NameCon UId="22" Name="in1" />
            </Wire>
            <Wire UId="25">
              <NameCon UId="22" Name="out" />
              <NameCon UId="23" Name="in" />
            </Wire>
          </Wires>
        </FlgNet>
      </Transition>
      <Transition IsMissing="false" Name="020RB_200 Ausser Bereich Ablegen BT1 in 130DT_008" Number="5" ProgrammingLanguage="FBD">
        <FlgNet>
          <Parts>
            <Access Scope="GlobalVariable" UId="21">
              <IntegerAttribute Name="NumBLs" Informative="true">5</IntegerAttribute>
              <Symbol>
                <Component Name="020RB_200_PI_APPL" />
                <Component Name="RB-SPS" />
                <Component Name="Q0147" />
                <Address Area="Input" Type="Bool" BitOffset="81914" Informative="true" />
              </Symbol>
            </Access>
            <Part Name="A" UId="22">
              <TemplateValue Name="Card" Type="Cardinality">1</TemplateValue>
            </Part>
            <Part Name="TrCoil" UId="23" />
          </Parts>
          <Wires>
            <Wire UId="24">
              <IdentCon UId="21" />
              <NameCon UId="22" Name="in1" />
            </Wire>
            <Wire UId="25">
              <NameCon UId="22" Name="out" />
              <NameCon UId="23" Name="in" />
            </Wire>
          </Wires>
        </FlgNet>
      </Transition>
      <Transition IsMissing="false" Name="FM" Number="7" ProgrammingLanguage="FBD">
        <FlgNet>
          <Parts>
            <Access Scope="GlobalVariable" UId="21">
              <IntegerAttribute Name="NumBLs" Informative="true">5</IntegerAttribute>
              <Symbol>
                <Component Name="COM0" />
                <Address Area="Memory" Type="Bool" BitOffset="32" Informative="true" />
              </Symbol>
            </Access>
            <Part Name="A" UId="22">
              <TemplateValue Name="Card" Type="Cardinality">1</TemplateValue>
            </Part>
            <Part Name="TrCoil" UId="23" />
          </Parts>
          <Wires>
            <Wire UId="24">
              <IdentCon UId="21" />
              <NameCon UId="22" Name="in1" />
            </Wire>
            <Wire UId="25">
              <NameCon UId="22" Name="out" />
              <NameCon UId="23" Name="in" />
            </Wire>
          </Wires>
        </FlgNet>
      </Transition>
      <Transition IsMissing="false" Name="GRD ausfördern" Number="8" ProgrammingLanguage="FBD">
        <FlgNet>
          <Parts>
            <Access Scope="GlobalVariable" UId="21">
              <IntegerAttribute Name="NumBLs" Informative="true">5</IntegerAttribute>
              <Symbol>
                <Component Name="COM0" />
                <Address Area="Memory" Type="Bool" BitOffset="32" Informative="true" />
              </Symbol>
            </Access>
            <Part Name="A" UId="22">
              <TemplateValue Name="Card" Type="Cardinality">1</TemplateValue>
            </Part>
            <Part Name="TrCoil" UId="23" />
          </Parts>
          <Wires>
            <Wire UId="24">
              <IdentCon UId="21" />
              <NameCon UId="22" Name="in1" />
            </Wire>
            <Wire UId="25">
              <NameCon UId="22" Name="out" />
              <NameCon UId="23" Name="in" />
            </Wire>
          </Wires>
        </FlgNet>
      </Transition>
      <Transition IsMissing="false" Name="130RB_100 In Position Entnehmen BT1 aus 130DT_008" Number="9" ProgrammingLanguage="FBD">
        <FlgNet>
          <Parts>
            <Access Scope="GlobalVariable" UId="21">
              <IntegerAttribute Name="NumBLs" Informative="true">5</IntegerAttribute>
              <Symbol>
                <Component Name="130RB_100_PI_APPL" />
                <Component Name="RB-SPS" />
                <Component Name="Q0122" />
                <Address Area="Input" Type="Bool" BitOffset="94689" Informative="true" />
              </Symbol>
            </Access>
            <Part Name="A" UId="22">
              <TemplateValue Name="Card" Type="Cardinality">1</TemplateValue>
            </Part>
            <Part Name="TrCoil" UId="23" />
          </Parts>
          <Wires>
            <Wire UId="24">
              <IdentCon UId="21" />
              <NameCon UId="22" Name="in1" />
            </Wire>
            <Wire UId="25">
              <NameCon UId="22" Name="out" />
              <NameCon UId="23" Name="in" />
            </Wire>
          </Wires>
        </FlgNet>
      </Transition>
      <Transition IsMissing="false" Name="130RB_100 Ausser Bereich Entnehmen BT1 aus 130DT_008" Number="10" ProgrammingLanguage="FBD">
        <FlgNet>
          <Parts>
            <Access Scope="GlobalVariable" UId="21">
              <IntegerAttribute Name="NumBLs" Informative="true">5</IntegerAttribute>
              <Symbol>
                <Component Name="130RB_100_PI_APPL" />
                <Component Name="RB-SPS" />
                <Component Name="Q0121" />
                <Address Area="Input" Type="Bool" BitOffset="94688" Informative="true" />
              </Symbol>
            </Access>
            <Part Name="A" UId="22">
              <TemplateValue Name="Card" Type="Cardinality">1</TemplateValue>
            </Part>
            <Part Name="TrCoil" UId="23" />
          </Parts>
          <Wires>
            <Wire UId="24">
              <IdentCon UId="21" />
              <NameCon UId="22" Name="in1" />
            </Wire>
            <Wire UId="25">
              <NameCon UId="22" Name="out" />
              <NameCon UId="23" Name="in" />
            </Wire>
          </Wires>
        </FlgNet>
      </Transition>
      <Transition IsMissing="false" Name="Fertig" Number="11" ProgrammingLanguage="FBD">
        <FlgNet>
          <Parts>
            <Access Scope="GlobalVariable" UId="21">
              <IntegerAttribute Name="NumBLs" Informative="true">5</IntegerAttribute>
              <Symbol>
                <Component Name="COM0" />
                <Address Area="Memory" Type="Bool" BitOffset="32" Informative="true" />
              </Symbol>
            </Access>
            <Part Name="A" UId="22">
              <TemplateValue Name="Card" Type="Cardinality">1</TemplateValue>
            </Part>
            <Part Name="TrCoil" UId="23" />
          </Parts>
          <Wires>
            <Wire UId="24">
              <IdentCon UId="21" />
              <NameCon UId="22" Name="in1" />
            </Wire>
            <Wire UId="25">
              <NameCon UId="22" Name="out" />
              <NameCon UId="23" Name="in" />
            </Wire>
          </Wires>
        </FlgNet>
      </Transition>
    </Transitions>
    <Branches>
      <Branch Number="1" Type="AltBegin" Cardinality="2" />
      <Branch Number="2" Type="AltEnd" Cardinality="2" />
    </Branches>
    <Connections>
      <Connection>
        <NodeFrom>
          <StepRef Number="1" />
        </NodeFrom>
        <NodeTo>
          <TransitionRef Number="1" />
        </NodeTo>
        <LinkType>Direct</LinkType>
      </Connection>
      <Connection>
        <NodeFrom>
          <TransitionRef Number="1" />
        </NodeFrom>
        <NodeTo>
          <StepRef Number="2" />
        </NodeTo>
        <LinkType>Direct</LinkType>
      </Connection>
      <Connection>
        <NodeFrom>
          <StepRef Number="2" />
        </NodeFrom>
        <NodeTo>
          <BranchRef Number="1" In="0" />
        </NodeTo>
        <LinkType>Direct</LinkType>
      </Connection>
      <Connection>
        <NodeFrom>
          <BranchRef Number="1" Out="0" />
        </NodeFrom>
        <NodeTo>
          <TransitionRef Number="2" />
        </NodeTo>
        <LinkType>Direct</LinkType>
      </Connection>
      <Connection>
        <NodeFrom>
          <BranchRef Number="1" Out="1" />
        </NodeFrom>
        <NodeTo>
          <TransitionRef Number="8" />
        </NodeTo>
        <LinkType>Direct</LinkType>
      </Connection>
      <Connection>
        <NodeFrom>
          <StepRef Number="4" />
        </NodeFrom>
        <NodeTo>
          <TransitionRef Number="4" />
        </NodeTo>
        <LinkType>Direct</LinkType>
      </Connection>
      <Connection>
        <NodeFrom>
          <TransitionRef Number="4" />
        </NodeFrom>
        <NodeTo>
          <StepRef Number="5" />
        </NodeTo>
        <LinkType>Direct</LinkType>
      </Connection>
      <Connection>
        <NodeFrom>
          <StepRef Number="5" />
        </NodeFrom>
        <NodeTo>
          <TransitionRef Number="5" />
        </NodeTo>
        <LinkType>Direct</LinkType>
      </Connection>
      <Connection>
        <NodeFrom>
          <BranchRef Number="2" Out="0" />
        </NodeFrom>
        <NodeTo>
          <StepRef Number="7" />
        </NodeTo>
        <LinkType>Direct</LinkType>
      </Connection>
      <Connection>
        <NodeFrom>
          <TransitionRef Number="11" />
        </NodeFrom>
        <NodeTo>
          <BranchRef Number="2" In="1" />
        </NodeTo>
        <LinkType>Direct</LinkType>
      </Connection>
      <Connection>
        <NodeFrom>
          <StepRef Number="7" />
        </NodeFrom>
        <NodeTo>
          <TransitionRef Number="7" />
        </NodeTo>
        <LinkType>Direct</LinkType>
      </Connection>
      <Connection>
        <NodeFrom>
          <TransitionRef Number="8" />
        </NodeFrom>
        <NodeTo>
          <StepRef Number="9" />
        </NodeTo>
        <LinkType>Direct</LinkType>
      </Connection>
      <Connection>
        <NodeFrom>
          <StepRef Number="9" />
        </NodeFrom>
        <NodeTo>
          <TransitionRef Number="9" />
        </NodeTo>
        <LinkType>Direct</LinkType>
      </Connection>
      <Connection>
        <NodeFrom>
          <TransitionRef Number="9" />
        </NodeFrom>
        <NodeTo>
          <StepRef Number="10" />
        </NodeTo>
        <LinkType>Direct</LinkType>
      </Connection>
      <Connection>
        <NodeFrom>
          <StepRef Number="10" />
        </NodeFrom>
        <NodeTo>
          <TransitionRef Number="10" />
        </NodeTo>
        <LinkType>Direct</LinkType>
      </Connection>
      <Connection>
        <NodeFrom>
          <TransitionRef Number="10" />
        </NodeFrom>
        <NodeTo>
          <StepRef Number="11" />
        </NodeTo>
        <LinkType>Direct</LinkType>
      </Connection>
      <Connection>
        <NodeFrom>
          <StepRef Number="11" />
        </NodeFrom>
        <NodeTo>
          <TransitionRef Number="11" />
        </NodeTo>
        <LinkType>Direct</LinkType>
      </Connection>
      <Connection>
        <NodeFrom>
          <TransitionRef Number="5" />
        </NodeFrom>
        <NodeTo>
          <BranchRef Number="2" In="0" />
        </NodeTo>
        <LinkType>Direct</LinkType>
      </Connection>
      <Connection>
        <NodeFrom>
          <TransitionRef Number="2" />
        </NodeFrom>
        <NodeTo>
          <StepRef Number="4" />
        </NodeTo>
        <LinkType>Direct</LinkType>
      </Connection>
      <Connection>
        <NodeFrom>
          <TransitionRef Number="7" />
        </NodeFrom>
        <NodeTo>
          <StepRef Number="1" />
        </NodeTo>
        <LinkType>Jump</LinkType>
      </Connection>
    </Connections>
  </Sequence>
  <PostOperations>
    <PermanentOperation ProgrammingLanguage="FBD" />
  </PostOperations>
  <AlarmsSettings>
    <AlarmSupervisionCategories>
      <AlarmSupervisionCategory Id="1" DisplayClass="0" />
      <AlarmSupervisionCategory Id="2" DisplayClass="0" />
      <AlarmSupervisionCategory Id="3" DisplayClass="0" />
      <AlarmSupervisionCategory Id="4" DisplayClass="0" />
      <AlarmSupervisionCategory Id="5" DisplayClass="0" />
      <AlarmSupervisionCategory Id="6" DisplayClass="0" />
      <AlarmSupervisionCategory Id="7" DisplayClass="0" />
      <AlarmSupervisionCategory Id="8" DisplayClass="0" />
    </AlarmSupervisionCategories>
    <AlarmInterlockCategory Id="1" />
    <AlarmSubcategory1Interlock Id="0" />
    <AlarmSubcategory2Interlock Id="0" />
    <AlarmCategorySupervision Id="1" />
    <AlarmSubcategory1Supervision Id="0" />
    <AlarmSubcategory2Supervision Id="0" />
    <AlarmWarningCategory Id="2" />
    <AlarmSubcategory1Warning Id="0" />
    <AlarmSubcategory2Warning Id="0" />
  </AlarmsSettings>
</Graph></NetworkSource>
          <ProgrammingLanguage>GRAPH</ProgrammingLanguage>
        </AttributeList>
        <ObjectList>
          <MultilingualText ID="5" CompositionName="Comment">
            <ObjectList>
              <MultilingualTextItem ID="6" CompositionName="Items">
                <AttributeList>
                  <Culture>en-US</Culture>
                  <Text />
                </AttributeList>
              </MultilingualTextItem>
              <MultilingualTextItem ID="7" CompositionName="Items">
                <AttributeList>
                  <Culture>de-DE</Culture>
                  <Text />
                </AttributeList>
              </MultilingualTextItem>
            </ObjectList>
          </MultilingualText>
          <MultilingualText ID="8" CompositionName="Title">
            <ObjectList>
              <MultilingualTextItem ID="9" CompositionName="Items">
                <AttributeList>
                  <Culture>en-US</Culture>
                  <Text />
                </AttributeList>
              </MultilingualTextItem>
              <MultilingualTextItem ID="A" CompositionName="Items">
                <AttributeList>
                  <Culture>de-DE</Culture>
                  <Text>130XSK001_130DT_008_Ablaufkette</Text>
                </AttributeList>
              </MultilingualTextItem>
            </ObjectList>
          </MultilingualText>
        </ObjectList>
      </SW.Blocks.CompileUnit>
      <MultilingualText ID="B" CompositionName="Title">
        <ObjectList>
          <MultilingualTextItem ID="C" CompositionName="Items">
            <AttributeList>
              <Culture>en-US</Culture>
              <Text>Startup with GRAPH-FB V4.0</Text>
            </AttributeList>
          </MultilingualTextItem>
          <MultilingualTextItem ID="D" CompositionName="Items">
            <AttributeList>
              <Culture>de-DE</Culture>
              <Text />
            </AttributeList>
          </MultilingualTextItem>
        </ObjectList>
      </MultilingualText>
    </ObjectList>
  </SW.Blocks.FB>
</Document>