﻿<?xml version="1.0" encoding="utf-8"?>
<Document>
  <Engineering version="V16" />
  <DocumentInfo>
    <Created>2025-05-12T11:28:08.2445609Z</Created>
    <ExportSetting>WithDefaults, WithReadOnly</ExportSetting>
    <InstalledProducts>
      <Product>
        <DisplayName>Totally Integrated Automation Portal</DisplayName>
        <DisplayVersion>V16 Update 7</DisplayVersion>
      </Product>
      <OptionPackage>
        <DisplayName>TIA Portal Version Control Interface</DisplayName>
        <DisplayVersion>V16 Update 2</DisplayVersion>
      </OptionPackage>
      <OptionPackage>
        <DisplayName>TIA Portal Openness</DisplayName>
        <DisplayVersion>V16 Update 7</DisplayVersion>
      </OptionPackage>
      <Product>
        <DisplayName>SINAMICS Startdrive Advanced</DisplayName>
        <DisplayVersion>V16 Update 5</DisplayVersion>
      </Product>
      <OptionPackage>
        <DisplayName>SINAMICS Startdrive G130, G150, S120, S150, SINAMICS MV, S210</DisplayName>
        <DisplayVersion>V16 Update 5</DisplayVersion>
      </OptionPackage>
      <OptionPackage>
        <DisplayName>SINAMICS Startdrive G110M, G120, G120C, G120D, G120P, G115D</DisplayName>
        <DisplayVersion>V16 Update 5</DisplayVersion>
      </OptionPackage>
      <Product>
        <DisplayName>STEP 7 Professional</DisplayName>
        <DisplayVersion>V16 Update 7</DisplayVersion>
      </Product>
      <OptionPackage>
        <DisplayName>STEP 7 Safety</DisplayName>
        <DisplayVersion>V16 Update 7</DisplayVersion>
      </OptionPackage>
      <Product>
        <DisplayName>WinCC Advanced</DisplayName>
        <DisplayVersion>V16 Update 7</DisplayVersion>
      </Product>
      <OptionPackage>
        <DisplayName>SIMATIC Visualization Architect</DisplayName>
        <DisplayVersion>V16</DisplayVersion>
      </OptionPackage>
    </InstalledProducts>
  </DocumentInfo>
  <SW.Blocks.FC ID="0">
    <AttributeList>
      <AutoNumber>true</AutoNumber>
      <CodeModifiedDate ReadOnly="true">2023-07-10T11:38:54.0179556Z</CodeModifiedDate>
      <CompileDate ReadOnly="true">2023-07-13T07:25:00.1455926Z</CompileDate>
      <CreationDate ReadOnly="true">2023-06-23T13:45:04.9098733Z</CreationDate>
      <HandleErrorsWithinBlock ReadOnly="true">false</HandleErrorsWithinBlock>
      <HeaderAuthor />
      <HeaderFamily />
      <HeaderName />
      <HeaderVersion>0.1</HeaderVersion>
      <Interface><Sections xmlns="http://www.siemens.com/automation/Openness/SW/Interface/v4">
  <Section Name="Input" />
  <Section Name="Output" />
  <Section Name="InOut" />
  <Section Name="Temp" />
  <Section Name="Constant" />
  <Section Name="Return">
    <Member Name="Ret_Val" Datatype="Void" Accessibility="Public" />
  </Section>
</Sections></Interface>
      <InterfaceModifiedDate ReadOnly="true">2023-06-23T14:00:39.6769605Z</InterfaceModifiedDate>
      <IsConsistent ReadOnly="true">true</IsConsistent>
      <IsIECCheckEnabled>false</IsIECCheckEnabled>
      <IsKnowHowProtected ReadOnly="true">false</IsKnowHowProtected>
      <IsWriteProtected ReadOnly="true">false</IsWriteProtected>
      <LibraryConformanceStatus ReadOnly="true">Error: The block contains calls of single instances.
Warning: The object contains access to global data blocks.
Warning: The block contains direct access to inputs, outputs, bit memories, indirect access to the registry or indirect access to external memory areas that are unknown at the time of compilation.
</LibraryConformanceStatus>
      <MemoryLayout>Standard</MemoryLayout>
      <ModifiedDate ReadOnly="true">2023-07-10T11:38:54.0179556Z</ModifiedDate>
      <Name>120SAE009-QM1_Call</Name>
      <Number>104</Number>
      <ParameterModified ReadOnly="true">2023-06-23T13:45:04.9098733Z</ParameterModified>
      <PLCSimAdvancedSupport ReadOnly="true">true</PLCSimAdvancedSupport>
      <ProgrammingLanguage>FBD</ProgrammingLanguage>
      <SetENOAutomatically>false</SetENOAutomatically>
      <StructureModified ReadOnly="true">2023-06-23T13:45:04.9098733Z</StructureModified>
      <UDABlockProperties />
      <UDAEnableTagReadback>false</UDAEnableTagReadback>
    </AttributeList>
    <ObjectList>
      <MultilingualText ID="1" CompositionName="Comment">
        <ObjectList>
          <MultilingualTextItem ID="2" CompositionName="Items">
            <AttributeList>
              <Culture>en-US</Culture>
              <Text />
            </AttributeList>
          </MultilingualTextItem>
          <MultilingualTextItem ID="3" CompositionName="Items">
            <AttributeList>
              <Culture>de-DE</Culture>
              <Text />
            </AttributeList>
          </MultilingualTextItem>
        </ObjectList>
      </MultilingualText>
      <SW.Blocks.CompileUnit ID="4" CompositionName="CompileUnits">
        <AttributeList>
          <NetworkSource><FlgNet xmlns="http://www.siemens.com/automation/Openness/SW/NetworkSource/FlgNet/v4">
  <Parts>
    <Access Scope="GlobalVariable" UId="21">
      <IntegerAttribute Name="NumBLs" Informative="true">5</IntegerAttribute>
      <Symbol>
        <Component Name="FGDB_001XBR014" />
        <Component Name="automaticOn" />
        <Address Area="DB" Type="Bool" BlockNumber="151" BitOffset="49" Informative="true" />
      </Symbol>
    </Access>
    <Access Scope="GlobalVariable" UId="22">
      <IntegerAttribute Name="NumBLs" Informative="true">5</IntegerAttribute>
      <Symbol>
        <Component Name="FGDB_120SAE009-QM1" />
        <Component Name="ExtP" />
        <Component Name="auto" />
        <Address Area="DB" Type="Bool" BlockNumber="217" BitOffset="705" Informative="true" />
      </Symbol>
    </Access>
    <Access Scope="GlobalVariable" UId="23">
      <IntegerAttribute Name="NumBLs" Informative="true">5</IntegerAttribute>
      <Symbol>
        <Component Name="FGDB_120SAE009-QM1" />
        <Component Name="ExtP" />
        <Component Name="setup" />
        <Address Area="DB" Type="Bool" BlockNumber="217" BitOffset="704" Informative="true" />
      </Symbol>
    </Access>
    <Part Name="A" UId="24">
      <TemplateValue Name="Card" Type="Cardinality">1</TemplateValue>
    </Part>
    <Part Name="Coil" UId="25" />
    <Part Name="Coil" UId="26">
      <Negated Name="in" />
    </Part>
  </Parts>
  <Wires>
    <Wire UId="27">
      <IdentCon UId="21" />
      <NameCon UId="24" Name="in1" />
    </Wire>
    <Wire UId="28">
      <NameCon UId="24" Name="out" />
      <NameCon UId="25" Name="in" />
      <NameCon UId="26" Name="in" />
    </Wire>
    <Wire UId="29">
      <IdentCon UId="22" />
      <NameCon UId="25" Name="operand" />
    </Wire>
    <Wire UId="30">
      <IdentCon UId="23" />
      <NameCon UId="26" Name="operand" />
    </Wire>
  </Wires>
</FlgNet></NetworkSource>
          <ProgrammingLanguage>FBD</ProgrammingLanguage>
        </AttributeList>
        <ObjectList>
          <MultilingualText ID="5" CompositionName="Comment">
            <ObjectList>
              <MultilingualTextItem ID="6" CompositionName="Items">
                <AttributeList>
                  <Culture>en-US</Culture>
                  <Text />
                </AttributeList>
              </MultilingualTextItem>
              <MultilingualTextItem ID="7" CompositionName="Items">
                <AttributeList>
                  <Culture>de-DE</Culture>
                  <Text />
                </AttributeList>
              </MultilingualTextItem>
            </ObjectList>
          </MultilingualText>
          <MultilingualText ID="8" CompositionName="Title">
            <ObjectList>
              <MultilingualTextItem ID="9" CompositionName="Items">
                <AttributeList>
                  <Culture>en-US</Culture>
                  <Text />
                </AttributeList>
              </MultilingualTextItem>
              <MultilingualTextItem ID="A" CompositionName="Items">
                <AttributeList>
                  <Culture>de-DE</Culture>
                  <Text>Automatik</Text>
                </AttributeList>
              </MultilingualTextItem>
            </ObjectList>
          </MultilingualText>
        </ObjectList>
      </SW.Blocks.CompileUnit>
      <SW.Blocks.CompileUnit ID="B" CompositionName="CompileUnits">
        <AttributeList>
          <NetworkSource><FlgNet xmlns="http://www.siemens.com/automation/Openness/SW/NetworkSource/FlgNet/v4">
  <Parts>
    <Access Scope="GlobalVariable" UId="21">
      <IntegerAttribute Name="NumBLs" Informative="true">5</IntegerAttribute>
      <Symbol>
        <Component Name="DB_120SB_120_F_Data" />
        <Component Name="ENBL_SAREA_BS" />
        <Address Area="None" Type="Bool" BlockNumber="321" BitOffset="120" Informative="true" />
      </Symbol>
    </Access>
    <Access Scope="GlobalVariable" UId="22">
      <IntegerAttribute Name="NumBLs" Informative="true">5</IntegerAttribute>
      <Symbol>
        <Component Name="FGDB_120SAE009-QM1" />
        <Component Name="safetyStop" />
        <Address Area="DB" Type="Bool" BlockNumber="217" BitOffset="5" Informative="true" />
      </Symbol>
    </Access>
    <Part Name="Coil" UId="23" />
  </Parts>
  <Wires>
    <Wire UId="24">
      <IdentCon UId="21" />
      <NameCon UId="23" Name="in" />
    </Wire>
    <Wire UId="25">
      <IdentCon UId="22" />
      <NameCon UId="23" Name="operand" />
    </Wire>
  </Wires>
</FlgNet></NetworkSource>
          <ProgrammingLanguage>FBD</ProgrammingLanguage>
        </AttributeList>
        <ObjectList>
          <MultilingualText ID="C" CompositionName="Comment">
            <ObjectList>
              <MultilingualTextItem ID="D" CompositionName="Items">
                <AttributeList>
                  <Culture>en-US</Culture>
                  <Text />
                </AttributeList>
              </MultilingualTextItem>
              <MultilingualTextItem ID="E" CompositionName="Items">
                <AttributeList>
                  <Culture>de-DE</Culture>
                  <Text />
                </AttributeList>
              </MultilingualTextItem>
            </ObjectList>
          </MultilingualText>
          <MultilingualText ID="F" CompositionName="Title">
            <ObjectList>
              <MultilingualTextItem ID="10" CompositionName="Items">
                <AttributeList>
                  <Culture>en-US</Culture>
                  <Text />
                </AttributeList>
              </MultilingualTextItem>
              <MultilingualTextItem ID="11" CompositionName="Items">
                <AttributeList>
                  <Culture>de-DE</Culture>
                  <Text>Sicherheitshalt OK</Text>
                </AttributeList>
              </MultilingualTextItem>
            </ObjectList>
          </MultilingualText>
        </ObjectList>
      </SW.Blocks.CompileUnit>
      <SW.Blocks.CompileUnit ID="12" CompositionName="CompileUnits">
        <AttributeList>
          <NetworkSource><FlgNet xmlns="http://www.siemens.com/automation/Openness/SW/NetworkSource/FlgNet/v4">
  <Parts>
    <Access Scope="GlobalVariable" UId="21">
      <IntegerAttribute Name="NumBLs" Informative="true">5</IntegerAttribute>
      <Symbol>
        <Component Name="ToDo_SAE009-FN1:4" />
        <Address Area="Memory" Type="Bool" BitOffset="7992" Informative="true" />
      </Symbol>
    </Access>
    <Access Scope="GlobalVariable" UId="22">
      <IntegerAttribute Name="NumBLs" Informative="true">5</IntegerAttribute>
      <Symbol>
        <Component Name="ToDo_SAE009-FN1:2" />
        <Address Area="Memory" Type="Bool" BitOffset="7993" Informative="true" />
      </Symbol>
    </Access>
    <Access Scope="GlobalVariable" UId="23">
      <IntegerAttribute Name="NumBLs" Informative="true">5</IntegerAttribute>
      <Symbol>
        <Component Name="FGDB_120SAE009-QM1" />
        <Component Name="enableOutBackward" />
        <Address Area="DB" Type="Bool" BlockNumber="217" BitOffset="7" Informative="true" />
      </Symbol>
    </Access>
    <Part Name="O" UId="24">
      <TemplateValue Name="Card" Type="Cardinality">2</TemplateValue>
    </Part>
    <Part Name="Coil" UId="25" />
  </Parts>
  <Wires>
    <Wire UId="26">
      <IdentCon UId="21" />
      <NameCon UId="24" Name="in1" />
    </Wire>
    <Wire UId="27">
      <IdentCon UId="22" />
      <NameCon UId="24" Name="in2" />
    </Wire>
    <Wire UId="28">
      <NameCon UId="24" Name="out" />
      <NameCon UId="25" Name="in" />
    </Wire>
    <Wire UId="29">
      <IdentCon UId="23" />
      <NameCon UId="25" Name="operand" />
    </Wire>
  </Wires>
</FlgNet></NetworkSource>
          <ProgrammingLanguage>FBD</ProgrammingLanguage>
        </AttributeList>
        <ObjectList>
          <MultilingualText ID="13" CompositionName="Comment">
            <ObjectList>
              <MultilingualTextItem ID="14" CompositionName="Items">
                <AttributeList>
                  <Culture>en-US</Culture>
                  <Text />
                </AttributeList>
              </MultilingualTextItem>
              <MultilingualTextItem ID="15" CompositionName="Items">
                <AttributeList>
                  <Culture>de-DE</Culture>
                  <Text />
                </AttributeList>
              </MultilingualTextItem>
            </ObjectList>
          </MultilingualText>
          <MultilingualText ID="16" CompositionName="Title">
            <ObjectList>
              <MultilingualTextItem ID="17" CompositionName="Items">
                <AttributeList>
                  <Culture>en-US</Culture>
                  <Text />
                </AttributeList>
              </MultilingualTextItem>
              <MultilingualTextItem ID="18" CompositionName="Items">
                <AttributeList>
                  <Culture>de-DE</Culture>
                  <Text>Freigabe für Ansteuerung rückwärts</Text>
                </AttributeList>
              </MultilingualTextItem>
            </ObjectList>
          </MultilingualText>
        </ObjectList>
      </SW.Blocks.CompileUnit>
      <SW.Blocks.CompileUnit ID="19" CompositionName="CompileUnits">
        <AttributeList>
          <NetworkSource><FlgNet xmlns="http://www.siemens.com/automation/Openness/SW/NetworkSource/FlgNet/v4">
  <Parts>
    <Access Scope="GlobalVariable" UId="21">
      <IntegerAttribute Name="NumBLs" Informative="true">5</IntegerAttribute>
      <Symbol>
        <Component Name="COM0" />
        <Address Area="Memory" Type="Bool" BitOffset="32" Informative="true" />
      </Symbol>
    </Access>
    <Access Scope="GlobalVariable" UId="22">
      <IntegerAttribute Name="NumBLs" Informative="true">5</IntegerAttribute>
      <Symbol>
        <Component Name="COM0" />
        <Address Area="Memory" Type="Bool" BitOffset="32" Informative="true" />
      </Symbol>
    </Access>
    <Access Scope="GlobalVariable" UId="23">
      <IntegerAttribute Name="NumBLs" Informative="true">5</IntegerAttribute>
      <Symbol>
        <Component Name="COM0" />
        <Address Area="Memory" Type="Bool" BitOffset="32" Informative="true" />
      </Symbol>
    </Access>
    <Access Scope="GlobalVariable" UId="24">
      <IntegerAttribute Name="NumBLs" Informative="true">5</IntegerAttribute>
      <Symbol>
        <Component Name="COM0" />
        <Address Area="Memory" Type="Bool" BitOffset="32" Informative="true" />
      </Symbol>
    </Access>
    <Access Scope="GlobalVariable" UId="25">
      <IntegerAttribute Name="NumBLs" Informative="true">5</IntegerAttribute>
      <Symbol>
        <Component Name="COM0" />
        <Address Area="Memory" Type="Bool" BitOffset="32" Informative="true" />
      </Symbol>
    </Access>
    <Access Scope="GlobalVariable" UId="26">
      <IntegerAttribute Name="NumBLs" Informative="true">5</IntegerAttribute>
      <Symbol>
        <Component Name="FGDB_120SAE009-QM1" />
        <Component Name="enableOutBackward" />
        <Address Area="DB" Type="Bool" BlockNumber="217" BitOffset="7" Informative="true" />
      </Symbol>
    </Access>
    <Access Scope="GlobalVariable" UId="27">
      <IntegerAttribute Name="NumBLs" Informative="true">5</IntegerAttribute>
      <Symbol>
        <Component Name="FGDB_120SAE009-QM1" />
        <Component Name="enableOutForward" />
        <Address Area="DB" Type="Bool" BlockNumber="217" BitOffset="6" Informative="true" />
      </Symbol>
    </Access>
    <Part Name="A" UId="28">
      <TemplateValue Name="Card" Type="Cardinality">5</TemplateValue>
      <Negated Name="in1" />
      <Negated Name="in2" />
    </Part>
    <Part Name="O" UId="29">
      <TemplateValue Name="Card" Type="Cardinality">2</TemplateValue>
      <Negated Name="in2" />
    </Part>
    <Part Name="Coil" UId="30" />
  </Parts>
  <Wires>
    <Wire UId="31">
      <IdentCon UId="21" />
      <NameCon UId="28" Name="in1" />
    </Wire>
    <Wire UId="32">
      <IdentCon UId="22" />
      <NameCon UId="28" Name="in2" />
    </Wire>
    <Wire UId="33">
      <IdentCon UId="23" />
      <NameCon UId="28" Name="in3" />
    </Wire>
    <Wire UId="34">
      <IdentCon UId="24" />
      <NameCon UId="28" Name="in4" />
    </Wire>
    <Wire UId="35">
      <IdentCon UId="25" />
      <NameCon UId="28" Name="in5" />
    </Wire>
    <Wire UId="36">
      <NameCon UId="28" Name="out" />
      <NameCon UId="29" Name="in1" />
    </Wire>
    <Wire UId="37">
      <IdentCon UId="26" />
      <NameCon UId="29" Name="in2" />
    </Wire>
    <Wire UId="38">
      <NameCon UId="29" Name="out" />
      <NameCon UId="30" Name="in" />
    </Wire>
    <Wire UId="39">
      <IdentCon UId="27" />
      <NameCon UId="30" Name="operand" />
    </Wire>
  </Wires>
</FlgNet></NetworkSource>
          <ProgrammingLanguage>FBD</ProgrammingLanguage>
        </AttributeList>
        <ObjectList>
          <MultilingualText ID="1A" CompositionName="Comment">
            <ObjectList>
              <MultilingualTextItem ID="1B" CompositionName="Items">
                <AttributeList>
                  <Culture>en-US</Culture>
                  <Text />
                </AttributeList>
              </MultilingualTextItem>
              <MultilingualTextItem ID="1C" CompositionName="Items">
                <AttributeList>
                  <Culture>de-DE</Culture>
                  <Text>COM0: DB Actions Freigabe 010SAE Ablegen
COM0: DB Actions Freigabe 010SAE Entnehmen
COM0: DB Actions Initialschritt 10SAE</Text>
                </AttributeList>
              </MultilingualTextItem>
            </ObjectList>
          </MultilingualText>
          <MultilingualText ID="1D" CompositionName="Title">
            <ObjectList>
              <MultilingualTextItem ID="1E" CompositionName="Items">
                <AttributeList>
                  <Culture>en-US</Culture>
                  <Text />
                </AttributeList>
              </MultilingualTextItem>
              <MultilingualTextItem ID="1F" CompositionName="Items">
                <AttributeList>
                  <Culture>de-DE</Culture>
                  <Text>Freigabe für Ansteuerung vorwärts</Text>
                </AttributeList>
              </MultilingualTextItem>
            </ObjectList>
          </MultilingualText>
        </ObjectList>
      </SW.Blocks.CompileUnit>
      <SW.Blocks.CompileUnit ID="20" CompositionName="CompileUnits">
        <AttributeList>
          <NetworkSource><FlgNet xmlns="http://www.siemens.com/automation/Openness/SW/NetworkSource/FlgNet/v4">
  <Parts>
    <Access Scope="GlobalVariable" UId="21">
      <IntegerAttribute Name="NumBLs" Informative="true">5</IntegerAttribute>
      <Symbol>
        <Component Name="FGDB_120SAE009@AddOn" />
        <Component Name="AuxFlag" />
        <Component Name="Frg Entriegeln" />
        <Address Area="DB" Type="Bool" BlockNumber="327" BitOffset="342" Informative="true" />
      </Symbol>
    </Access>
    <Access Scope="GlobalVariable" UId="22">
      <IntegerAttribute Name="NumBLs" Informative="true">5</IntegerAttribute>
      <Symbol>
        <Component Name="todo_SAE009-SF3:14" />
        <Address Area="Memory" Type="Bool" BitOffset="7978" Informative="true" />
      </Symbol>
    </Access>
    <Access Scope="GlobalVariable" UId="23">
      <IntegerAttribute Name="NumBLs" Informative="true">5</IntegerAttribute>
      <Symbol>
        <Component Name="FGDB_120SAE009@AddOn" />
        <Component Name="AuxFlag" />
        <Component Name="Werker Ausschl alle" />
        <Address Area="DB" Type="Bool" BlockNumber="327" BitOffset="349" Informative="true" />
      </Symbol>
    </Access>
    <Access Scope="GlobalVariable" UId="24">
      <IntegerAttribute Name="NumBLs" Informative="true">5</IntegerAttribute>
      <Symbol>
        <Component Name="todo_SAE009-SF3:14" />
        <Address Area="Memory" Type="Bool" BitOffset="7978" Informative="true" />
      </Symbol>
    </Access>
    <Access Scope="GlobalVariable" UId="25">
      <IntegerAttribute Name="NumBLs" Informative="true">5</IntegerAttribute>
      <Symbol>
        <Component Name="FGDB_120SAE009-QM1" />
        <Component Name="enableOutBackward" />
        <Address Area="DB" Type="Bool" BlockNumber="217" BitOffset="7" Informative="true" />
      </Symbol>
    </Access>
    <Access Scope="GlobalVariable" UId="26">
      <IntegerAttribute Name="NumBLs" Informative="true">5</IntegerAttribute>
      <Symbol>
        <Component Name="ToDo_SAE009-QM1MM01BG11:4" />
        <Address Area="Memory" Type="Bool" BitOffset="7995" Informative="true" />
      </Symbol>
    </Access>
    <Access Scope="GlobalVariable" UId="27">
      <IntegerAttribute Name="NumBLs" Informative="true">5</IntegerAttribute>
      <Symbol>
        <Component Name="FGDB_120SAE009-QM1" />
        <Component Name="autoForward" />
        <Address Area="DB" Type="Bool" BlockNumber="217" BitOffset="8" Informative="true" />
      </Symbol>
    </Access>
    <Access Scope="GlobalVariable" UId="28">
      <IntegerAttribute Name="NumBLs" Informative="true">5</IntegerAttribute>
      <Symbol>
        <Component Name="FGDB_120SAE009-QM1" />
        <Component Name="setupForward" />
        <Address Area="DB" Type="Bool" BlockNumber="217" BitOffset="10" Informative="true" />
      </Symbol>
    </Access>
    <Part Name="A" UId="29">
      <TemplateValue Name="Card" Type="Cardinality">2</TemplateValue>
    </Part>
    <Part Name="A" UId="30">
      <TemplateValue Name="Card" Type="Cardinality">2</TemplateValue>
    </Part>
    <Part Name="O" UId="31">
      <TemplateValue Name="Card" Type="Cardinality">3</TemplateValue>
      <Negated Name="in3" />
    </Part>
    <Part Name="A" UId="32">
      <TemplateValue Name="Card" Type="Cardinality">2</TemplateValue>
      <Negated Name="in2" />
    </Part>
    <Part Name="Coil" UId="33" />
    <Part Name="Coil" UId="34" />
  </Parts>
  <Wires>
    <Wire UId="35">
      <IdentCon UId="21" />
      <NameCon UId="29" Name="in1" />
    </Wire>
    <Wire UId="36">
      <IdentCon UId="22" />
      <NameCon UId="29" Name="in2" />
    </Wire>
    <Wire UId="37">
      <NameCon UId="29" Name="out" />
      <NameCon UId="31" Name="in1" />
    </Wire>
    <Wire UId="38">
      <IdentCon UId="23" />
      <NameCon UId="30" Name="in1" />
    </Wire>
    <Wire UId="39">
      <IdentCon UId="24" />
      <NameCon UId="30" Name="in2" />
    </Wire>
    <Wire UId="40">
      <NameCon UId="30" Name="out" />
      <NameCon UId="31" Name="in2" />
    </Wire>
    <Wire UId="41">
      <IdentCon UId="25" />
      <NameCon UId="31" Name="in3" />
    </Wire>
    <Wire UId="42">
      <NameCon UId="31" Name="out" />
      <NameCon UId="32" Name="in1" />
    </Wire>
    <Wire UId="43">
      <IdentCon UId="26" />
      <NameCon UId="32" Name="in2" />
    </Wire>
    <Wire UId="44">
      <NameCon UId="32" Name="out" />
      <NameCon UId="33" Name="in" />
      <NameCon UId="34" Name="in" />
    </Wire>
    <Wire UId="45">
      <IdentCon UId="27" />
      <NameCon UId="33" Name="operand" />
    </Wire>
    <Wire UId="46">
      <IdentCon UId="28" />
      <NameCon UId="34" Name="operand" />
    </Wire>
  </Wires>
</FlgNet></NetworkSource>
          <ProgrammingLanguage>FBD</ProgrammingLanguage>
        </AttributeList>
        <ObjectList>
          <MultilingualText ID="21" CompositionName="Comment">
            <ObjectList>
              <MultilingualTextItem ID="22" CompositionName="Items">
                <AttributeList>
                  <Culture>en-US</Culture>
                  <Text />
                </AttributeList>
              </MultilingualTextItem>
              <MultilingualTextItem ID="23" CompositionName="Items">
                <AttributeList>
                  <Culture>de-DE</Culture>
                  <Text />
                </AttributeList>
              </MultilingualTextItem>
            </ObjectList>
          </MultilingualText>
          <MultilingualText ID="24" CompositionName="Title">
            <ObjectList>
              <MultilingualTextItem ID="25" CompositionName="Items">
                <AttributeList>
                  <Culture>en-US</Culture>
                  <Text />
                </AttributeList>
              </MultilingualTextItem>
              <MultilingualTextItem ID="26" CompositionName="Items">
                <AttributeList>
                  <Culture>de-DE</Culture>
                  <Text>Automatik vorwärts</Text>
                </AttributeList>
              </MultilingualTextItem>
            </ObjectList>
          </MultilingualText>
        </ObjectList>
      </SW.Blocks.CompileUnit>
      <SW.Blocks.CompileUnit ID="27" CompositionName="CompileUnits">
        <AttributeList>
          <NetworkSource><FlgNet xmlns="http://www.siemens.com/automation/Openness/SW/NetworkSource/FlgNet/v4">
  <Parts>
    <Access Scope="GlobalVariable" UId="21">
      <IntegerAttribute Name="NumBLs" Informative="true">5</IntegerAttribute>
      <Symbol>
        <Component Name="ToDo_SAE009-FN1:4" />
        <Address Area="Memory" Type="Bool" BitOffset="7992" Informative="true" />
      </Symbol>
    </Access>
    <Access Scope="GlobalVariable" UId="22">
      <IntegerAttribute Name="NumBLs" Informative="true">5</IntegerAttribute>
      <Symbol>
        <Component Name="ToDo_SAE009-FN1:2" />
        <Address Area="Memory" Type="Bool" BitOffset="7993" Informative="true" />
      </Symbol>
    </Access>
    <Access Scope="GlobalVariable" UId="23">
      <IntegerAttribute Name="NumBLs" Informative="true">5</IntegerAttribute>
      <Symbol>
        <Component Name="FGDB_120SAE009@AddOn" />
        <Component Name="AuxFlag" />
        <Component Name="Kein Pos" />
        <Address Area="DB" Type="Bool" BlockNumber="327" BitOffset="343" Informative="true" />
      </Symbol>
    </Access>
    <Access Scope="GlobalVariable" UId="24">
      <IntegerAttribute Name="NumBLs" Informative="true">5</IntegerAttribute>
      <Symbol>
        <Component Name="FGDB_120SAE009@AddOn" />
        <Component Name="AuxFlag" />
        <Component Name="SAE Verr" />
        <Address Area="DB" Type="Bool" BlockNumber="327" BitOffset="344" Informative="true" />
      </Symbol>
    </Access>
    <Access Scope="GlobalVariable" UId="25">
      <IntegerAttribute Name="NumBLs" Informative="true">5</IntegerAttribute>
      <Symbol>
        <Component Name="ToDo_SAE009-QM1MM01BG21:2" />
        <Address Area="Memory" Type="Bool" BitOffset="7994" Informative="true" />
      </Symbol>
    </Access>
    <Access Scope="GlobalVariable" UId="26">
      <IntegerAttribute Name="NumBLs" Informative="true">5</IntegerAttribute>
      <Symbol>
        <Component Name="FGDB_120SAE009-QM1" />
        <Component Name="autoBackward" />
        <Address Area="DB" Type="Bool" BlockNumber="217" BitOffset="9" Informative="true" />
      </Symbol>
    </Access>
    <Access Scope="GlobalVariable" UId="27">
      <IntegerAttribute Name="NumBLs" Informative="true">5</IntegerAttribute>
      <Symbol>
        <Component Name="FGDB_120SAE009-QM1" />
        <Component Name="setupBackward" />
        <Address Area="DB" Type="Bool" BlockNumber="217" BitOffset="11" Informative="true" />
      </Symbol>
    </Access>
    <Part Name="O" UId="28">
      <TemplateValue Name="Card" Type="Cardinality">2</TemplateValue>
    </Part>
    <Part Name="O" UId="29">
      <TemplateValue Name="Card" Type="Cardinality">2</TemplateValue>
    </Part>
    <Part Name="A" UId="30">
      <TemplateValue Name="Card" Type="Cardinality">3</TemplateValue>
      <Negated Name="in3" />
    </Part>
    <Part Name="Coil" UId="31" />
    <Part Name="Coil" UId="32" />
  </Parts>
  <Wires>
    <Wire UId="33">
      <IdentCon UId="21" />
      <NameCon UId="28" Name="in1" />
    </Wire>
    <Wire UId="34">
      <IdentCon UId="22" />
      <NameCon UId="28" Name="in2" />
    </Wire>
    <Wire UId="35">
      <NameCon UId="28" Name="out" />
      <NameCon UId="30" Name="in1" />
    </Wire>
    <Wire UId="36">
      <IdentCon UId="23" />
      <NameCon UId="29" Name="in1" />
    </Wire>
    <Wire UId="37">
      <IdentCon UId="24" />
      <NameCon UId="29" Name="in2" />
    </Wire>
    <Wire UId="38">
      <NameCon UId="29" Name="out" />
      <NameCon UId="30" Name="in2" />
    </Wire>
    <Wire UId="39">
      <IdentCon UId="25" />
      <NameCon UId="30" Name="in3" />
    </Wire>
    <Wire UId="40">
      <NameCon UId="30" Name="out" />
      <NameCon UId="31" Name="in" />
      <NameCon UId="32" Name="in" />
    </Wire>
    <Wire UId="41">
      <IdentCon UId="26" />
      <NameCon UId="31" Name="operand" />
    </Wire>
    <Wire UId="42">
      <IdentCon UId="27" />
      <NameCon UId="32" Name="operand" />
    </Wire>
  </Wires>
</FlgNet></NetworkSource>
          <ProgrammingLanguage>FBD</ProgrammingLanguage>
        </AttributeList>
        <ObjectList>
          <MultilingualText ID="28" CompositionName="Comment">
            <ObjectList>
              <MultilingualTextItem ID="29" CompositionName="Items">
                <AttributeList>
                  <Culture>en-US</Culture>
                  <Text />
                </AttributeList>
              </MultilingualTextItem>
              <MultilingualTextItem ID="2A" CompositionName="Items">
                <AttributeList>
                  <Culture>de-DE</Culture>
                  <Text />
                </AttributeList>
              </MultilingualTextItem>
            </ObjectList>
          </MultilingualText>
          <MultilingualText ID="2B" CompositionName="Title">
            <ObjectList>
              <MultilingualTextItem ID="2C" CompositionName="Items">
                <AttributeList>
                  <Culture>en-US</Culture>
                  <Text />
                </AttributeList>
              </MultilingualTextItem>
              <MultilingualTextItem ID="2D" CompositionName="Items">
                <AttributeList>
                  <Culture>de-DE</Culture>
                  <Text>Automatik rückwärts</Text>
                </AttributeList>
              </MultilingualTextItem>
            </ObjectList>
          </MultilingualText>
        </ObjectList>
      </SW.Blocks.CompileUnit>
      <SW.Blocks.CompileUnit ID="2E" CompositionName="CompileUnits">
        <AttributeList>
          <NetworkSource><FlgNet xmlns="http://www.siemens.com/automation/Openness/SW/NetworkSource/FlgNet/v4">
  <Parts>
    <Access Scope="GlobalVariable" UId="21">
      <IntegerAttribute Name="NumBLs" Informative="true">5</IntegerAttribute>
      <Symbol>
        <Component Name="FGDB_120SAE009-QM1" />
        <Component Name="positionEndForward" />
        <Address Area="DB" Type="Bool" BlockNumber="217" BitOffset="66" Informative="true" />
      </Symbol>
    </Access>
    <Access Scope="GlobalVariable" UId="22">
      <IntegerAttribute Name="NumBLs" Informative="true">5</IntegerAttribute>
      <Symbol>
        <Component Name="FGDB_120SAE009-QM1" />
        <Component Name="positionEndBackward" />
        <Address Area="DB" Type="Bool" BlockNumber="217" BitOffset="67" Informative="true" />
      </Symbol>
    </Access>
    <Access Scope="GlobalVariable" UId="23">
      <IntegerAttribute Name="NumBLs" Informative="true">5</IntegerAttribute>
      <Symbol>
        <Component Name="FGDB_120SAE009-QM1" />
        <Component Name="enableOutBackward" />
        <Address Area="DB" Type="Bool" BlockNumber="217" BitOffset="7" Informative="true" />
      </Symbol>
    </Access>
    <Access Scope="TypedConstant" UId="24">
      <IntegerAttribute Name="NumBLs" Informative="true">5</IntegerAttribute>
      <Constant>
        <ConstantValue>T#5s</ConstantValue>
        <StringAttribute Name="Format" Informative="true">Time</StringAttribute>
        <StringAttribute Name="FormatFlags" Informative="true">TypeQualifier</StringAttribute>
      </Constant>
    </Access>
    <Access Scope="LiteralConstant" UId="25">
      <IntegerAttribute Name="NumBLs" Informative="true">5</IntegerAttribute>
      <Constant>
        <ConstantType>Byte</ConstantType>
        <ConstantValue>2#0000_0000</ConstantValue>
        <StringAttribute Name="Format" Informative="true">Bin</StringAttribute>
      </Constant>
    </Access>
    <Access Scope="GlobalVariable" UId="26">
      <IntegerAttribute Name="NumBLs" Informative="true">5</IntegerAttribute>
      <Symbol>
        <Component Name="FGDB_120SAE009-QM1" />
        <Component Name="Masks" />
        <Component Name="disableFault_17_24" />
        <Address Area="DB" Type="Byte" BlockNumber="217" BitOffset="288" Informative="true" />
      </Symbol>
    </Access>
    <Access Scope="LiteralConstant" UId="27">
      <IntegerAttribute Name="NumBLs" Informative="true">5</IntegerAttribute>
      <Constant>
        <ConstantType>Byte</ConstantType>
        <ConstantValue>2#0010_0000</ConstantValue>
        <StringAttribute Name="Format" Informative="true">Bin</StringAttribute>
      </Constant>
    </Access>
    <Access Scope="GlobalVariable" UId="28">
      <IntegerAttribute Name="NumBLs" Informative="true">5</IntegerAttribute>
      <Symbol>
        <Component Name="FGDB_120SAE009-QM1" />
        <Component Name="Masks" />
        <Component Name="disableFault_17_24" />
        <Address Area="DB" Type="Byte" BlockNumber="217" BitOffset="288" Informative="true" />
      </Symbol>
    </Access>
    <Part Name="A" UId="29">
      <TemplateValue Name="Card" Type="Cardinality">3</TemplateValue>
      <Negated Name="in1" />
      <Negated Name="in2" />
    </Part>
    <Part Name="TON" Version="1.0" UId="30">
      <Instance Scope="GlobalVariable" UId="31">
        <Component Name="T_120SAE009_QM1_Verz" />
        <Address Area="DB" Type="IEC_TIMER" BlockNumber="369" BitOffset="0" Informative="true" />
      </Instance>
      <TemplateValue Name="time_type" Type="Type">Time</TemplateValue>
    </Part>
    <Part Name="Move" UId="32" DisabledENO="true">
      <TemplateValue Name="Card" Type="Cardinality">1</TemplateValue>
    </Part>
    <Part Name="Move" UId="33" DisabledENO="true">
      <TemplateValue Name="Card" Type="Cardinality">1</TemplateValue>
      <Negated Name="en" />
    </Part>
  </Parts>
  <Wires>
    <Wire UId="35">
      <IdentCon UId="21" />
      <NameCon UId="29" Name="in1" />
    </Wire>
    <Wire UId="36">
      <IdentCon UId="22" />
      <NameCon UId="29" Name="in2" />
    </Wire>
    <Wire UId="37">
      <IdentCon UId="23" />
      <NameCon UId="29" Name="in3" />
    </Wire>
    <Wire UId="38">
      <NameCon UId="29" Name="out" />
      <NameCon UId="30" Name="IN" />
    </Wire>
    <Wire UId="39">
      <IdentCon UId="24" />
      <NameCon UId="30" Name="PT" />
    </Wire>
    <Wire UId="40">
      <NameCon UId="30" Name="ET" />
      <OpenCon UId="34" />
    </Wire>
    <Wire UId="41">
      <NameCon UId="30" Name="Q" />
      <NameCon UId="32" Name="en" />
      <NameCon UId="33" Name="en" />
    </Wire>
    <Wire UId="42">
      <IdentCon UId="25" />
      <NameCon UId="32" Name="in" />
    </Wire>
    <Wire UId="43">
      <NameCon UId="32" Name="out1" />
      <IdentCon UId="26" />
    </Wire>
    <Wire UId="44">
      <IdentCon UId="27" />
      <NameCon UId="33" Name="in" />
    </Wire>
    <Wire UId="45">
      <NameCon UId="33" Name="out1" />
      <IdentCon UId="28" />
    </Wire>
  </Wires>
</FlgNet></NetworkSource>
          <ProgrammingLanguage>FBD</ProgrammingLanguage>
        </AttributeList>
        <ObjectList>
          <MultilingualText ID="2F" CompositionName="Comment">
            <ObjectList>
              <MultilingualTextItem ID="30" CompositionName="Items">
                <AttributeList>
                  <Culture>en-US</Culture>
                  <Text />
                </AttributeList>
              </MultilingualTextItem>
              <MultilingualTextItem ID="31" CompositionName="Items">
                <AttributeList>
                  <Culture>de-DE</Culture>
                  <Text />
                </AttributeList>
              </MultilingualTextItem>
            </ObjectList>
          </MultilingualText>
          <MultilingualText ID="32" CompositionName="Title">
            <ObjectList>
              <MultilingualTextItem ID="33" CompositionName="Items">
                <AttributeList>
                  <Culture>en-US</Culture>
                  <Text />
                </AttributeList>
              </MultilingualTextItem>
              <MultilingualTextItem ID="34" CompositionName="Items">
                <AttributeList>
                  <Culture>de-DE</Culture>
                  <Text>Timer Verzogerung</Text>
                </AttributeList>
              </MultilingualTextItem>
            </ObjectList>
          </MultilingualText>
        </ObjectList>
      </SW.Blocks.CompileUnit>
      <SW.Blocks.CompileUnit ID="35" CompositionName="CompileUnits">
        <AttributeList>
          <NetworkSource><FlgNet xmlns="http://www.siemens.com/automation/Openness/SW/NetworkSource/FlgNet/v4">
  <Parts>
    <Access Scope="LiteralConstant" UId="21">
      <IntegerAttribute Name="NumBLs" Informative="true">5</IntegerAttribute>
      <Constant>
        <ConstantType>Bool</ConstantType>
        <ConstantValue>true</ConstantValue>
        <StringAttribute Name="Format" Informative="true">Bool</StringAttribute>
      </Constant>
    </Access>
    <Access Scope="GlobalVariable" UId="22">
      <IntegerAttribute Name="NumBLs" Informative="true">5</IntegerAttribute>
      <Symbol>
        <Component Name="FGDB_120SAE009-QM1" />
        <Component Name="safetyStop" />
        <Address Area="DB" Type="Bool" BlockNumber="217" BitOffset="5" Informative="true" />
      </Symbol>
    </Access>
    <Access Scope="GlobalVariable" UId="23">
      <IntegerAttribute Name="NumBLs" Informative="true">5</IntegerAttribute>
      <Symbol>
        <Component Name="FGDB_120SAE009-QM1" />
        <Component Name="enableOutForward" />
        <Address Area="DB" Type="Bool" BlockNumber="217" BitOffset="6" Informative="true" />
      </Symbol>
    </Access>
    <Access Scope="GlobalVariable" UId="24">
      <IntegerAttribute Name="NumBLs" Informative="true">5</IntegerAttribute>
      <Symbol>
        <Component Name="FGDB_120SAE009-QM1" />
        <Component Name="enableOutBackward" />
        <Address Area="DB" Type="Bool" BlockNumber="217" BitOffset="7" Informative="true" />
      </Symbol>
    </Access>
    <Access Scope="GlobalVariable" UId="25">
      <IntegerAttribute Name="NumBLs" Informative="true">5</IntegerAttribute>
      <Symbol>
        <Component Name="FGDB_120SAE009-QM1" />
        <Component Name="autoForward" />
        <Address Area="DB" Type="Bool" BlockNumber="217" BitOffset="8" Informative="true" />
      </Symbol>
    </Access>
    <Access Scope="GlobalVariable" UId="26">
      <IntegerAttribute Name="NumBLs" Informative="true">5</IntegerAttribute>
      <Symbol>
        <Component Name="FGDB_120SAE009-QM1" />
        <Component Name="autoBackward" />
        <Address Area="DB" Type="Bool" BlockNumber="217" BitOffset="9" Informative="true" />
      </Symbol>
    </Access>
    <Access Scope="LiteralConstant" UId="27">
      <IntegerAttribute Name="NumBLs" Informative="true">5</IntegerAttribute>
      <Constant>
        <ConstantType>Int</ConstantType>
        <ConstantValue>1</ConstantValue>
        <StringAttribute Name="Format" Informative="true">Dec_signed</StringAttribute>
      </Constant>
    </Access>
    <Access Scope="GlobalVariable" UId="28">
      <IntegerAttribute Name="NumBLs" Informative="true">5</IntegerAttribute>
      <Symbol>
        <Component Name="ToDo_SAE009-QM1MM01BG11:4" />
        <Address Area="Memory" Type="Bool" BitOffset="7995" Informative="true" />
      </Symbol>
    </Access>
    <Access Scope="GlobalVariable" UId="29">
      <IntegerAttribute Name="NumBLs" Informative="true">5</IntegerAttribute>
      <Symbol>
        <Component Name="ToDo_SAE009-QM1MM01BG21:2" />
        <Address Area="Memory" Type="Bool" BitOffset="7994" Informative="true" />
      </Symbol>
    </Access>
    <Access Scope="GlobalVariable" UId="30">
      <IntegerAttribute Name="NumBLs" Informative="true">5</IntegerAttribute>
      <Symbol>
        <Component Name="todo_SAE009-QM1MB11" />
        <Address Area="Memory" Type="Bool" BitOffset="7979" Informative="true" />
      </Symbol>
    </Access>
    <Access Scope="GlobalVariable" UId="31">
      <IntegerAttribute Name="NumBLs" Informative="true">5</IntegerAttribute>
      <Symbol>
        <Component Name="todo_SAE009-QM1MB21" />
        <Address Area="Memory" Type="Bool" BitOffset="7980" Informative="true" />
      </Symbol>
    </Access>
    <Access Scope="GlobalVariable" UId="32">
      <IntegerAttribute Name="NumBLs" Informative="true">5</IntegerAttribute>
      <Symbol>
        <Component Name="FGDB_120SAE009-QM1" />
        <Component Name="positionEndForward" />
        <Address Area="DB" Type="Bool" BlockNumber="217" BitOffset="66" Informative="true" />
      </Symbol>
    </Access>
    <Access Scope="GlobalVariable" UId="33">
      <IntegerAttribute Name="NumBLs" Informative="true">5</IntegerAttribute>
      <Symbol>
        <Component Name="FGDB_120SAE009-QM1" />
        <Component Name="positionEndBackward" />
        <Address Area="DB" Type="Bool" BlockNumber="217" BitOffset="67" Informative="true" />
      </Symbol>
    </Access>
    <Access Scope="GlobalVariable" UId="34">
      <IntegerAttribute Name="NumBLs" Informative="true">5</IntegerAttribute>
      <Symbol>
        <Component Name="FGDB_120SAE009-QM1" />
        <Component Name="fault" />
        <Address Area="DB" Type="Bool" BlockNumber="217" BitOffset="69" Informative="true" />
      </Symbol>
    </Access>
    <Access Scope="GlobalVariable" UId="35">
      <IntegerAttribute Name="NumBLs" Informative="true">5</IntegerAttribute>
      <Symbol>
        <Component Name="FGDB_120SAE009-QM1" />
        <Component Name="faultExt" />
        <Address Area="DB" Type="Bool" BlockNumber="217" BitOffset="70" Informative="true" />
      </Symbol>
    </Access>
    <Call UId="36">
      <CallInfo Name="iFG_VALVE_2D2P" BlockType="FB">
        <IntegerAttribute Name="BlockNumber" Informative="true">1091</IntegerAttribute>
        <DateAttribute Name="ParameterModifiedTS" Informative="true">2022-10-05T14:57:12</DateAttribute>
        <Instance Scope="GlobalVariable" UId="37">
          <Component Name="FGDB_120SAE009-QM1" />
          <Address Area="DB" Type="iFG_VALVE_2D2P" BlockNumber="217" BitOffset="0" Informative="true" />
        </Instance>
        <Parameter Name="activateDelayTimePairMon" Section="Input" Type="Bool">
          <StringAttribute Name="InterfaceFlags" Informative="true">S7_Visible</StringAttribute>
        </Parameter>
        <Parameter Name="activateGroupMessPairMon" Section="Input" Type="Bool">
          <StringAttribute Name="InterfaceFlags" Informative="true">S7_Visible</StringAttribute>
        </Parameter>
        <Parameter Name="activateDelayTimeNoPosition" Section="Input" Type="Bool">
          <StringAttribute Name="InterfaceFlags" Informative="true">S7_Visible</StringAttribute>
        </Parameter>
        <Parameter Name="activateGroupMessNoPosition" Section="Input" Type="Bool">
          <StringAttribute Name="InterfaceFlags" Informative="true">S7_Visible</StringAttribute>
        </Parameter>
        <Parameter Name="activateStartEnableSignalsStoring" Section="Input" Type="Bool">
          <StringAttribute Name="InterfaceFlags" Informative="true">S7_Visible</StringAttribute>
        </Parameter>
        <Parameter Name="safetyStop" Section="Input" Type="Bool">
          <StringAttribute Name="InterfaceFlags" Informative="true">S7_Visible</StringAttribute>
        </Parameter>
        <Parameter Name="enableOutForward" Section="Input" Type="Bool">
          <StringAttribute Name="InterfaceFlags" Informative="true">S7_Visible</StringAttribute>
        </Parameter>
        <Parameter Name="enableOutBackward" Section="Input" Type="Bool">
          <StringAttribute Name="InterfaceFlags" Informative="true">S7_Visible</StringAttribute>
        </Parameter>
        <Parameter Name="autoForward" Section="Input" Type="Bool">
          <StringAttribute Name="InterfaceFlags" Informative="true">S7_Visible</StringAttribute>
        </Parameter>
        <Parameter Name="autoBackward" Section="Input" Type="Bool">
          <StringAttribute Name="InterfaceFlags" Informative="true">S7_Visible</StringAttribute>
        </Parameter>
        <Parameter Name="setupForward" Section="Input" Type="Bool">
          <StringAttribute Name="InterfaceFlags" Informative="true">S7_Visible</StringAttribute>
        </Parameter>
        <Parameter Name="setupBackward" Section="Input" Type="Bool">
          <StringAttribute Name="InterfaceFlags" Informative="true">S7_Visible</StringAttribute>
        </Parameter>
        <Parameter Name="usedPositionPair" Section="Input" Type="Int">
          <StringAttribute Name="InterfaceFlags" Informative="true">S7_Visible</StringAttribute>
        </Parameter>
        <Parameter Name="position_1_endForward" Section="Input" Type="Bool">
          <StringAttribute Name="InterfaceFlags" Informative="true">S7_Visible</StringAttribute>
        </Parameter>
        <Parameter Name="position_1_endBackward" Section="Input" Type="Bool">
          <StringAttribute Name="InterfaceFlags" Informative="true">S7_Visible</StringAttribute>
        </Parameter>
        <Parameter Name="position_2_endForward" Section="Input" Type="Bool">
          <StringAttribute Name="InterfaceFlags" Informative="true">S7_Visible</StringAttribute>
        </Parameter>
        <Parameter Name="position_2_endBackward" Section="Input" Type="Bool">
          <StringAttribute Name="InterfaceFlags" Informative="true">S7_Visible</StringAttribute>
        </Parameter>
        <Parameter Name="position_3_endForward" Section="Input" Type="Bool">
          <StringAttribute Name="InterfaceFlags" Informative="true">S7_Visible</StringAttribute>
        </Parameter>
        <Parameter Name="position_3_endBackward" Section="Input" Type="Bool">
          <StringAttribute Name="InterfaceFlags" Informative="true">S7_Visible</StringAttribute>
        </Parameter>
        <Parameter Name="position_4_endForward" Section="Input" Type="Bool">
          <StringAttribute Name="InterfaceFlags" Informative="true">S7_Visible</StringAttribute>
        </Parameter>
        <Parameter Name="position_4_endBackward" Section="Input" Type="Bool">
          <StringAttribute Name="InterfaceFlags" Informative="true">S7_Visible</StringAttribute>
        </Parameter>
        <Parameter Name="position_5_endForward" Section="Input" Type="Bool">
          <StringAttribute Name="InterfaceFlags" Informative="true">S7_Visible</StringAttribute>
        </Parameter>
        <Parameter Name="position_5_endBackward" Section="Input" Type="Bool">
          <StringAttribute Name="InterfaceFlags" Informative="true">S7_Visible</StringAttribute>
        </Parameter>
        <Parameter Name="position_6_endForward" Section="Input" Type="Bool">
          <StringAttribute Name="InterfaceFlags" Informative="true">S7_Visible</StringAttribute>
        </Parameter>
        <Parameter Name="position_6_endBackward" Section="Input" Type="Bool">
          <StringAttribute Name="InterfaceFlags" Informative="true">S7_Visible</StringAttribute>
        </Parameter>
        <Parameter Name="position_7_endForward" Section="Input" Type="Bool">
          <StringAttribute Name="InterfaceFlags" Informative="true">S7_Visible</StringAttribute>
        </Parameter>
        <Parameter Name="position_7_endBackward" Section="Input" Type="Bool">
          <StringAttribute Name="InterfaceFlags" Informative="true">S7_Visible</StringAttribute>
        </Parameter>
        <Parameter Name="position_8_endForward" Section="Input" Type="Bool">
          <StringAttribute Name="InterfaceFlags" Informative="true">S7_Visible</StringAttribute>
        </Parameter>
        <Parameter Name="position_8_endBackward" Section="Input" Type="Bool">
          <StringAttribute Name="InterfaceFlags" Informative="true">S7_Visible</StringAttribute>
        </Parameter>
        <Parameter Name="position_9_endForward" Section="Input" Type="Bool">
          <StringAttribute Name="InterfaceFlags" Informative="true">S7_Visible</StringAttribute>
        </Parameter>
        <Parameter Name="position_9_endBackward" Section="Input" Type="Bool">
          <StringAttribute Name="InterfaceFlags" Informative="true">S7_Visible</StringAttribute>
        </Parameter>
        <Parameter Name="position_10_endForward" Section="Input" Type="Bool">
          <StringAttribute Name="InterfaceFlags" Informative="true">S7_Visible</StringAttribute>
        </Parameter>
        <Parameter Name="position_10_endBackward" Section="Input" Type="Bool">
          <StringAttribute Name="InterfaceFlags" Informative="true">S7_Visible</StringAttribute>
        </Parameter>
        <Parameter Name="position_11_endForward" Section="Input" Type="Bool">
          <StringAttribute Name="InterfaceFlags" Informative="true">S7_Visible</StringAttribute>
        </Parameter>
        <Parameter Name="position_11_endBackward" Section="Input" Type="Bool">
          <StringAttribute Name="InterfaceFlags" Informative="true">S7_Visible</StringAttribute>
        </Parameter>
        <Parameter Name="position_12_endForward" Section="Input" Type="Bool">
          <StringAttribute Name="InterfaceFlags" Informative="true">S7_Visible</StringAttribute>
        </Parameter>
        <Parameter Name="position_12_endBackward" Section="Input" Type="Bool">
          <StringAttribute Name="InterfaceFlags" Informative="true">S7_Visible</StringAttribute>
        </Parameter>
        <Parameter Name="position_13_endForward" Section="Input" Type="Bool">
          <StringAttribute Name="InterfaceFlags" Informative="true">S7_Visible</StringAttribute>
        </Parameter>
        <Parameter Name="position_13_endBackward" Section="Input" Type="Bool">
          <StringAttribute Name="InterfaceFlags" Informative="true">S7_Visible</StringAttribute>
        </Parameter>
        <Parameter Name="position_14_endForward" Section="Input" Type="Bool">
          <StringAttribute Name="InterfaceFlags" Informative="true">S7_Visible</StringAttribute>
        </Parameter>
        <Parameter Name="position_14_endBackward" Section="Input" Type="Bool">
          <StringAttribute Name="InterfaceFlags" Informative="true">S7_Visible</StringAttribute>
        </Parameter>
        <Parameter Name="position_15_endForward" Section="Input" Type="Bool">
          <StringAttribute Name="InterfaceFlags" Informative="true">S7_Visible</StringAttribute>
        </Parameter>
        <Parameter Name="position_15_endBackward" Section="Input" Type="Bool">
          <StringAttribute Name="InterfaceFlags" Informative="true">S7_Visible</StringAttribute>
        </Parameter>
        <Parameter Name="position_16_endForward" Section="Input" Type="Bool">
          <StringAttribute Name="InterfaceFlags" Informative="true">S7_Visible</StringAttribute>
        </Parameter>
        <Parameter Name="position_16_endBackward" Section="Input" Type="Bool">
          <StringAttribute Name="InterfaceFlags" Informative="true">S7_Visible</StringAttribute>
        </Parameter>
        <Parameter Name="qmForward" Section="Output" Type="Bool">
          <StringAttribute Name="InterfaceFlags" Informative="true">S7_Visible</StringAttribute>
        </Parameter>
        <Parameter Name="qmBackward" Section="Output" Type="Bool">
          <StringAttribute Name="InterfaceFlags" Informative="true">S7_Visible</StringAttribute>
        </Parameter>
        <Parameter Name="positionEndForward" Section="Output" Type="Bool">
          <StringAttribute Name="InterfaceFlags" Informative="true">S7_Visible</StringAttribute>
        </Parameter>
        <Parameter Name="positionEndBackward" Section="Output" Type="Bool">
          <StringAttribute Name="InterfaceFlags" Informative="true">S7_Visible</StringAttribute>
        </Parameter>
        <Parameter Name="positionEndCorrect" Section="Output" Type="Bool">
          <StringAttribute Name="InterfaceFlags" Informative="true">S7_Visible</StringAttribute>
        </Parameter>
        <Parameter Name="fault" Section="Output" Type="Bool">
          <StringAttribute Name="InterfaceFlags" Informative="true">S7_Visible</StringAttribute>
        </Parameter>
        <Parameter Name="faultExt" Section="Output" Type="Bool">
          <StringAttribute Name="InterfaceFlags" Informative="true">S7_Visible</StringAttribute>
        </Parameter>
      </CallInfo>
    </Call>
  </Parts>
  <Wires>
    <Wire UId="76">
      <OpenCon UId="38" />
      <NameCon UId="36" Name="en" />
    </Wire>
    <Wire UId="77">
      <OpenCon UId="39" />
      <NameCon UId="36" Name="activateDelayTimePairMon" />
    </Wire>
    <Wire UId="78">
      <OpenCon UId="40" />
      <NameCon UId="36" Name="activateGroupMessPairMon" />
    </Wire>
    <Wire UId="79">
      <IdentCon UId="21" />
      <NameCon UId="36" Name="activateDelayTimeNoPosition" />
    </Wire>
    <Wire UId="80">
      <OpenCon UId="41" />
      <NameCon UId="36" Name="activateGroupMessNoPosition" />
    </Wire>
    <Wire UId="81">
      <OpenCon UId="42" />
      <NameCon UId="36" Name="activateStartEnableSignalsStoring" />
    </Wire>
    <Wire UId="82">
      <IdentCon UId="22" />
      <NameCon UId="36" Name="safetyStop" />
    </Wire>
    <Wire UId="83">
      <IdentCon UId="23" />
      <NameCon UId="36" Name="enableOutForward" />
    </Wire>
    <Wire UId="84">
      <IdentCon UId="24" />
      <NameCon UId="36" Name="enableOutBackward" />
    </Wire>
    <Wire UId="85">
      <IdentCon UId="25" />
      <NameCon UId="36" Name="autoForward" />
    </Wire>
    <Wire UId="86">
      <IdentCon UId="26" />
      <NameCon UId="36" Name="autoBackward" />
    </Wire>
    <Wire UId="87">
      <OpenCon UId="43" />
      <NameCon UId="36" Name="setupForward" />
    </Wire>
    <Wire UId="88">
      <OpenCon UId="44" />
      <NameCon UId="36" Name="setupBackward" />
    </Wire>
    <Wire UId="89">
      <IdentCon UId="27" />
      <NameCon UId="36" Name="usedPositionPair" />
    </Wire>
    <Wire UId="90">
      <IdentCon UId="28" />
      <NameCon UId="36" Name="position_1_endForward" />
    </Wire>
    <Wire UId="91">
      <IdentCon UId="29" />
      <NameCon UId="36" Name="position_1_endBackward" />
    </Wire>
    <Wire UId="92">
      <OpenCon UId="45" />
      <NameCon UId="36" Name="position_2_endForward" />
    </Wire>
    <Wire UId="93">
      <OpenCon UId="46" />
      <NameCon UId="36" Name="position_2_endBackward" />
    </Wire>
    <Wire UId="94">
      <OpenCon UId="47" />
      <NameCon UId="36" Name="position_3_endForward" />
    </Wire>
    <Wire UId="95">
      <OpenCon UId="48" />
      <NameCon UId="36" Name="position_3_endBackward" />
    </Wire>
    <Wire UId="96">
      <OpenCon UId="49" />
      <NameCon UId="36" Name="position_4_endForward" />
    </Wire>
    <Wire UId="97">
      <OpenCon UId="50" />
      <NameCon UId="36" Name="position_4_endBackward" />
    </Wire>
    <Wire UId="98">
      <OpenCon UId="51" />
      <NameCon UId="36" Name="position_5_endForward" />
    </Wire>
    <Wire UId="99">
      <OpenCon UId="52" />
      <NameCon UId="36" Name="position_5_endBackward" />
    </Wire>
    <Wire UId="100">
      <OpenCon UId="53" />
      <NameCon UId="36" Name="position_6_endForward" />
    </Wire>
    <Wire UId="101">
      <OpenCon UId="54" />
      <NameCon UId="36" Name="position_6_endBackward" />
    </Wire>
    <Wire UId="102">
      <OpenCon UId="55" />
      <NameCon UId="36" Name="position_7_endForward" />
    </Wire>
    <Wire UId="103">
      <OpenCon UId="56" />
      <NameCon UId="36" Name="position_7_endBackward" />
    </Wire>
    <Wire UId="104">
      <OpenCon UId="57" />
      <NameCon UId="36" Name="position_8_endForward" />
    </Wire>
    <Wire UId="105">
      <OpenCon UId="58" />
      <NameCon UId="36" Name="position_8_endBackward" />
    </Wire>
    <Wire UId="106">
      <OpenCon UId="59" />
      <NameCon UId="36" Name="position_9_endForward" />
    </Wire>
    <Wire UId="107">
      <OpenCon UId="60" />
      <NameCon UId="36" Name="position_9_endBackward" />
    </Wire>
    <Wire UId="108">
      <OpenCon UId="61" />
      <NameCon UId="36" Name="position_10_endForward" />
    </Wire>
    <Wire UId="109">
      <OpenCon UId="62" />
      <NameCon UId="36" Name="position_10_endBackward" />
    </Wire>
    <Wire UId="110">
      <OpenCon UId="63" />
      <NameCon UId="36" Name="position_11_endForward" />
    </Wire>
    <Wire UId="111">
      <OpenCon UId="64" />
      <NameCon UId="36" Name="position_11_endBackward" />
    </Wire>
    <Wire UId="112">
      <OpenCon UId="65" />
      <NameCon UId="36" Name="position_12_endForward" />
    </Wire>
    <Wire UId="113">
      <OpenCon UId="66" />
      <NameCon UId="36" Name="position_12_endBackward" />
    </Wire>
    <Wire UId="114">
      <OpenCon UId="67" />
      <NameCon UId="36" Name="position_13_endForward" />
    </Wire>
    <Wire UId="115">
      <OpenCon UId="68" />
      <NameCon UId="36" Name="position_13_endBackward" />
    </Wire>
    <Wire UId="116">
      <OpenCon UId="69" />
      <NameCon UId="36" Name="position_14_endForward" />
    </Wire>
    <Wire UId="117">
      <OpenCon UId="70" />
      <NameCon UId="36" Name="position_14_endBackward" />
    </Wire>
    <Wire UId="118">
      <OpenCon UId="71" />
      <NameCon UId="36" Name="position_15_endForward" />
    </Wire>
    <Wire UId="119">
      <OpenCon UId="72" />
      <NameCon UId="36" Name="position_15_endBackward" />
    </Wire>
    <Wire UId="120">
      <OpenCon UId="73" />
      <NameCon UId="36" Name="position_16_endForward" />
    </Wire>
    <Wire UId="121">
      <OpenCon UId="74" />
      <NameCon UId="36" Name="position_16_endBackward" />
    </Wire>
    <Wire UId="122">
      <NameCon UId="36" Name="qmForward" />
      <IdentCon UId="30" />
    </Wire>
    <Wire UId="123">
      <NameCon UId="36" Name="qmBackward" />
      <IdentCon UId="31" />
    </Wire>
    <Wire UId="124">
      <NameCon UId="36" Name="positionEndForward" />
      <IdentCon UId="32" />
    </Wire>
    <Wire UId="125">
      <NameCon UId="36" Name="positionEndBackward" />
      <IdentCon UId="33" />
    </Wire>
    <Wire UId="126">
      <NameCon UId="36" Name="positionEndCorrect" />
      <OpenCon UId="75" />
    </Wire>
    <Wire UId="127">
      <NameCon UId="36" Name="fault" />
      <IdentCon UId="34" />
    </Wire>
    <Wire UId="128">
      <NameCon UId="36" Name="faultExt" />
      <IdentCon UId="35" />
    </Wire>
  </Wires>
</FlgNet></NetworkSource>
          <ProgrammingLanguage>FBD</ProgrammingLanguage>
        </AttributeList>
        <ObjectList>
          <MultilingualText ID="36" CompositionName="Comment">
            <ObjectList>
              <MultilingualTextItem ID="37" CompositionName="Items">
                <AttributeList>
                  <Culture>en-US</Culture>
                  <Text />
                </AttributeList>
              </MultilingualTextItem>
              <MultilingualTextItem ID="38" CompositionName="Items">
                <AttributeList>
                  <Culture>de-DE</Culture>
                  <Text />
                </AttributeList>
              </MultilingualTextItem>
            </ObjectList>
          </MultilingualText>
          <MultilingualText ID="39" CompositionName="Title">
            <ObjectList>
              <MultilingualTextItem ID="3A" CompositionName="Items">
                <AttributeList>
                  <Culture>en-US</Culture>
                  <Text />
                </AttributeList>
              </MultilingualTextItem>
              <MultilingualTextItem ID="3B" CompositionName="Items">
                <AttributeList>
                  <Culture>de-DE</Culture>
                  <Text>Aufruf 120SAE009-QM1</Text>
                </AttributeList>
              </MultilingualTextItem>
            </ObjectList>
          </MultilingualText>
        </ObjectList>
      </SW.Blocks.CompileUnit>
      <MultilingualText ID="3C" CompositionName="Title">
        <ObjectList>
          <MultilingualTextItem ID="3D" CompositionName="Items">
            <AttributeList>
              <Culture>en-US</Culture>
              <Text />
            </AttributeList>
          </MultilingualTextItem>
          <MultilingualTextItem ID="3E" CompositionName="Items">
            <AttributeList>
              <Culture>de-DE</Culture>
              <Text>120SAE009-QM1</Text>
            </AttributeList>
          </MultilingualTextItem>
        </ObjectList>
      </MultilingualText>
    </ObjectList>
  </SW.Blocks.FC>
</Document>