﻿<?xml version="1.0" encoding="utf-8"?>
<Document>
  <Engineering version="V16" />
  <DocumentInfo>
    <Created>2025-05-12T11:27:44.4474235Z</Created>
    <ExportSetting>WithDefaults, WithReadOnly</ExportSetting>
    <InstalledProducts>
      <Product>
        <DisplayName>Totally Integrated Automation Portal</DisplayName>
        <DisplayVersion>V16 Update 7</DisplayVersion>
      </Product>
      <OptionPackage>
        <DisplayName>TIA Portal Version Control Interface</DisplayName>
        <DisplayVersion>V16 Update 2</DisplayVersion>
      </OptionPackage>
      <OptionPackage>
        <DisplayName>TIA Portal Openness</DisplayName>
        <DisplayVersion>V16 Update 7</DisplayVersion>
      </OptionPackage>
      <Product>
        <DisplayName>SINAMICS Startdrive Advanced</DisplayName>
        <DisplayVersion>V16 Update 5</DisplayVersion>
      </Product>
      <OptionPackage>
        <DisplayName>SINAMICS Startdrive G130, G150, S120, S150, SINAMICS MV, S210</DisplayName>
        <DisplayVersion>V16 Update 5</DisplayVersion>
      </OptionPackage>
      <OptionPackage>
        <DisplayName>SINAMICS Startdrive G110M, G120, G120C, G120D, G120P, G115D</DisplayName>
        <DisplayVersion>V16 Update 5</DisplayVersion>
      </OptionPackage>
      <Product>
        <DisplayName>STEP 7 Professional</DisplayName>
        <DisplayVersion>V16 Update 7</DisplayVersion>
      </Product>
      <OptionPackage>
        <DisplayName>STEP 7 Safety</DisplayName>
        <DisplayVersion>V16 Update 7</DisplayVersion>
      </OptionPackage>
      <Product>
        <DisplayName>WinCC Advanced</DisplayName>
        <DisplayVersion>V16 Update 7</DisplayVersion>
      </Product>
      <OptionPackage>
        <DisplayName>SIMATIC Visualization Architect</DisplayName>
        <DisplayVersion>V16</DisplayVersion>
      </OptionPackage>
    </InstalledProducts>
  </DocumentInfo>
  <SW.Blocks.InstanceDB ID="0">
    <AttributeList>
      <AutoNumber>true</AutoNumber>
      <CodeModifiedDate ReadOnly="true">2023-07-10T09:28:03.8151803Z</CodeModifiedDate>
      <CompileDate ReadOnly="true">2023-07-13T07:25:32.3800757Z</CompileDate>
      <CreationDate ReadOnly="true">2023-07-10T09:28:03.7052984Z</CreationDate>
      <DBAccessibleFromOPCUA>true</DBAccessibleFromOPCUA>
      <HeaderAuthor>integra</HeaderAuthor>
      <HeaderFamily>TMPL</HeaderFamily>
      <HeaderName />
      <HeaderVersion>1.0</HeaderVersion>
      <InstanceOfName>iSF_TLG_QUALITY_GATE</InstanceOfName>
      <InstanceOfNumber ReadOnly="true">66</InstanceOfNumber>
      <InstanceOfType>FB</InstanceOfType>
      <Interface><Sections xmlns="http://www.siemens.com/automation/Openness/SW/Interface/v4">
  <Section Name="Input">
    <Member Name="fct" Datatype="Int" Remanence="Retain" Accessibility="Public"><AttributeList><IntegerAttribute Name="Offset" Informative="true" SystemDefined="true">0</IntegerAttribute><BooleanAttribute Name="ExternalAccessible" SystemDefined="true">true</BooleanAttribute><BooleanAttribute Name="ExternalVisible" SystemDefined="true">true</BooleanAttribute><BooleanAttribute Name="ExternalWritable" SystemDefined="true">true</BooleanAttribute><BooleanAttribute Name="UserVisible" Informative="true" SystemDefined="true">true</BooleanAttribute><BooleanAttribute Name="UserReadOnly" Informative="true" SystemDefined="true">false</BooleanAttribute><BooleanAttribute Name="UserDeletable" Informative="true" SystemDefined="true">true</BooleanAttribute></AttributeList></Member>
    <Member Name="sendTLG" Datatype="Bool" Remanence="Retain" Accessibility="Public"><AttributeList><IntegerAttribute Name="Offset" Informative="true" SystemDefined="true">16</IntegerAttribute><BooleanAttribute Name="ExternalAccessible" SystemDefined="true">true</BooleanAttribute><BooleanAttribute Name="ExternalVisible" SystemDefined="true">true</BooleanAttribute><BooleanAttribute Name="ExternalWritable" SystemDefined="true">true</BooleanAttribute><BooleanAttribute Name="UserVisible" Informative="true" SystemDefined="true">true</BooleanAttribute><BooleanAttribute Name="UserReadOnly" Informative="true" SystemDefined="true">false</BooleanAttribute><BooleanAttribute Name="UserDeletable" Informative="true" SystemDefined="true">true</BooleanAttribute></AttributeList></Member>
    <Member Name="functionPoint" Datatype="String[6]" Remanence="Retain" Accessibility="Public"><AttributeList><IntegerAttribute Name="Offset" Informative="true" SystemDefined="true">32</IntegerAttribute><BooleanAttribute Name="ExternalAccessible" SystemDefined="true">true</BooleanAttribute><BooleanAttribute Name="ExternalVisible" SystemDefined="true">true</BooleanAttribute><BooleanAttribute Name="ExternalWritable" SystemDefined="true">true</BooleanAttribute><BooleanAttribute Name="UserVisible" Informative="true" SystemDefined="true">true</BooleanAttribute><BooleanAttribute Name="UserReadOnly" Informative="true" SystemDefined="true">false</BooleanAttribute><BooleanAttribute Name="UserDeletable" Informative="true" SystemDefined="true">true</BooleanAttribute></AttributeList></Member>
    <Member Name="identType" Datatype="String[12]" Remanence="Retain" Accessibility="Public"><AttributeList><IntegerAttribute Name="Offset" Informative="true" SystemDefined="true">96</IntegerAttribute><BooleanAttribute Name="ExternalAccessible" SystemDefined="true">true</BooleanAttribute><BooleanAttribute Name="ExternalVisible" SystemDefined="true">true</BooleanAttribute><BooleanAttribute Name="ExternalWritable" SystemDefined="true">true</BooleanAttribute><BooleanAttribute Name="UserVisible" Informative="true" SystemDefined="true">true</BooleanAttribute><BooleanAttribute Name="UserReadOnly" Informative="true" SystemDefined="true">false</BooleanAttribute><BooleanAttribute Name="UserDeletable" Informative="true" SystemDefined="true">true</BooleanAttribute></AttributeList></Member>
    <Member Name="ident" Datatype="Variant" Remanence="Retain" Accessibility="Public"><AttributeList><BooleanAttribute Name="UserVisible" Informative="true" SystemDefined="true">true</BooleanAttribute><BooleanAttribute Name="UserReadOnly" Informative="true" SystemDefined="true">false</BooleanAttribute><BooleanAttribute Name="UserDeletable" Informative="true" SystemDefined="true">true</BooleanAttribute></AttributeList></Member>
  </Section>
  <Section Name="Output">
    <Member Name="sendTlgOK" Datatype="Bool" Remanence="Retain" Accessibility="Public"><AttributeList><IntegerAttribute Name="Offset" Informative="true" SystemDefined="true">208</IntegerAttribute><BooleanAttribute Name="ExternalAccessible" SystemDefined="true">true</BooleanAttribute><BooleanAttribute Name="ExternalVisible" SystemDefined="true">true</BooleanAttribute><BooleanAttribute Name="ExternalWritable" SystemDefined="true">true</BooleanAttribute><BooleanAttribute Name="UserVisible" Informative="true" SystemDefined="true">true</BooleanAttribute><BooleanAttribute Name="UserReadOnly" Informative="true" SystemDefined="true">false</BooleanAttribute><BooleanAttribute Name="UserDeletable" Informative="true" SystemDefined="true">true</BooleanAttribute></AttributeList></Member>
    <Member Name="sendTlgNOK" Datatype="Bool" Remanence="Retain" Accessibility="Public"><AttributeList><IntegerAttribute Name="Offset" Informative="true" SystemDefined="true">209</IntegerAttribute><BooleanAttribute Name="ExternalAccessible" SystemDefined="true">true</BooleanAttribute><BooleanAttribute Name="ExternalVisible" SystemDefined="true">true</BooleanAttribute><BooleanAttribute Name="ExternalWritable" SystemDefined="true">true</BooleanAttribute><BooleanAttribute Name="UserVisible" Informative="true" SystemDefined="true">true</BooleanAttribute><BooleanAttribute Name="UserReadOnly" Informative="true" SystemDefined="true">false</BooleanAttribute><BooleanAttribute Name="UserDeletable" Informative="true" SystemDefined="true">true</BooleanAttribute></AttributeList></Member>
    <Member Name="targetPoint" Datatype="UDInt" Remanence="Retain" Accessibility="Public"><AttributeList><IntegerAttribute Name="Offset" Informative="true" SystemDefined="true">224</IntegerAttribute><BooleanAttribute Name="ExternalAccessible" SystemDefined="true">true</BooleanAttribute><BooleanAttribute Name="ExternalVisible" SystemDefined="true">true</BooleanAttribute><BooleanAttribute Name="ExternalWritable" SystemDefined="true">true</BooleanAttribute><BooleanAttribute Name="UserVisible" Informative="true" SystemDefined="true">true</BooleanAttribute><BooleanAttribute Name="UserReadOnly" Informative="true" SystemDefined="true">false</BooleanAttribute><BooleanAttribute Name="UserDeletable" Informative="true" SystemDefined="true">true</BooleanAttribute></AttributeList></Member>
    <Member Name="resultPLUS" Datatype="Array[1..32] of Bool" Remanence="Retain" Accessibility="Public"><AttributeList><IntegerAttribute Name="Offset" Informative="true" SystemDefined="true">256</IntegerAttribute><IntegerAttribute Name="PaddedSize" Informative="true" SystemDefined="true">1</IntegerAttribute><BooleanAttribute Name="ExternalAccessible" SystemDefined="true">true</BooleanAttribute><BooleanAttribute Name="ExternalVisible" SystemDefined="true">true</BooleanAttribute><BooleanAttribute Name="ExternalWritable" SystemDefined="true">true</BooleanAttribute><BooleanAttribute Name="UserVisible" Informative="true" SystemDefined="true">true</BooleanAttribute><BooleanAttribute Name="UserReadOnly" Informative="true" SystemDefined="true">false</BooleanAttribute><BooleanAttribute Name="UserDeletable" Informative="true" SystemDefined="true">true</BooleanAttribute></AttributeList></Member>
    <Member Name="fault" Datatype="Bool" Remanence="Retain" Accessibility="Public"><AttributeList><IntegerAttribute Name="Offset" Informative="true" SystemDefined="true">288</IntegerAttribute><BooleanAttribute Name="ExternalAccessible" SystemDefined="true">true</BooleanAttribute><BooleanAttribute Name="ExternalVisible" SystemDefined="true">true</BooleanAttribute><BooleanAttribute Name="ExternalWritable" SystemDefined="true">true</BooleanAttribute><BooleanAttribute Name="UserVisible" Informative="true" SystemDefined="true">true</BooleanAttribute><BooleanAttribute Name="UserReadOnly" Informative="true" SystemDefined="true">false</BooleanAttribute><BooleanAttribute Name="UserDeletable" Informative="true" SystemDefined="true">true</BooleanAttribute></AttributeList></Member>
  </Section>
  <Section Name="InOut">
    <Member Name="IfcFgExternal" Datatype="&quot;iUDT_IFC_SYS_EXTERNAL_ALARM&quot;" Remanence="Retain" Accessibility="Public"><AttributeList><IntegerAttribute Name="Offset" Informative="true" SystemDefined="true">304</IntegerAttribute><BooleanAttribute Name="UserVisible" Informative="true" SystemDefined="true">true</BooleanAttribute><BooleanAttribute Name="UserReadOnly" Informative="true" SystemDefined="true">false</BooleanAttribute><BooleanAttribute Name="UserDeletable" Informative="true" SystemDefined="true">true</BooleanAttribute></AttributeList><Sections><Section Name="None"><Member Name="numberExternalMessages" Datatype="Int"><AttributeList><IntegerAttribute Name="Offset" Informative="true" SystemDefined="true">0</IntegerAttribute></AttributeList></Member><Member Name="ack" Datatype="Bool"><AttributeList><IntegerAttribute Name="Offset" Informative="true" SystemDefined="true">16</IntegerAttribute></AttributeList></Member><Member Name="stEnableIn" Datatype="Bool"><AttributeList><IntegerAttribute Name="Offset" Informative="true" SystemDefined="true">17</IntegerAttribute></AttributeList></Member><Member Name="stFault" Datatype="Bool"><AttributeList><IntegerAttribute Name="Offset" Informative="true" SystemDefined="true">18</IntegerAttribute></AttributeList></Member><Member Name="stAuto" Datatype="Bool"><AttributeList><IntegerAttribute Name="Offset" Informative="true" SystemDefined="true">19</IntegerAttribute></AttributeList></Member><Member Name="stWarning" Datatype="Bool"><AttributeList><IntegerAttribute Name="Offset" Informative="true" SystemDefined="true">20</IntegerAttribute></AttributeList></Member><Member Name="stFaultPr" Datatype="Bool"><AttributeList><IntegerAttribute Name="Offset" Informative="true" SystemDefined="true">21</IntegerAttribute></AttributeList></Member><Member Name="stEStop" Datatype="Bool"><AttributeList><IntegerAttribute Name="Offset" Informative="true" SystemDefined="true">22</IntegerAttribute></AttributeList></Member><Member Name="sectionIndex" Datatype="Int"><AttributeList><IntegerAttribute Name="Offset" Informative="true" SystemDefined="true">32</IntegerAttribute></AttributeList></Member><Member Name="deskIndex" Datatype="Int"><AttributeList><IntegerAttribute Name="Offset" Informative="true" SystemDefined="true">48</IntegerAttribute></AttributeList></Member><Member Name="stationIndex" Datatype="Int"><AttributeList><IntegerAttribute Name="Offset" Informative="true" SystemDefined="true">64</IntegerAttribute></AttributeList></Member><Member Name="fgIndex" Datatype="Int"><AttributeList><IntegerAttribute Name="Offset" Informative="true" SystemDefined="true">80</IntegerAttribute></AttributeList></Member></Section></Sections></Member>
    <Member Name="IfcTLG" Datatype="&quot;iUDT_IFC_TLG&quot;" Remanence="Retain" Accessibility="Public"><AttributeList><IntegerAttribute Name="Offset" Informative="true" SystemDefined="true">352</IntegerAttribute><BooleanAttribute Name="UserVisible" Informative="true" SystemDefined="true">true</BooleanAttribute><BooleanAttribute Name="UserReadOnly" Informative="true" SystemDefined="true">false</BooleanAttribute><BooleanAttribute Name="UserDeletable" Informative="true" SystemDefined="true">true</BooleanAttribute></AttributeList><Sections><Section Name="None"><Member Name="sendList_start" Datatype="Int"><AttributeList><IntegerAttribute Name="Offset" Informative="true" SystemDefined="true">0</IntegerAttribute></AttributeList></Member><Member Name="sendList_end" Datatype="Int"><AttributeList><IntegerAttribute Name="Offset" Informative="true" SystemDefined="true">16</IntegerAttribute></AttributeList></Member><Member Name="sendList_error" Datatype="Int"><AttributeList><IntegerAttribute Name="Offset" Informative="true" SystemDefined="true">32</IntegerAttribute></AttributeList></Member><Member Name="recvList_start" Datatype="Int"><AttributeList><IntegerAttribute Name="Offset" Informative="true" SystemDefined="true">48</IntegerAttribute></AttributeList></Member><Member Name="recvList_end" Datatype="Int"><AttributeList><IntegerAttribute Name="Offset" Informative="true" SystemDefined="true">64</IntegerAttribute></AttributeList></Member><Member Name="recvList_error" Datatype="Int"><AttributeList><IntegerAttribute Name="Offset" Informative="true" SystemDefined="true">80</IntegerAttribute></AttributeList></Member><Member Name="send" Datatype="Array[1..100] of Struct"><AttributeList><IntegerAttribute Name="Offset" Informative="true" SystemDefined="true">96</IntegerAttribute><IntegerAttribute Name="PaddedSize" Informative="true" SystemDefined="true">464</IntegerAttribute></AttributeList><Member Name="DbName" Datatype="String[32]"><AttributeList><IntegerAttribute Name="Offset" Informative="true" SystemDefined="true">0</IntegerAttribute></AttributeList></Member><Member Name="DBsend" Datatype="DB_ANY"><AttributeList><IntegerAttribute Name="Offset" Informative="true" SystemDefined="true">272</IntegerAttribute></AttributeList></Member><Member Name="HEAD" Datatype="Struct"><AttributeList><IntegerAttribute Name="Offset" Informative="true" SystemDefined="true">288</IntegerAttribute></AttributeList><Member Name="DS" Datatype="Int"><AttributeList><IntegerAttribute Name="Offset" Informative="true" SystemDefined="true">0</IntegerAttribute></AttributeList></Member><Member Name="Len" Datatype="UDInt"><AttributeList><IntegerAttribute Name="Offset" Informative="true" SystemDefined="true">16</IntegerAttribute></AttributeList></Member></Member><Member Name="Header" Datatype="&quot;iUDT_TLG_HEADER&quot;"><AttributeList><IntegerAttribute Name="Offset" Informative="true" SystemDefined="true">336</IntegerAttribute></AttributeList><Sections><Section Name="None"><Member Name="lbc_1" Datatype="Char"><AttributeList><IntegerAttribute Name="Offset" Informative="true" SystemDefined="true">0</IntegerAttribute></AttributeList></Member><Member Name="lbc_2" Datatype="Char"><AttributeList><IntegerAttribute Name="Offset" Informative="true" SystemDefined="true">8</IntegerAttribute></AttributeList></Member><Member Name="lbc_3" Datatype="Char"><AttributeList><IntegerAttribute Name="Offset" Informative="true" SystemDefined="true">16</IntegerAttribute></AttributeList></Member><Member Name="lbc_4" Datatype="Char"><AttributeList><IntegerAttribute Name="Offset" Informative="true" SystemDefined="true">24</IntegerAttribute></AttributeList></Member><Member Name="len_1" Datatype="Char"><AttributeList><IntegerAttribute Name="Offset" Informative="true" SystemDefined="true">32</IntegerAttribute></AttributeList></Member><Member Name="len_2" Datatype="Char"><AttributeList><IntegerAttribute Name="Offset" Informative="true" SystemDefined="true">40</IntegerAttribute></AttributeList></Member><Member Name="len_3" Datatype="Char"><AttributeList><IntegerAttribute Name="Offset" Informative="true" SystemDefined="true">48</IntegerAttribute></AttributeList></Member><Member Name="len_4" Datatype="Char"><AttributeList><IntegerAttribute Name="Offset" Informative="true" SystemDefined="true">56</IntegerAttribute></AttributeList></Member><Member Name="len_5" Datatype="Char"><AttributeList><IntegerAttribute Name="Offset" Informative="true" SystemDefined="true">64</IntegerAttribute></AttributeList></Member><Member Name="typ" Datatype="Char"><AttributeList><IntegerAttribute Name="Offset" Informative="true" SystemDefined="true">72</IntegerAttribute></AttributeList></Member><Member Name="source" Datatype="Char"><AttributeList><IntegerAttribute Name="Offset" Informative="true" SystemDefined="true">80</IntegerAttribute></AttributeList></Member><Member Name="dest" Datatype="Char"><AttributeList><IntegerAttribute Name="Offset" Informative="true" SystemDefined="true">88</IntegerAttribute></AttributeList></Member><Member Name="dc_1" Datatype="Char"><AttributeList><IntegerAttribute Name="Offset" Informative="true" SystemDefined="true">96</IntegerAttribute></AttributeList></Member><Member Name="dc_2" Datatype="Char"><AttributeList><IntegerAttribute Name="Offset" Informative="true" SystemDefined="true">104</IntegerAttribute></AttributeList></Member><Member Name="dc_3" Datatype="Char"><AttributeList><IntegerAttribute Name="Offset" Informative="true" SystemDefined="true">112</IntegerAttribute></AttributeList></Member><Member Name="dc_4" Datatype="Char"><AttributeList><IntegerAttribute Name="Offset" Informative="true" SystemDefined="true">120</IntegerAttribute></AttributeList></Member></Section></Sections></Member></Member><Member Name="recv" Datatype="Array[1..100] of Struct"><AttributeList><IntegerAttribute Name="Offset" Informative="true" SystemDefined="true">46496</IntegerAttribute><IntegerAttribute Name="PaddedSize" Informative="true" SystemDefined="true">496</IntegerAttribute></AttributeList><Member Name="DbName" Datatype="String[32]"><AttributeList><IntegerAttribute Name="Offset" Informative="true" SystemDefined="true">0</IntegerAttribute></AttributeList></Member><Member Name="DBreceive" Datatype="DB_ANY"><AttributeList><IntegerAttribute Name="Offset" Informative="true" SystemDefined="true">272</IntegerAttribute></AttributeList></Member><Member Name="maxLength" Datatype="UDInt"><AttributeList><IntegerAttribute Name="Offset" Informative="true" SystemDefined="true">288</IntegerAttribute></AttributeList></Member><Member Name="HEAD" Datatype="Struct"><AttributeList><IntegerAttribute Name="Offset" Informative="true" SystemDefined="true">320</IntegerAttribute></AttributeList><Member Name="DS" Datatype="Int"><AttributeList><IntegerAttribute Name="Offset" Informative="true" SystemDefined="true">0</IntegerAttribute></AttributeList></Member><Member Name="Len" Datatype="UDInt"><AttributeList><IntegerAttribute Name="Offset" Informative="true" SystemDefined="true">16</IntegerAttribute></AttributeList></Member></Member><Member Name="Header" Datatype="&quot;iUDT_TLG_HEADER&quot;"><AttributeList><IntegerAttribute Name="Offset" Informative="true" SystemDefined="true">368</IntegerAttribute></AttributeList><Sections><Section Name="None"><Member Name="lbc_1" Datatype="Char"><AttributeList><IntegerAttribute Name="Offset" Informative="true" SystemDefined="true">0</IntegerAttribute></AttributeList></Member><Member Name="lbc_2" Datatype="Char"><AttributeList><IntegerAttribute Name="Offset" Informative="true" SystemDefined="true">8</IntegerAttribute></AttributeList></Member><Member Name="lbc_3" Datatype="Char"><AttributeList><IntegerAttribute Name="Offset" Informative="true" SystemDefined="true">16</IntegerAttribute></AttributeList></Member><Member Name="lbc_4" Datatype="Char"><AttributeList><IntegerAttribute Name="Offset" Informative="true" SystemDefined="true">24</IntegerAttribute></AttributeList></Member><Member Name="len_1" Datatype="Char"><AttributeList><IntegerAttribute Name="Offset" Informative="true" SystemDefined="true">32</IntegerAttribute></AttributeList></Member><Member Name="len_2" Datatype="Char"><AttributeList><IntegerAttribute Name="Offset" Informative="true" SystemDefined="true">40</IntegerAttribute></AttributeList></Member><Member Name="len_3" Datatype="Char"><AttributeList><IntegerAttribute Name="Offset" Informative="true" SystemDefined="true">48</IntegerAttribute></AttributeList></Member><Member Name="len_4" Datatype="Char"><AttributeList><IntegerAttribute Name="Offset" Informative="true" SystemDefined="true">56</IntegerAttribute></AttributeList></Member><Member Name="len_5" Datatype="Char"><AttributeList><IntegerAttribute Name="Offset" Informative="true" SystemDefined="true">64</IntegerAttribute></AttributeList></Member><Member Name="typ" Datatype="Char"><AttributeList><IntegerAttribute Name="Offset" Informative="true" SystemDefined="true">72</IntegerAttribute></AttributeList></Member><Member Name="source" Datatype="Char"><AttributeList><IntegerAttribute Name="Offset" Informative="true" SystemDefined="true">80</IntegerAttribute></AttributeList></Member><Member Name="dest" Datatype="Char"><AttributeList><IntegerAttribute Name="Offset" Informative="true" SystemDefined="true">88</IntegerAttribute></AttributeList></Member><Member Name="dc_1" Datatype="Char"><AttributeList><IntegerAttribute Name="Offset" Informative="true" SystemDefined="true">96</IntegerAttribute></AttributeList></Member><Member Name="dc_2" Datatype="Char"><AttributeList><IntegerAttribute Name="Offset" Informative="true" SystemDefined="true">104</IntegerAttribute></AttributeList></Member><Member Name="dc_3" Datatype="Char"><AttributeList><IntegerAttribute Name="Offset" Informative="true" SystemDefined="true">112</IntegerAttribute></AttributeList></Member><Member Name="dc_4" Datatype="Char"><AttributeList><IntegerAttribute Name="Offset" Informative="true" SystemDefined="true">120</IntegerAttribute></AttributeList></Member></Section></Sections></Member></Member></Section></Sections></Member>
    <Member Name="DB_TLG_SEND_AESV" Datatype="&quot;iUDT_TLG_AESV&quot;" Remanence="Retain" Accessibility="Public"><AttributeList><IntegerAttribute Name="Offset" Informative="true" SystemDefined="true">400</IntegerAttribute><BooleanAttribute Name="UserVisible" Informative="true" SystemDefined="true">true</BooleanAttribute><BooleanAttribute Name="UserReadOnly" Informative="true" SystemDefined="true">false</BooleanAttribute><BooleanAttribute Name="UserDeletable" Informative="true" SystemDefined="true">true</BooleanAttribute></AttributeList><Sections><Section Name="None"><Member Name="HEADER" Datatype="&quot;iUDT_TLG_HEADER&quot;"><AttributeList><IntegerAttribute Name="Offset" Informative="true" SystemDefined="true">0</IntegerAttribute></AttributeList><Sections><Section Name="None"><Member Name="lbc_1" Datatype="Char"><AttributeList><IntegerAttribute Name="Offset" Informative="true" SystemDefined="true">0</IntegerAttribute></AttributeList></Member><Member Name="lbc_2" Datatype="Char"><AttributeList><IntegerAttribute Name="Offset" Informative="true" SystemDefined="true">8</IntegerAttribute></AttributeList></Member><Member Name="lbc_3" Datatype="Char"><AttributeList><IntegerAttribute Name="Offset" Informative="true" SystemDefined="true">16</IntegerAttribute></AttributeList></Member><Member Name="lbc_4" Datatype="Char"><AttributeList><IntegerAttribute Name="Offset" Informative="true" SystemDefined="true">24</IntegerAttribute></AttributeList></Member><Member Name="len_1" Datatype="Char"><AttributeList><IntegerAttribute Name="Offset" Informative="true" SystemDefined="true">32</IntegerAttribute></AttributeList></Member><Member Name="len_2" Datatype="Char"><AttributeList><IntegerAttribute Name="Offset" Informative="true" SystemDefined="true">40</IntegerAttribute></AttributeList></Member><Member Name="len_3" Datatype="Char"><AttributeList><IntegerAttribute Name="Offset" Informative="true" SystemDefined="true">48</IntegerAttribute></AttributeList></Member><Member Name="len_4" Datatype="Char"><AttributeList><IntegerAttribute Name="Offset" Informative="true" SystemDefined="true">56</IntegerAttribute></AttributeList></Member><Member Name="len_5" Datatype="Char"><AttributeList><IntegerAttribute Name="Offset" Informative="true" SystemDefined="true">64</IntegerAttribute></AttributeList></Member><Member Name="typ" Datatype="Char"><AttributeList><IntegerAttribute Name="Offset" Informative="true" SystemDefined="true">72</IntegerAttribute></AttributeList></Member><Member Name="source" Datatype="Char"><AttributeList><IntegerAttribute Name="Offset" Informative="true" SystemDefined="true">80</IntegerAttribute></AttributeList></Member><Member Name="dest" Datatype="Char"><AttributeList><IntegerAttribute Name="Offset" Informative="true" SystemDefined="true">88</IntegerAttribute></AttributeList></Member><Member Name="dc_1" Datatype="Char"><AttributeList><IntegerAttribute Name="Offset" Informative="true" SystemDefined="true">96</IntegerAttribute></AttributeList></Member><Member Name="dc_2" Datatype="Char"><AttributeList><IntegerAttribute Name="Offset" Informative="true" SystemDefined="true">104</IntegerAttribute></AttributeList></Member><Member Name="dc_3" Datatype="Char"><AttributeList><IntegerAttribute Name="Offset" Informative="true" SystemDefined="true">112</IntegerAttribute></AttributeList></Member><Member Name="dc_4" Datatype="Char"><AttributeList><IntegerAttribute Name="Offset" Informative="true" SystemDefined="true">120</IntegerAttribute></AttributeList></Member></Section></Sections></Member><Member Name="DATA" Datatype="Struct"><AttributeList><IntegerAttribute Name="Offset" Informative="true" SystemDefined="true">128</IntegerAttribute></AttributeList><Member Name="FP_ID" Datatype="Array[1..2] of Char"><AttributeList><IntegerAttribute Name="Offset" Informative="true" SystemDefined="true">0</IntegerAttribute><IntegerAttribute Name="PaddedSize" Informative="true" SystemDefined="true">8</IntegerAttribute></AttributeList></Member><Member Name="FP" Datatype="Array[1..6] of Char"><AttributeList><IntegerAttribute Name="Offset" Informative="true" SystemDefined="true">16</IntegerAttribute><IntegerAttribute Name="PaddedSize" Informative="true" SystemDefined="true">8</IntegerAttribute></AttributeList></Member><Member Name="IT_ID" Datatype="Array[1..2] of Char"><AttributeList><IntegerAttribute Name="Offset" Informative="true" SystemDefined="true">64</IntegerAttribute><IntegerAttribute Name="PaddedSize" Informative="true" SystemDefined="true">8</IntegerAttribute></AttributeList></Member><Member Name="IT" Datatype="Array[1..12] of Char"><AttributeList><IntegerAttribute Name="Offset" Informative="true" SystemDefined="true">80</IntegerAttribute><IntegerAttribute Name="PaddedSize" Informative="true" SystemDefined="true">8</IntegerAttribute></AttributeList></Member><Member Name="IW_ID" Datatype="Array[1..2] of Char"><AttributeList><IntegerAttribute Name="Offset" Informative="true" SystemDefined="true">176</IntegerAttribute><IntegerAttribute Name="PaddedSize" Informative="true" SystemDefined="true">8</IntegerAttribute></AttributeList></Member><Member Name="IW" Datatype="Array[1..48] of Char"><AttributeList><IntegerAttribute Name="Offset" Informative="true" SystemDefined="true">192</IntegerAttribute><IntegerAttribute Name="PaddedSize" Informative="true" SystemDefined="true">8</IntegerAttribute></AttributeList></Member><Member Name="DA_ID" Datatype="Array[1..2] of Char"><AttributeList><IntegerAttribute Name="Offset" Informative="true" SystemDefined="true">576</IntegerAttribute><IntegerAttribute Name="PaddedSize" Informative="true" SystemDefined="true">8</IntegerAttribute></AttributeList></Member><Member Name="DA" Datatype="Array[1..10] of Char"><AttributeList><IntegerAttribute Name="Offset" Informative="true" SystemDefined="true">592</IntegerAttribute><IntegerAttribute Name="PaddedSize" Informative="true" SystemDefined="true">8</IntegerAttribute></AttributeList></Member><Member Name="ZT_ID" Datatype="Array[1..2] of Char"><AttributeList><IntegerAttribute Name="Offset" Informative="true" SystemDefined="true">672</IntegerAttribute><IntegerAttribute Name="PaddedSize" Informative="true" SystemDefined="true">8</IntegerAttribute></AttributeList></Member><Member Name="ZT" Datatype="Array[1..8] of Char"><AttributeList><IntegerAttribute Name="Offset" Informative="true" SystemDefined="true">688</IntegerAttribute><IntegerAttribute Name="PaddedSize" Informative="true" SystemDefined="true">8</IntegerAttribute></AttributeList></Member><Member Name="EK" Datatype="Byte"><AttributeList><IntegerAttribute Name="Offset" Informative="true" SystemDefined="true">752</IntegerAttribute></AttributeList></Member><Member Name="Spare" Datatype="Byte"><AttributeList><IntegerAttribute Name="Offset" Informative="true" SystemDefined="true">760</IntegerAttribute></AttributeList></Member></Member></Section></Sections></Member>
    <Member Name="DB_TLG_RECV_EESV" Datatype="&quot;iUDT_TLG_EESV&quot;" Remanence="Retain" Accessibility="Public"><AttributeList><IntegerAttribute Name="Offset" Informative="true" SystemDefined="true">448</IntegerAttribute><BooleanAttribute Name="UserVisible" Informative="true" SystemDefined="true">true</BooleanAttribute><BooleanAttribute Name="UserReadOnly" Informative="true" SystemDefined="true">false</BooleanAttribute><BooleanAttribute Name="UserDeletable" Informative="true" SystemDefined="true">true</BooleanAttribute></AttributeList><Sections><Section Name="None"><Member Name="DATA" Datatype="Struct"><AttributeList><IntegerAttribute Name="Offset" Informative="true" SystemDefined="true">0</IntegerAttribute></AttributeList><Member Name="FP_ID" Datatype="Array[1..2] of Char"><AttributeList><IntegerAttribute Name="Offset" Informative="true" SystemDefined="true">0</IntegerAttribute><IntegerAttribute Name="PaddedSize" Informative="true" SystemDefined="true">8</IntegerAttribute></AttributeList></Member><Member Name="FP" Datatype="Array[1..6] of Char"><AttributeList><IntegerAttribute Name="Offset" Informative="true" SystemDefined="true">16</IntegerAttribute><IntegerAttribute Name="PaddedSize" Informative="true" SystemDefined="true">8</IntegerAttribute></AttributeList></Member><Member Name="IT_ID" Datatype="Array[1..2] of Char"><AttributeList><IntegerAttribute Name="Offset" Informative="true" SystemDefined="true">64</IntegerAttribute><IntegerAttribute Name="PaddedSize" Informative="true" SystemDefined="true">8</IntegerAttribute></AttributeList></Member><Member Name="IT" Datatype="Array[1..12] of Char"><AttributeList><IntegerAttribute Name="Offset" Informative="true" SystemDefined="true">80</IntegerAttribute><IntegerAttribute Name="PaddedSize" Informative="true" SystemDefined="true">8</IntegerAttribute></AttributeList></Member><Member Name="IW_ID" Datatype="Array[1..2] of Char"><AttributeList><IntegerAttribute Name="Offset" Informative="true" SystemDefined="true">176</IntegerAttribute><IntegerAttribute Name="PaddedSize" Informative="true" SystemDefined="true">8</IntegerAttribute></AttributeList></Member><Member Name="IW" Datatype="Array[1..48] of Char"><AttributeList><IntegerAttribute Name="Offset" Informative="true" SystemDefined="true">192</IntegerAttribute><IntegerAttribute Name="PaddedSize" Informative="true" SystemDefined="true">8</IntegerAttribute></AttributeList></Member><Member Name="ES_ID" Datatype="Array[1..2] of Char"><AttributeList><IntegerAttribute Name="Offset" Informative="true" SystemDefined="true">576</IntegerAttribute><IntegerAttribute Name="PaddedSize" Informative="true" SystemDefined="true">8</IntegerAttribute></AttributeList></Member><Member Name="ES" Datatype="Array[1..32] of Char"><AttributeList><IntegerAttribute Name="Offset" Informative="true" SystemDefined="true">592</IntegerAttribute><IntegerAttribute Name="PaddedSize" Informative="true" SystemDefined="true">8</IntegerAttribute></AttributeList></Member><Member Name="ZF_ID" Datatype="Array[1..2] of Char"><AttributeList><IntegerAttribute Name="Offset" Informative="true" SystemDefined="true">848</IntegerAttribute><IntegerAttribute Name="PaddedSize" Informative="true" SystemDefined="true">8</IntegerAttribute></AttributeList></Member><Member Name="ZF" Datatype="Array[1..6] of Char"><AttributeList><IntegerAttribute Name="Offset" Informative="true" SystemDefined="true">864</IntegerAttribute><IntegerAttribute Name="PaddedSize" Informative="true" SystemDefined="true">8</IntegerAttribute></AttributeList></Member></Member><Member Name="EK" Datatype="Byte"><AttributeList><IntegerAttribute Name="Offset" Informative="true" SystemDefined="true">912</IntegerAttribute></AttributeList></Member><Member Name="Spare" Datatype="Byte"><AttributeList><IntegerAttribute Name="Offset" Informative="true" SystemDefined="true">920</IntegerAttribute></AttributeList></Member><Member Name="HEADER" Datatype="&quot;iUDT_TLG_HEADER&quot;"><AttributeList><IntegerAttribute Name="Offset" Informative="true" SystemDefined="true">928</IntegerAttribute></AttributeList><Sections><Section Name="None"><Member Name="lbc_1" Datatype="Char"><AttributeList><IntegerAttribute Name="Offset" Informative="true" SystemDefined="true">0</IntegerAttribute></AttributeList></Member><Member Name="lbc_2" Datatype="Char"><AttributeList><IntegerAttribute Name="Offset" Informative="true" SystemDefined="true">8</IntegerAttribute></AttributeList></Member><Member Name="lbc_3" Datatype="Char"><AttributeList><IntegerAttribute Name="Offset" Informative="true" SystemDefined="true">16</IntegerAttribute></AttributeList></Member><Member Name="lbc_4" Datatype="Char"><AttributeList><IntegerAttribute Name="Offset" Informative="true" SystemDefined="true">24</IntegerAttribute></AttributeList></Member><Member Name="len_1" Datatype="Char"><AttributeList><IntegerAttribute Name="Offset" Informative="true" SystemDefined="true">32</IntegerAttribute></AttributeList></Member><Member Name="len_2" Datatype="Char"><AttributeList><IntegerAttribute Name="Offset" Informative="true" SystemDefined="true">40</IntegerAttribute></AttributeList></Member><Member Name="len_3" Datatype="Char"><AttributeList><IntegerAttribute Name="Offset" Informative="true" SystemDefined="true">48</IntegerAttribute></AttributeList></Member><Member Name="len_4" Datatype="Char"><AttributeList><IntegerAttribute Name="Offset" Informative="true" SystemDefined="true">56</IntegerAttribute></AttributeList></Member><Member Name="len_5" Datatype="Char"><AttributeList><IntegerAttribute Name="Offset" Informative="true" SystemDefined="true">64</IntegerAttribute></AttributeList></Member><Member Name="typ" Datatype="Char"><AttributeList><IntegerAttribute Name="Offset" Informative="true" SystemDefined="true">72</IntegerAttribute></AttributeList></Member><Member Name="source" Datatype="Char"><AttributeList><IntegerAttribute Name="Offset" Informative="true" SystemDefined="true">80</IntegerAttribute></AttributeList></Member><Member Name="dest" Datatype="Char"><AttributeList><IntegerAttribute Name="Offset" Informative="true" SystemDefined="true">88</IntegerAttribute></AttributeList></Member><Member Name="dc_1" Datatype="Char"><AttributeList><IntegerAttribute Name="Offset" Informative="true" SystemDefined="true">96</IntegerAttribute></AttributeList></Member><Member Name="dc_2" Datatype="Char"><AttributeList><IntegerAttribute Name="Offset" Informative="true" SystemDefined="true">104</IntegerAttribute></AttributeList></Member><Member Name="dc_3" Datatype="Char"><AttributeList><IntegerAttribute Name="Offset" Informative="true" SystemDefined="true">112</IntegerAttribute></AttributeList></Member><Member Name="dc_4" Datatype="Char"><AttributeList><IntegerAttribute Name="Offset" Informative="true" SystemDefined="true">120</IntegerAttribute></AttributeList></Member></Section></Sections></Member></Section></Sections></Member>
    <Member Name="DB_TLG_RECV_ENEV" Datatype="&quot;iUDT_TLG_ENEV&quot;" Remanence="Retain" Accessibility="Public"><AttributeList><IntegerAttribute Name="Offset" Informative="true" SystemDefined="true">496</IntegerAttribute><BooleanAttribute Name="UserVisible" Informative="true" SystemDefined="true">true</BooleanAttribute><BooleanAttribute Name="UserReadOnly" Informative="true" SystemDefined="true">false</BooleanAttribute><BooleanAttribute Name="UserDeletable" Informative="true" SystemDefined="true">true</BooleanAttribute></AttributeList><Sections><Section Name="None"><Member Name="DATA" Datatype="Struct"><AttributeList><IntegerAttribute Name="Offset" Informative="true" SystemDefined="true">0</IntegerAttribute></AttributeList><Member Name="FP_ID" Datatype="Array[1..2] of Char"><AttributeList><IntegerAttribute Name="Offset" Informative="true" SystemDefined="true">0</IntegerAttribute><IntegerAttribute Name="PaddedSize" Informative="true" SystemDefined="true">8</IntegerAttribute></AttributeList></Member><Member Name="FP" Datatype="Array[1..6] of Char"><AttributeList><IntegerAttribute Name="Offset" Informative="true" SystemDefined="true">16</IntegerAttribute><IntegerAttribute Name="PaddedSize" Informative="true" SystemDefined="true">8</IntegerAttribute></AttributeList></Member><Member Name="IT_ID" Datatype="Array[1..2] of Char"><AttributeList><IntegerAttribute Name="Offset" Informative="true" SystemDefined="true">64</IntegerAttribute><IntegerAttribute Name="PaddedSize" Informative="true" SystemDefined="true">8</IntegerAttribute></AttributeList></Member><Member Name="IT" Datatype="Array[1..12] of Char"><AttributeList><IntegerAttribute Name="Offset" Informative="true" SystemDefined="true">80</IntegerAttribute><IntegerAttribute Name="PaddedSize" Informative="true" SystemDefined="true">8</IntegerAttribute></AttributeList></Member><Member Name="IW_ID" Datatype="Array[1..2] of Char"><AttributeList><IntegerAttribute Name="Offset" Informative="true" SystemDefined="true">176</IntegerAttribute><IntegerAttribute Name="PaddedSize" Informative="true" SystemDefined="true">8</IntegerAttribute></AttributeList></Member><Member Name="IW" Datatype="Array[1..48] of Char"><AttributeList><IntegerAttribute Name="Offset" Informative="true" SystemDefined="true">192</IntegerAttribute><IntegerAttribute Name="PaddedSize" Informative="true" SystemDefined="true">8</IntegerAttribute></AttributeList></Member><Member Name="FC_ID" Datatype="Array[1..2] of Char"><AttributeList><IntegerAttribute Name="Offset" Informative="true" SystemDefined="true">576</IntegerAttribute><IntegerAttribute Name="PaddedSize" Informative="true" SystemDefined="true">8</IntegerAttribute></AttributeList></Member><Member Name="FC" Datatype="Array[1..4] of Char"><AttributeList><IntegerAttribute Name="Offset" Informative="true" SystemDefined="true">592</IntegerAttribute><IntegerAttribute Name="PaddedSize" Informative="true" SystemDefined="true">8</IntegerAttribute></AttributeList></Member><Member Name="FM_ID" Datatype="Array[1..2] of Char"><AttributeList><IntegerAttribute Name="Offset" Informative="true" SystemDefined="true">624</IntegerAttribute><IntegerAttribute Name="PaddedSize" Informative="true" SystemDefined="true">8</IntegerAttribute></AttributeList></Member><Member Name="FM" Datatype="Array[1..80] of Char"><AttributeList><IntegerAttribute Name="Offset" Informative="true" SystemDefined="true">640</IntegerAttribute><IntegerAttribute Name="PaddedSize" Informative="true" SystemDefined="true">8</IntegerAttribute></AttributeList></Member></Member><Member Name="EK" Datatype="Byte"><AttributeList><IntegerAttribute Name="Offset" Informative="true" SystemDefined="true">1280</IntegerAttribute></AttributeList></Member><Member Name="Spare" Datatype="Byte"><AttributeList><IntegerAttribute Name="Offset" Informative="true" SystemDefined="true">1288</IntegerAttribute></AttributeList></Member><Member Name="HEADER" Datatype="&quot;iUDT_TLG_HEADER&quot;"><AttributeList><IntegerAttribute Name="Offset" Informative="true" SystemDefined="true">1296</IntegerAttribute></AttributeList><Sections><Section Name="None"><Member Name="lbc_1" Datatype="Char"><AttributeList><IntegerAttribute Name="Offset" Informative="true" SystemDefined="true">0</IntegerAttribute></AttributeList></Member><Member Name="lbc_2" Datatype="Char"><AttributeList><IntegerAttribute Name="Offset" Informative="true" SystemDefined="true">8</IntegerAttribute></AttributeList></Member><Member Name="lbc_3" Datatype="Char"><AttributeList><IntegerAttribute Name="Offset" Informative="true" SystemDefined="true">16</IntegerAttribute></AttributeList></Member><Member Name="lbc_4" Datatype="Char"><AttributeList><IntegerAttribute Name="Offset" Informative="true" SystemDefined="true">24</IntegerAttribute></AttributeList></Member><Member Name="len_1" Datatype="Char"><AttributeList><IntegerAttribute Name="Offset" Informative="true" SystemDefined="true">32</IntegerAttribute></AttributeList></Member><Member Name="len_2" Datatype="Char"><AttributeList><IntegerAttribute Name="Offset" Informative="true" SystemDefined="true">40</IntegerAttribute></AttributeList></Member><Member Name="len_3" Datatype="Char"><AttributeList><IntegerAttribute Name="Offset" Informative="true" SystemDefined="true">48</IntegerAttribute></AttributeList></Member><Member Name="len_4" Datatype="Char"><AttributeList><IntegerAttribute Name="Offset" Informative="true" SystemDefined="true">56</IntegerAttribute></AttributeList></Member><Member Name="len_5" Datatype="Char"><AttributeList><IntegerAttribute Name="Offset" Informative="true" SystemDefined="true">64</IntegerAttribute></AttributeList></Member><Member Name="typ" Datatype="Char"><AttributeList><IntegerAttribute Name="Offset" Informative="true" SystemDefined="true">72</IntegerAttribute></AttributeList></Member><Member Name="source" Datatype="Char"><AttributeList><IntegerAttribute Name="Offset" Informative="true" SystemDefined="true">80</IntegerAttribute></AttributeList></Member><Member Name="dest" Datatype="Char"><AttributeList><IntegerAttribute Name="Offset" Informative="true" SystemDefined="true">88</IntegerAttribute></AttributeList></Member><Member Name="dc_1" Datatype="Char"><AttributeList><IntegerAttribute Name="Offset" Informative="true" SystemDefined="true">96</IntegerAttribute></AttributeList></Member><Member Name="dc_2" Datatype="Char"><AttributeList><IntegerAttribute Name="Offset" Informative="true" SystemDefined="true">104</IntegerAttribute></AttributeList></Member><Member Name="dc_3" Datatype="Char"><AttributeList><IntegerAttribute Name="Offset" Informative="true" SystemDefined="true">112</IntegerAttribute></AttributeList></Member><Member Name="dc_4" Datatype="Char"><AttributeList><IntegerAttribute Name="Offset" Informative="true" SystemDefined="true">120</IntegerAttribute></AttributeList></Member></Section></Sections></Member></Section></Sections></Member>
  </Section>
  <Section Name="Static">
    <Member Name="Settings" Datatype="Struct" Remanence="Retain" Accessibility="Public"><AttributeList><IntegerAttribute Name="Offset" Informative="true" SystemDefined="true">544</IntegerAttribute><BooleanAttribute Name="ExternalAccessible" SystemDefined="true">true</BooleanAttribute><BooleanAttribute Name="ExternalVisible" SystemDefined="true">true</BooleanAttribute><BooleanAttribute Name="ExternalWritable" SystemDefined="true">true</BooleanAttribute><BooleanAttribute Name="UserVisible" Informative="true" SystemDefined="true">true</BooleanAttribute><BooleanAttribute Name="UserReadOnly" Informative="true" SystemDefined="true">false</BooleanAttribute><BooleanAttribute Name="UserDeletable" Informative="true" SystemDefined="true">true</BooleanAttribute><BooleanAttribute Name="SetPoint" SystemDefined="true">false</BooleanAttribute></AttributeList><Member Name="withoutPLUS" Datatype="Bool"><AttributeList><IntegerAttribute Name="Offset" Informative="true" SystemDefined="true">0</IntegerAttribute><BooleanAttribute Name="ExternalAccessible" SystemDefined="true">true</BooleanAttribute><BooleanAttribute Name="ExternalVisible" SystemDefined="true">true</BooleanAttribute><BooleanAttribute Name="ExternalWritable" SystemDefined="true">true</BooleanAttribute><BooleanAttribute Name="UserVisible" Informative="true" SystemDefined="true">true</BooleanAttribute><BooleanAttribute Name="UserReadOnly" Informative="true" SystemDefined="true">false</BooleanAttribute><BooleanAttribute Name="UserDeletable" Informative="true" SystemDefined="true">true</BooleanAttribute><BooleanAttribute Name="SetPoint" SystemDefined="true">false</BooleanAttribute></AttributeList></Member><Member Name="warningENEV" Datatype="Bool"><AttributeList><IntegerAttribute Name="Offset" Informative="true" SystemDefined="true">1</IntegerAttribute><BooleanAttribute Name="ExternalAccessible" SystemDefined="true">true</BooleanAttribute><BooleanAttribute Name="ExternalVisible" SystemDefined="true">true</BooleanAttribute><BooleanAttribute Name="ExternalWritable" SystemDefined="true">true</BooleanAttribute><BooleanAttribute Name="UserVisible" Informative="true" SystemDefined="true">true</BooleanAttribute><BooleanAttribute Name="UserReadOnly" Informative="true" SystemDefined="true">false</BooleanAttribute><BooleanAttribute Name="UserDeletable" Informative="true" SystemDefined="true">true</BooleanAttribute><BooleanAttribute Name="SetPoint" SystemDefined="true">false</BooleanAttribute></AttributeList></Member></Member>
    <Member Name="F" Datatype="Struct" Remanence="Retain" Accessibility="Public"><AttributeList><IntegerAttribute Name="Offset" Informative="true" SystemDefined="true">560</IntegerAttribute><BooleanAttribute Name="ExternalAccessible" SystemDefined="true">true</BooleanAttribute><BooleanAttribute Name="ExternalVisible" SystemDefined="true">true</BooleanAttribute><BooleanAttribute Name="ExternalWritable" SystemDefined="true">true</BooleanAttribute><BooleanAttribute Name="UserVisible" Informative="true" SystemDefined="true">true</BooleanAttribute><BooleanAttribute Name="UserReadOnly" Informative="true" SystemDefined="true">false</BooleanAttribute><BooleanAttribute Name="UserDeletable" Informative="true" SystemDefined="true">true</BooleanAttribute><BooleanAttribute Name="SetPoint" SystemDefined="true">false</BooleanAttribute></AttributeList><Member Name="fct" Datatype="Bool"><AttributeList><IntegerAttribute Name="Offset" Informative="true" SystemDefined="true">0</IntegerAttribute><BooleanAttribute Name="ExternalAccessible" SystemDefined="true">true</BooleanAttribute><BooleanAttribute Name="ExternalVisible" SystemDefined="true">true</BooleanAttribute><BooleanAttribute Name="ExternalWritable" SystemDefined="true">true</BooleanAttribute><BooleanAttribute Name="UserVisible" Informative="true" SystemDefined="true">true</BooleanAttribute><BooleanAttribute Name="UserReadOnly" Informative="true" SystemDefined="true">false</BooleanAttribute><BooleanAttribute Name="UserDeletable" Informative="true" SystemDefined="true">true</BooleanAttribute><BooleanAttribute Name="SetPoint" SystemDefined="true">false</BooleanAttribute></AttributeList></Member><Member Name="enev" Datatype="Bool"><AttributeList><IntegerAttribute Name="Offset" Informative="true" SystemDefined="true">1</IntegerAttribute><BooleanAttribute Name="ExternalAccessible" SystemDefined="true">true</BooleanAttribute><BooleanAttribute Name="ExternalVisible" SystemDefined="true">true</BooleanAttribute><BooleanAttribute Name="ExternalWritable" SystemDefined="true">true</BooleanAttribute><BooleanAttribute Name="UserVisible" Informative="true" SystemDefined="true">true</BooleanAttribute><BooleanAttribute Name="UserReadOnly" Informative="true" SystemDefined="true">false</BooleanAttribute><BooleanAttribute Name="UserDeletable" Informative="true" SystemDefined="true">true</BooleanAttribute><BooleanAttribute Name="SetPoint" SystemDefined="true">false</BooleanAttribute></AttributeList></Member><Member Name="monitoringTime" Datatype="Bool"><AttributeList><IntegerAttribute Name="Offset" Informative="true" SystemDefined="true">2</IntegerAttribute><BooleanAttribute Name="ExternalAccessible" SystemDefined="true">true</BooleanAttribute><BooleanAttribute Name="ExternalVisible" SystemDefined="true">true</BooleanAttribute><BooleanAttribute Name="ExternalWritable" SystemDefined="true">true</BooleanAttribute><BooleanAttribute Name="UserVisible" Informative="true" SystemDefined="true">true</BooleanAttribute><BooleanAttribute Name="UserReadOnly" Informative="true" SystemDefined="true">false</BooleanAttribute><BooleanAttribute Name="UserDeletable" Informative="true" SystemDefined="true">true</BooleanAttribute><BooleanAttribute Name="SetPoint" SystemDefined="true">false</BooleanAttribute></AttributeList></Member><Member Name="functionPoint" Datatype="Bool"><AttributeList><IntegerAttribute Name="Offset" Informative="true" SystemDefined="true">3</IntegerAttribute><BooleanAttribute Name="ExternalAccessible" SystemDefined="true">true</BooleanAttribute><BooleanAttribute Name="ExternalVisible" SystemDefined="true">true</BooleanAttribute><BooleanAttribute Name="ExternalWritable" SystemDefined="true">true</BooleanAttribute><BooleanAttribute Name="UserVisible" Informative="true" SystemDefined="true">true</BooleanAttribute><BooleanAttribute Name="UserReadOnly" Informative="true" SystemDefined="true">false</BooleanAttribute><BooleanAttribute Name="UserDeletable" Informative="true" SystemDefined="true">true</BooleanAttribute><BooleanAttribute Name="SetPoint" SystemDefined="true">false</BooleanAttribute></AttributeList></Member><Member Name="identType" Datatype="Bool"><AttributeList><IntegerAttribute Name="Offset" Informative="true" SystemDefined="true">4</IntegerAttribute><BooleanAttribute Name="ExternalAccessible" SystemDefined="true">true</BooleanAttribute><BooleanAttribute Name="ExternalVisible" SystemDefined="true">true</BooleanAttribute><BooleanAttribute Name="ExternalWritable" SystemDefined="true">true</BooleanAttribute><BooleanAttribute Name="UserVisible" Informative="true" SystemDefined="true">true</BooleanAttribute><BooleanAttribute Name="UserReadOnly" Informative="true" SystemDefined="true">false</BooleanAttribute><BooleanAttribute Name="UserDeletable" Informative="true" SystemDefined="true">true</BooleanAttribute><BooleanAttribute Name="SetPoint" SystemDefined="true">false</BooleanAttribute></AttributeList></Member><Member Name="identValue" Datatype="Bool"><AttributeList><IntegerAttribute Name="Offset" Informative="true" SystemDefined="true">5</IntegerAttribute><BooleanAttribute Name="ExternalAccessible" SystemDefined="true">true</BooleanAttribute><BooleanAttribute Name="ExternalVisible" SystemDefined="true">true</BooleanAttribute><BooleanAttribute Name="ExternalWritable" SystemDefined="true">true</BooleanAttribute><BooleanAttribute Name="UserVisible" Informative="true" SystemDefined="true">true</BooleanAttribute><BooleanAttribute Name="UserReadOnly" Informative="true" SystemDefined="true">false</BooleanAttribute><BooleanAttribute Name="UserDeletable" Informative="true" SystemDefined="true">true</BooleanAttribute><BooleanAttribute Name="SetPoint" SystemDefined="true">false</BooleanAttribute></AttributeList></Member></Member>
    <Member Name="W" Datatype="Struct" Remanence="Retain" Accessibility="Public"><AttributeList><IntegerAttribute Name="Offset" Informative="true" SystemDefined="true">576</IntegerAttribute><BooleanAttribute Name="ExternalAccessible" SystemDefined="true">true</BooleanAttribute><BooleanAttribute Name="ExternalVisible" SystemDefined="true">true</BooleanAttribute><BooleanAttribute Name="ExternalWritable" SystemDefined="true">true</BooleanAttribute><BooleanAttribute Name="UserVisible" Informative="true" SystemDefined="true">true</BooleanAttribute><BooleanAttribute Name="UserReadOnly" Informative="true" SystemDefined="true">false</BooleanAttribute><BooleanAttribute Name="UserDeletable" Informative="true" SystemDefined="true">true</BooleanAttribute><BooleanAttribute Name="SetPoint" SystemDefined="true">false</BooleanAttribute></AttributeList><Member Name="withoutPLUS" Datatype="Bool"><AttributeList><IntegerAttribute Name="Offset" Informative="true" SystemDefined="true">0</IntegerAttribute><BooleanAttribute Name="ExternalAccessible" SystemDefined="true">true</BooleanAttribute><BooleanAttribute Name="ExternalVisible" SystemDefined="true">true</BooleanAttribute><BooleanAttribute Name="ExternalWritable" SystemDefined="true">true</BooleanAttribute><BooleanAttribute Name="UserVisible" Informative="true" SystemDefined="true">true</BooleanAttribute><BooleanAttribute Name="UserReadOnly" Informative="true" SystemDefined="true">false</BooleanAttribute><BooleanAttribute Name="UserDeletable" Informative="true" SystemDefined="true">true</BooleanAttribute><BooleanAttribute Name="SetPoint" SystemDefined="true">false</BooleanAttribute></AttributeList></Member><Member Name="enev" Datatype="Bool"><AttributeList><IntegerAttribute Name="Offset" Informative="true" SystemDefined="true">1</IntegerAttribute><BooleanAttribute Name="ExternalAccessible" SystemDefined="true">true</BooleanAttribute><BooleanAttribute Name="ExternalVisible" SystemDefined="true">true</BooleanAttribute><BooleanAttribute Name="ExternalWritable" SystemDefined="true">true</BooleanAttribute><BooleanAttribute Name="UserVisible" Informative="true" SystemDefined="true">true</BooleanAttribute><BooleanAttribute Name="UserReadOnly" Informative="true" SystemDefined="true">false</BooleanAttribute><BooleanAttribute Name="UserDeletable" Informative="true" SystemDefined="true">true</BooleanAttribute><BooleanAttribute Name="SetPoint" SystemDefined="true">false</BooleanAttribute></AttributeList></Member></Member>
    <Member Name="Masks" Datatype="Struct" Remanence="Retain" Accessibility="Public"><AttributeList><IntegerAttribute Name="Offset" Informative="true" SystemDefined="true">592</IntegerAttribute><BooleanAttribute Name="ExternalAccessible" SystemDefined="true">true</BooleanAttribute><BooleanAttribute Name="ExternalVisible" SystemDefined="true">true</BooleanAttribute><BooleanAttribute Name="ExternalWritable" SystemDefined="true">true</BooleanAttribute><BooleanAttribute Name="UserVisible" Informative="true" SystemDefined="true">true</BooleanAttribute><BooleanAttribute Name="UserReadOnly" Informative="true" SystemDefined="true">false</BooleanAttribute><BooleanAttribute Name="UserDeletable" Informative="true" SystemDefined="true">true</BooleanAttribute><BooleanAttribute Name="SetPoint" SystemDefined="true">false</BooleanAttribute></AttributeList><Member Name="disableFault1_8" Datatype="Byte"><AttributeList><IntegerAttribute Name="Offset" Informative="true" SystemDefined="true">0</IntegerAttribute><BooleanAttribute Name="ExternalAccessible" SystemDefined="true">true</BooleanAttribute><BooleanAttribute Name="ExternalVisible" SystemDefined="true">true</BooleanAttribute><BooleanAttribute Name="ExternalWritable" SystemDefined="true">true</BooleanAttribute><BooleanAttribute Name="UserVisible" Informative="true" SystemDefined="true">true</BooleanAttribute><BooleanAttribute Name="UserReadOnly" Informative="true" SystemDefined="true">false</BooleanAttribute><BooleanAttribute Name="UserDeletable" Informative="true" SystemDefined="true">true</BooleanAttribute><BooleanAttribute Name="SetPoint" SystemDefined="true">false</BooleanAttribute></AttributeList></Member><Member Name="prodRelevantFault1_8" Datatype="Byte"><AttributeList><IntegerAttribute Name="Offset" Informative="true" SystemDefined="true">8</IntegerAttribute><BooleanAttribute Name="ExternalAccessible" SystemDefined="true">true</BooleanAttribute><BooleanAttribute Name="ExternalVisible" SystemDefined="true">true</BooleanAttribute><BooleanAttribute Name="ExternalWritable" SystemDefined="true">true</BooleanAttribute><BooleanAttribute Name="UserVisible" Informative="true" SystemDefined="true">true</BooleanAttribute><BooleanAttribute Name="UserReadOnly" Informative="true" SystemDefined="true">false</BooleanAttribute><BooleanAttribute Name="UserDeletable" Informative="true" SystemDefined="true">true</BooleanAttribute><BooleanAttribute Name="SetPoint" SystemDefined="true">false</BooleanAttribute></AttributeList></Member><Member Name="prodRelevantWarningt_1_8" Datatype="Byte"><AttributeList><IntegerAttribute Name="Offset" Informative="true" SystemDefined="true">16</IntegerAttribute><BooleanAttribute Name="ExternalAccessible" SystemDefined="true">true</BooleanAttribute><BooleanAttribute Name="ExternalVisible" SystemDefined="true">true</BooleanAttribute><BooleanAttribute Name="ExternalWritable" SystemDefined="true">true</BooleanAttribute><BooleanAttribute Name="UserVisible" Informative="true" SystemDefined="true">true</BooleanAttribute><BooleanAttribute Name="UserReadOnly" Informative="true" SystemDefined="true">false</BooleanAttribute><BooleanAttribute Name="UserDeletable" Informative="true" SystemDefined="true">true</BooleanAttribute><BooleanAttribute Name="SetPoint" SystemDefined="true">false</BooleanAttribute></AttributeList></Member></Member>
    <Member Name="LastState" Datatype="Struct" Remanence="Retain" Accessibility="Public"><AttributeList><IntegerAttribute Name="Offset" Informative="true" SystemDefined="true">624</IntegerAttribute><BooleanAttribute Name="ExternalAccessible" SystemDefined="true">true</BooleanAttribute><BooleanAttribute Name="ExternalVisible" SystemDefined="true">true</BooleanAttribute><BooleanAttribute Name="ExternalWritable" SystemDefined="true">true</BooleanAttribute><BooleanAttribute Name="UserVisible" Informative="true" SystemDefined="true">true</BooleanAttribute><BooleanAttribute Name="UserReadOnly" Informative="true" SystemDefined="true">false</BooleanAttribute><BooleanAttribute Name="UserDeletable" Informative="true" SystemDefined="true">true</BooleanAttribute><BooleanAttribute Name="SetPoint" SystemDefined="true">false</BooleanAttribute></AttributeList><Member Name="fault1_8" Datatype="Byte"><AttributeList><IntegerAttribute Name="Offset" Informative="true" SystemDefined="true">0</IntegerAttribute><BooleanAttribute Name="ExternalAccessible" SystemDefined="true">true</BooleanAttribute><BooleanAttribute Name="ExternalVisible" SystemDefined="true">true</BooleanAttribute><BooleanAttribute Name="ExternalWritable" SystemDefined="true">true</BooleanAttribute><BooleanAttribute Name="UserVisible" Informative="true" SystemDefined="true">true</BooleanAttribute><BooleanAttribute Name="UserReadOnly" Informative="true" SystemDefined="true">false</BooleanAttribute><BooleanAttribute Name="UserDeletable" Informative="true" SystemDefined="true">true</BooleanAttribute><BooleanAttribute Name="SetPoint" SystemDefined="true">false</BooleanAttribute></AttributeList></Member><Member Name="warning1_8" Datatype="Byte"><AttributeList><IntegerAttribute Name="Offset" Informative="true" SystemDefined="true">8</IntegerAttribute><BooleanAttribute Name="ExternalAccessible" SystemDefined="true">true</BooleanAttribute><BooleanAttribute Name="ExternalVisible" SystemDefined="true">true</BooleanAttribute><BooleanAttribute Name="ExternalWritable" SystemDefined="true">true</BooleanAttribute><BooleanAttribute Name="UserVisible" Informative="true" SystemDefined="true">true</BooleanAttribute><BooleanAttribute Name="UserReadOnly" Informative="true" SystemDefined="true">false</BooleanAttribute><BooleanAttribute Name="UserDeletable" Informative="true" SystemDefined="true">true</BooleanAttribute><BooleanAttribute Name="SetPoint" SystemDefined="true">false</BooleanAttribute></AttributeList></Member></Member>
    <Member Name="Tmr" Datatype="Struct" Remanence="Retain" Accessibility="Public"><AttributeList><IntegerAttribute Name="Offset" Informative="true" SystemDefined="true">640</IntegerAttribute><BooleanAttribute Name="ExternalAccessible" SystemDefined="true">true</BooleanAttribute><BooleanAttribute Name="ExternalVisible" SystemDefined="true">true</BooleanAttribute><BooleanAttribute Name="ExternalWritable" SystemDefined="true">true</BooleanAttribute><BooleanAttribute Name="UserVisible" Informative="true" SystemDefined="true">true</BooleanAttribute><BooleanAttribute Name="UserReadOnly" Informative="true" SystemDefined="true">false</BooleanAttribute><BooleanAttribute Name="UserDeletable" Informative="true" SystemDefined="true">true</BooleanAttribute><BooleanAttribute Name="SetPoint" SystemDefined="true">false</BooleanAttribute></AttributeList><Member Name="s_1" Datatype="Int"><AttributeList><IntegerAttribute Name="Offset" Informative="true" SystemDefined="true">0</IntegerAttribute><BooleanAttribute Name="ExternalAccessible" SystemDefined="true">true</BooleanAttribute><BooleanAttribute Name="ExternalVisible" SystemDefined="true">true</BooleanAttribute><BooleanAttribute Name="ExternalWritable" SystemDefined="true">true</BooleanAttribute><BooleanAttribute Name="UserVisible" Informative="true" SystemDefined="true">true</BooleanAttribute><BooleanAttribute Name="UserReadOnly" Informative="true" SystemDefined="true">false</BooleanAttribute><BooleanAttribute Name="UserDeletable" Informative="true" SystemDefined="true">true</BooleanAttribute><BooleanAttribute Name="SetPoint" SystemDefined="true">true</BooleanAttribute></AttributeList></Member><Member Name="a_1" Datatype="Int"><AttributeList><IntegerAttribute Name="Offset" Informative="true" SystemDefined="true">16</IntegerAttribute><BooleanAttribute Name="ExternalAccessible" SystemDefined="true">true</BooleanAttribute><BooleanAttribute Name="ExternalVisible" SystemDefined="true">true</BooleanAttribute><BooleanAttribute Name="ExternalWritable" SystemDefined="true">true</BooleanAttribute><BooleanAttribute Name="UserVisible" Informative="true" SystemDefined="true">true</BooleanAttribute><BooleanAttribute Name="UserReadOnly" Informative="true" SystemDefined="true">false</BooleanAttribute><BooleanAttribute Name="UserDeletable" Informative="true" SystemDefined="true">true</BooleanAttribute><BooleanAttribute Name="SetPoint" SystemDefined="true">false</BooleanAttribute></AttributeList></Member></Member>
    <Member Name="VCB" Datatype="Struct" Remanence="Retain" Accessibility="Public"><AttributeList><IntegerAttribute Name="Offset" Informative="true" SystemDefined="true">672</IntegerAttribute><BooleanAttribute Name="ExternalAccessible" SystemDefined="true">true</BooleanAttribute><BooleanAttribute Name="ExternalVisible" SystemDefined="true">true</BooleanAttribute><BooleanAttribute Name="ExternalWritable" SystemDefined="true">true</BooleanAttribute><BooleanAttribute Name="UserVisible" Informative="true" SystemDefined="true">true</BooleanAttribute><BooleanAttribute Name="UserReadOnly" Informative="true" SystemDefined="true">false</BooleanAttribute><BooleanAttribute Name="UserDeletable" Informative="true" SystemDefined="true">true</BooleanAttribute><BooleanAttribute Name="SetPoint" SystemDefined="true">false</BooleanAttribute></AttributeList><Member Name="resetTlgCounter" Datatype="Bool"><AttributeList><IntegerAttribute Name="Offset" Informative="true" SystemDefined="true">0</IntegerAttribute><BooleanAttribute Name="ExternalAccessible" SystemDefined="true">true</BooleanAttribute><BooleanAttribute Name="ExternalVisible" SystemDefined="true">true</BooleanAttribute><BooleanAttribute Name="ExternalWritable" SystemDefined="true">true</BooleanAttribute><BooleanAttribute Name="UserVisible" Informative="true" SystemDefined="true">true</BooleanAttribute><BooleanAttribute Name="UserReadOnly" Informative="true" SystemDefined="true">false</BooleanAttribute><BooleanAttribute Name="UserDeletable" Informative="true" SystemDefined="true">true</BooleanAttribute><BooleanAttribute Name="SetPoint" SystemDefined="true">false</BooleanAttribute></AttributeList></Member></Member>
    <Member Name="D" Datatype="Struct" Remanence="Retain" Accessibility="Public"><AttributeList><IntegerAttribute Name="Offset" Informative="true" SystemDefined="true">688</IntegerAttribute><BooleanAttribute Name="ExternalAccessible" SystemDefined="true">true</BooleanAttribute><BooleanAttribute Name="ExternalVisible" SystemDefined="true">true</BooleanAttribute><BooleanAttribute Name="ExternalWritable" SystemDefined="true">true</BooleanAttribute><BooleanAttribute Name="UserVisible" Informative="true" SystemDefined="true">true</BooleanAttribute><BooleanAttribute Name="UserReadOnly" Informative="true" SystemDefined="true">false</BooleanAttribute><BooleanAttribute Name="UserDeletable" Informative="true" SystemDefined="true">true</BooleanAttribute><BooleanAttribute Name="SetPoint" SystemDefined="true">false</BooleanAttribute></AttributeList><Member Name="sentAESV" Datatype="Bool"><AttributeList><IntegerAttribute Name="Offset" Informative="true" SystemDefined="true">0</IntegerAttribute><BooleanAttribute Name="ExternalAccessible" SystemDefined="true">true</BooleanAttribute><BooleanAttribute Name="ExternalVisible" SystemDefined="true">true</BooleanAttribute><BooleanAttribute Name="ExternalWritable" SystemDefined="true">true</BooleanAttribute><BooleanAttribute Name="UserVisible" Informative="true" SystemDefined="true">true</BooleanAttribute><BooleanAttribute Name="UserReadOnly" Informative="true" SystemDefined="true">false</BooleanAttribute><BooleanAttribute Name="UserDeletable" Informative="true" SystemDefined="true">true</BooleanAttribute><BooleanAttribute Name="SetPoint" SystemDefined="true">false</BooleanAttribute></AttributeList></Member><Member Name="receivedEESV" Datatype="Bool"><AttributeList><IntegerAttribute Name="Offset" Informative="true" SystemDefined="true">1</IntegerAttribute><BooleanAttribute Name="ExternalAccessible" SystemDefined="true">true</BooleanAttribute><BooleanAttribute Name="ExternalVisible" SystemDefined="true">true</BooleanAttribute><BooleanAttribute Name="ExternalWritable" SystemDefined="true">true</BooleanAttribute><BooleanAttribute Name="UserVisible" Informative="true" SystemDefined="true">true</BooleanAttribute><BooleanAttribute Name="UserReadOnly" Informative="true" SystemDefined="true">false</BooleanAttribute><BooleanAttribute Name="UserDeletable" Informative="true" SystemDefined="true">true</BooleanAttribute><BooleanAttribute Name="SetPoint" SystemDefined="true">false</BooleanAttribute></AttributeList></Member><Member Name="receivedENEV" Datatype="Bool"><AttributeList><IntegerAttribute Name="Offset" Informative="true" SystemDefined="true">2</IntegerAttribute><BooleanAttribute Name="ExternalAccessible" SystemDefined="true">true</BooleanAttribute><BooleanAttribute Name="ExternalVisible" SystemDefined="true">true</BooleanAttribute><BooleanAttribute Name="ExternalWritable" SystemDefined="true">true</BooleanAttribute><BooleanAttribute Name="UserVisible" Informative="true" SystemDefined="true">true</BooleanAttribute><BooleanAttribute Name="UserReadOnly" Informative="true" SystemDefined="true">false</BooleanAttribute><BooleanAttribute Name="UserDeletable" Informative="true" SystemDefined="true">true</BooleanAttribute><BooleanAttribute Name="SetPoint" SystemDefined="true">false</BooleanAttribute></AttributeList></Member></Member>
    <Member Name="V" Datatype="Struct" Remanence="Retain" Accessibility="Public"><AttributeList><IntegerAttribute Name="Offset" Informative="true" SystemDefined="true">704</IntegerAttribute><BooleanAttribute Name="ExternalAccessible" SystemDefined="true">true</BooleanAttribute><BooleanAttribute Name="ExternalVisible" SystemDefined="true">true</BooleanAttribute><BooleanAttribute Name="ExternalWritable" SystemDefined="true">true</BooleanAttribute><BooleanAttribute Name="UserVisible" Informative="true" SystemDefined="true">true</BooleanAttribute><BooleanAttribute Name="UserReadOnly" Informative="true" SystemDefined="true">false</BooleanAttribute><BooleanAttribute Name="UserDeletable" Informative="true" SystemDefined="true">true</BooleanAttribute><BooleanAttribute Name="SetPoint" SystemDefined="true">false</BooleanAttribute></AttributeList><Member Name="counterAESV" Datatype="UInt"><AttributeList><IntegerAttribute Name="Offset" Informative="true" SystemDefined="true">0</IntegerAttribute><BooleanAttribute Name="ExternalAccessible" SystemDefined="true">true</BooleanAttribute><BooleanAttribute Name="ExternalVisible" SystemDefined="true">true</BooleanAttribute><BooleanAttribute Name="ExternalWritable" SystemDefined="true">true</BooleanAttribute><BooleanAttribute Name="UserVisible" Informative="true" SystemDefined="true">true</BooleanAttribute><BooleanAttribute Name="UserReadOnly" Informative="true" SystemDefined="true">false</BooleanAttribute><BooleanAttribute Name="UserDeletable" Informative="true" SystemDefined="true">true</BooleanAttribute><BooleanAttribute Name="SetPoint" SystemDefined="true">false</BooleanAttribute></AttributeList></Member><Member Name="counterEESV" Datatype="UInt"><AttributeList><IntegerAttribute Name="Offset" Informative="true" SystemDefined="true">16</IntegerAttribute><BooleanAttribute Name="ExternalAccessible" SystemDefined="true">true</BooleanAttribute><BooleanAttribute Name="ExternalVisible" SystemDefined="true">true</BooleanAttribute><BooleanAttribute Name="ExternalWritable" SystemDefined="true">true</BooleanAttribute><BooleanAttribute Name="UserVisible" Informative="true" SystemDefined="true">true</BooleanAttribute><BooleanAttribute Name="UserReadOnly" Informative="true" SystemDefined="true">false</BooleanAttribute><BooleanAttribute Name="UserDeletable" Informative="true" SystemDefined="true">true</BooleanAttribute><BooleanAttribute Name="SetPoint" SystemDefined="true">false</BooleanAttribute></AttributeList></Member><Member Name="counterENEV" Datatype="UInt"><AttributeList><IntegerAttribute Name="Offset" Informative="true" SystemDefined="true">32</IntegerAttribute><BooleanAttribute Name="ExternalAccessible" SystemDefined="true">true</BooleanAttribute><BooleanAttribute Name="ExternalVisible" SystemDefined="true">true</BooleanAttribute><BooleanAttribute Name="ExternalWritable" SystemDefined="true">true</BooleanAttribute><BooleanAttribute Name="UserVisible" Informative="true" SystemDefined="true">true</BooleanAttribute><BooleanAttribute Name="UserReadOnly" Informative="true" SystemDefined="true">false</BooleanAttribute><BooleanAttribute Name="UserDeletable" Informative="true" SystemDefined="true">true</BooleanAttribute><BooleanAttribute Name="SetPoint" SystemDefined="true">false</BooleanAttribute></AttributeList></Member></Member>
    <Member Name="HMI_AESV" Datatype="Struct" Remanence="Retain" Accessibility="Public"><AttributeList><IntegerAttribute Name="Offset" Informative="true" SystemDefined="true">752</IntegerAttribute><BooleanAttribute Name="ExternalAccessible" SystemDefined="true">true</BooleanAttribute><BooleanAttribute Name="ExternalVisible" SystemDefined="true">true</BooleanAttribute><BooleanAttribute Name="ExternalWritable" SystemDefined="true">true</BooleanAttribute><BooleanAttribute Name="UserVisible" Informative="true" SystemDefined="true">true</BooleanAttribute><BooleanAttribute Name="UserReadOnly" Informative="true" SystemDefined="true">false</BooleanAttribute><BooleanAttribute Name="UserDeletable" Informative="true" SystemDefined="true">true</BooleanAttribute><BooleanAttribute Name="SetPoint" SystemDefined="true">false</BooleanAttribute></AttributeList><Member Name="IW" Datatype="Array[1..48] of Char"><AttributeList><IntegerAttribute Name="Offset" Informative="true" SystemDefined="true">0</IntegerAttribute><IntegerAttribute Name="PaddedSize" Informative="true" SystemDefined="true">8</IntegerAttribute><BooleanAttribute Name="ExternalAccessible" SystemDefined="true">false</BooleanAttribute><BooleanAttribute Name="ExternalVisible" SystemDefined="true">false</BooleanAttribute><BooleanAttribute Name="ExternalWritable" SystemDefined="true">false</BooleanAttribute><BooleanAttribute Name="UserVisible" Informative="true" SystemDefined="true">true</BooleanAttribute><BooleanAttribute Name="UserReadOnly" Informative="true" SystemDefined="true">false</BooleanAttribute><BooleanAttribute Name="UserDeletable" Informative="true" SystemDefined="true">true</BooleanAttribute><BooleanAttribute Name="SetPoint" SystemDefined="true">false</BooleanAttribute></AttributeList></Member><Member Name="DT" Datatype="Date_And_Time"><AttributeList><IntegerAttribute Name="Offset" Informative="true" SystemDefined="true">384</IntegerAttribute><BooleanAttribute Name="ExternalAccessible" SystemDefined="true">true</BooleanAttribute><BooleanAttribute Name="ExternalVisible" SystemDefined="true">true</BooleanAttribute><BooleanAttribute Name="ExternalWritable" SystemDefined="true">true</BooleanAttribute><BooleanAttribute Name="UserVisible" Informative="true" SystemDefined="true">true</BooleanAttribute><BooleanAttribute Name="UserReadOnly" Informative="true" SystemDefined="true">false</BooleanAttribute><BooleanAttribute Name="UserDeletable" Informative="true" SystemDefined="true">true</BooleanAttribute><BooleanAttribute Name="SetPoint" SystemDefined="true">false</BooleanAttribute></AttributeList></Member></Member>
    <Member Name="HMI_EESV" Datatype="Struct" Remanence="Retain" Accessibility="Public"><AttributeList><IntegerAttribute Name="Offset" Informative="true" SystemDefined="true">1200</IntegerAttribute><BooleanAttribute Name="ExternalAccessible" SystemDefined="true">true</BooleanAttribute><BooleanAttribute Name="ExternalVisible" SystemDefined="true">true</BooleanAttribute><BooleanAttribute Name="ExternalWritable" SystemDefined="true">true</BooleanAttribute><BooleanAttribute Name="UserVisible" Informative="true" SystemDefined="true">true</BooleanAttribute><BooleanAttribute Name="UserReadOnly" Informative="true" SystemDefined="true">false</BooleanAttribute><BooleanAttribute Name="UserDeletable" Informative="true" SystemDefined="true">true</BooleanAttribute><BooleanAttribute Name="SetPoint" SystemDefined="true">false</BooleanAttribute></AttributeList><Member Name="IW" Datatype="Array[1..48] of Char"><AttributeList><IntegerAttribute Name="Offset" Informative="true" SystemDefined="true">0</IntegerAttribute><IntegerAttribute Name="PaddedSize" Informative="true" SystemDefined="true">8</IntegerAttribute><BooleanAttribute Name="ExternalAccessible" SystemDefined="true">false</BooleanAttribute><BooleanAttribute Name="ExternalVisible" SystemDefined="true">false</BooleanAttribute><BooleanAttribute Name="ExternalWritable" SystemDefined="true">false</BooleanAttribute><BooleanAttribute Name="UserVisible" Informative="true" SystemDefined="true">true</BooleanAttribute><BooleanAttribute Name="UserReadOnly" Informative="true" SystemDefined="true">false</BooleanAttribute><BooleanAttribute Name="UserDeletable" Informative="true" SystemDefined="true">true</BooleanAttribute><BooleanAttribute Name="SetPoint" SystemDefined="true">false</BooleanAttribute></AttributeList></Member><Member Name="ES" Datatype="Array[1..32] of Char"><AttributeList><IntegerAttribute Name="Offset" Informative="true" SystemDefined="true">384</IntegerAttribute><IntegerAttribute Name="PaddedSize" Informative="true" SystemDefined="true">8</IntegerAttribute><BooleanAttribute Name="ExternalAccessible" SystemDefined="true">false</BooleanAttribute><BooleanAttribute Name="ExternalVisible" SystemDefined="true">false</BooleanAttribute><BooleanAttribute Name="ExternalWritable" SystemDefined="true">false</BooleanAttribute><BooleanAttribute Name="UserVisible" Informative="true" SystemDefined="true">true</BooleanAttribute><BooleanAttribute Name="UserReadOnly" Informative="true" SystemDefined="true">false</BooleanAttribute><BooleanAttribute Name="UserDeletable" Informative="true" SystemDefined="true">true</BooleanAttribute><BooleanAttribute Name="SetPoint" SystemDefined="true">false</BooleanAttribute></AttributeList></Member><Member Name="ZF" Datatype="String[6]"><AttributeList><IntegerAttribute Name="Offset" Informative="true" SystemDefined="true">640</IntegerAttribute><BooleanAttribute Name="ExternalAccessible" SystemDefined="true">false</BooleanAttribute><BooleanAttribute Name="ExternalVisible" SystemDefined="true">false</BooleanAttribute><BooleanAttribute Name="ExternalWritable" SystemDefined="true">false</BooleanAttribute><BooleanAttribute Name="UserVisible" Informative="true" SystemDefined="true">true</BooleanAttribute><BooleanAttribute Name="UserReadOnly" Informative="true" SystemDefined="true">false</BooleanAttribute><BooleanAttribute Name="UserDeletable" Informative="true" SystemDefined="true">true</BooleanAttribute><BooleanAttribute Name="SetPoint" SystemDefined="true">false</BooleanAttribute></AttributeList></Member><Member Name="DT" Datatype="Date_And_Time"><AttributeList><IntegerAttribute Name="Offset" Informative="true" SystemDefined="true">704</IntegerAttribute><BooleanAttribute Name="ExternalAccessible" SystemDefined="true">true</BooleanAttribute><BooleanAttribute Name="ExternalVisible" SystemDefined="true">true</BooleanAttribute><BooleanAttribute Name="ExternalWritable" SystemDefined="true">true</BooleanAttribute><BooleanAttribute Name="UserVisible" Informative="true" SystemDefined="true">true</BooleanAttribute><BooleanAttribute Name="UserReadOnly" Informative="true" SystemDefined="true">false</BooleanAttribute><BooleanAttribute Name="UserDeletable" Informative="true" SystemDefined="true">true</BooleanAttribute><BooleanAttribute Name="SetPoint" SystemDefined="true">false</BooleanAttribute></AttributeList></Member></Member>
    <Member Name="HMI_ENEV" Datatype="Struct" Remanence="Retain" Accessibility="Public"><AttributeList><IntegerAttribute Name="Offset" Informative="true" SystemDefined="true">1968</IntegerAttribute><BooleanAttribute Name="ExternalAccessible" SystemDefined="true">true</BooleanAttribute><BooleanAttribute Name="ExternalVisible" SystemDefined="true">true</BooleanAttribute><BooleanAttribute Name="ExternalWritable" SystemDefined="true">true</BooleanAttribute><BooleanAttribute Name="UserVisible" Informative="true" SystemDefined="true">true</BooleanAttribute><BooleanAttribute Name="UserReadOnly" Informative="true" SystemDefined="true">false</BooleanAttribute><BooleanAttribute Name="UserDeletable" Informative="true" SystemDefined="true">true</BooleanAttribute><BooleanAttribute Name="SetPoint" SystemDefined="true">false</BooleanAttribute></AttributeList><Member Name="IW" Datatype="Array[1..48] of Char"><AttributeList><IntegerAttribute Name="Offset" Informative="true" SystemDefined="true">0</IntegerAttribute><IntegerAttribute Name="PaddedSize" Informative="true" SystemDefined="true">8</IntegerAttribute><BooleanAttribute Name="ExternalAccessible" SystemDefined="true">false</BooleanAttribute><BooleanAttribute Name="ExternalVisible" SystemDefined="true">false</BooleanAttribute><BooleanAttribute Name="ExternalWritable" SystemDefined="true">false</BooleanAttribute><BooleanAttribute Name="UserVisible" Informative="true" SystemDefined="true">true</BooleanAttribute><BooleanAttribute Name="UserReadOnly" Informative="true" SystemDefined="true">false</BooleanAttribute><BooleanAttribute Name="UserDeletable" Informative="true" SystemDefined="true">true</BooleanAttribute><BooleanAttribute Name="SetPoint" SystemDefined="true">false</BooleanAttribute></AttributeList></Member><Member Name="FC" Datatype="Array[1..4] of Char"><AttributeList><IntegerAttribute Name="Offset" Informative="true" SystemDefined="true">384</IntegerAttribute><IntegerAttribute Name="PaddedSize" Informative="true" SystemDefined="true">8</IntegerAttribute><BooleanAttribute Name="ExternalAccessible" SystemDefined="true">false</BooleanAttribute><BooleanAttribute Name="ExternalVisible" SystemDefined="true">false</BooleanAttribute><BooleanAttribute Name="ExternalWritable" SystemDefined="true">false</BooleanAttribute><BooleanAttribute Name="UserVisible" Informative="true" SystemDefined="true">true</BooleanAttribute><BooleanAttribute Name="UserReadOnly" Informative="true" SystemDefined="true">false</BooleanAttribute><BooleanAttribute Name="UserDeletable" Informative="true" SystemDefined="true">true</BooleanAttribute><BooleanAttribute Name="SetPoint" SystemDefined="true">false</BooleanAttribute></AttributeList></Member><Member Name="FM" Datatype="Array[1..80] of Char"><AttributeList><IntegerAttribute Name="Offset" Informative="true" SystemDefined="true">416</IntegerAttribute><IntegerAttribute Name="PaddedSize" Informative="true" SystemDefined="true">8</IntegerAttribute><BooleanAttribute Name="ExternalAccessible" SystemDefined="true">false</BooleanAttribute><BooleanAttribute Name="ExternalVisible" SystemDefined="true">false</BooleanAttribute><BooleanAttribute Name="ExternalWritable" SystemDefined="true">false</BooleanAttribute><BooleanAttribute Name="UserVisible" Informative="true" SystemDefined="true">true</BooleanAttribute><BooleanAttribute Name="UserReadOnly" Informative="true" SystemDefined="true">false</BooleanAttribute><BooleanAttribute Name="UserDeletable" Informative="true" SystemDefined="true">true</BooleanAttribute><BooleanAttribute Name="SetPoint" SystemDefined="true">false</BooleanAttribute></AttributeList></Member><Member Name="DT" Datatype="Date_And_Time"><AttributeList><IntegerAttribute Name="Offset" Informative="true" SystemDefined="true">1056</IntegerAttribute><BooleanAttribute Name="ExternalAccessible" SystemDefined="true">true</BooleanAttribute><BooleanAttribute Name="ExternalVisible" SystemDefined="true">true</BooleanAttribute><BooleanAttribute Name="ExternalWritable" SystemDefined="true">true</BooleanAttribute><BooleanAttribute Name="UserVisible" Informative="true" SystemDefined="true">true</BooleanAttribute><BooleanAttribute Name="UserReadOnly" Informative="true" SystemDefined="true">false</BooleanAttribute><BooleanAttribute Name="UserDeletable" Informative="true" SystemDefined="true">true</BooleanAttribute><BooleanAttribute Name="SetPoint" SystemDefined="true">false</BooleanAttribute></AttributeList></Member></Member>
    <Member Name="iIF_COM_TCP_SEND_AESV" Datatype="&quot;iAF_COM_TCP_SEND&quot;" Remanence="Retain" Accessibility="Public"><AttributeList><IntegerAttribute Name="Offset" Informative="true" SystemDefined="true">3088</IntegerAttribute><BooleanAttribute Name="ExternalAccessible" SystemDefined="true">true</BooleanAttribute><BooleanAttribute Name="ExternalVisible" SystemDefined="true">true</BooleanAttribute><BooleanAttribute Name="ExternalWritable" SystemDefined="true">true</BooleanAttribute><BooleanAttribute Name="UserVisible" Informative="true" SystemDefined="true">true</BooleanAttribute><BooleanAttribute Name="UserReadOnly" Informative="true" SystemDefined="true">false</BooleanAttribute><BooleanAttribute Name="UserDeletable" Informative="true" SystemDefined="true">true</BooleanAttribute><BooleanAttribute Name="SetPoint" SystemDefined="true">true</BooleanAttribute></AttributeList><Sections><Section Name="Input"><Member Name="sendTLG" Datatype="Bool"><AttributeList><IntegerAttribute Name="Offset" Informative="true" SystemDefined="true">0</IntegerAttribute></AttributeList></Member><Member Name="tlgLen" Datatype="UDInt"><AttributeList><IntegerAttribute Name="Offset" Informative="true" SystemDefined="true">16</IntegerAttribute></AttributeList></Member></Section><Section Name="Output"><Member Name="tlgSENDlistOK" Datatype="Bool"><AttributeList><IntegerAttribute Name="Offset" Informative="true" SystemDefined="true">48</IntegerAttribute></AttributeList></Member><Member Name="releaseDataEntry" Datatype="Bool"><AttributeList><IntegerAttribute Name="Offset" Informative="true" SystemDefined="true">49</IntegerAttribute></AttributeList></Member><Member Name="sendDataOK" Datatype="Bool"><AttributeList><IntegerAttribute Name="Offset" Informative="true" SystemDefined="true">50</IntegerAttribute></AttributeList></Member><Member Name="sendDataNOK" Datatype="Bool"><AttributeList><IntegerAttribute Name="Offset" Informative="true" SystemDefined="true">51</IntegerAttribute></AttributeList></Member></Section><Section Name="InOut"><Member Name="IfcTLG" Datatype="&quot;iUDT_IFC_TLG&quot;"><AttributeList><IntegerAttribute Name="Offset" Informative="true" SystemDefined="true">64</IntegerAttribute></AttributeList><Sections><Section Name="None" /></Sections></Member><Member Name="DB_TLG_SEND_HEADER" Datatype="&quot;iUDT_TLG_HEADER&quot;"><AttributeList><IntegerAttribute Name="Offset" Informative="true" SystemDefined="true">112</IntegerAttribute></AttributeList><Sections><Section Name="None" /></Sections></Member><Member Name="DB_TLG_SEND" Datatype="Variant" /></Section><Section Name="Static"><Member Name="indexList" Datatype="Int"><AttributeList><IntegerAttribute Name="Offset" Informative="true" SystemDefined="true">160</IntegerAttribute></AttributeList></Member><Member Name="R_TRIG_Instance" Datatype="R_TRIG" Version="1.0"><Sections><Section Name="Input"><Member Name="CLK" Datatype="Bool" /></Section><Section Name="Output"><Member Name="Q" Datatype="Bool" /></Section><Section Name="InOut" /><Section Name="Static"><Member Name="Stat_Bit" Datatype="Bool" /></Section></Sections></Member><Member Name="D" Datatype="Struct"><AttributeList><IntegerAttribute Name="Offset" Informative="true" SystemDefined="true">176</IntegerAttribute></AttributeList><Member Name="reqTLG" Datatype="Bool"><AttributeList><IntegerAttribute Name="Offset" Informative="true" SystemDefined="true">0</IntegerAttribute></AttributeList></Member><Member Name="sendActiv" Datatype="Bool"><AttributeList><IntegerAttribute Name="Offset" Informative="true" SystemDefined="true">1</IntegerAttribute></AttributeList></Member></Member></Section></Sections></Member>
    <Member Name="iIF_COM_TCP_RECV_EESV" Datatype="&quot;iAF_COM_TCP_RECV&quot;" Remanence="Retain" Accessibility="Public"><AttributeList><IntegerAttribute Name="Offset" Informative="true" SystemDefined="true">3280</IntegerAttribute><BooleanAttribute Name="ExternalAccessible" SystemDefined="true">true</BooleanAttribute><BooleanAttribute Name="ExternalVisible" SystemDefined="true">true</BooleanAttribute><BooleanAttribute Name="ExternalWritable" SystemDefined="true">true</BooleanAttribute><BooleanAttribute Name="UserVisible" Informative="true" SystemDefined="true">true</BooleanAttribute><BooleanAttribute Name="UserReadOnly" Informative="true" SystemDefined="true">false</BooleanAttribute><BooleanAttribute Name="UserDeletable" Informative="true" SystemDefined="true">true</BooleanAttribute><BooleanAttribute Name="SetPoint" SystemDefined="true">true</BooleanAttribute></AttributeList><Sections><Section Name="Input"><Member Name="recvDataEvaluated" Datatype="Bool"><AttributeList><IntegerAttribute Name="Offset" Informative="true" SystemDefined="true">0</IntegerAttribute></AttributeList></Member><Member Name="tlgLenMax" Datatype="UDInt"><AttributeList><IntegerAttribute Name="Offset" Informative="true" SystemDefined="true">16</IntegerAttribute></AttributeList></Member></Section><Section Name="Output"><Member Name="tlgRECVlistOK" Datatype="Bool"><AttributeList><IntegerAttribute Name="Offset" Informative="true" SystemDefined="true">48</IntegerAttribute></AttributeList></Member><Member Name="recvDataAvailable" Datatype="Bool"><AttributeList><IntegerAttribute Name="Offset" Informative="true" SystemDefined="true">49</IntegerAttribute></AttributeList></Member><Member Name="recvDataLen" Datatype="UDInt"><AttributeList><IntegerAttribute Name="Offset" Informative="true" SystemDefined="true">64</IntegerAttribute></AttributeList></Member></Section><Section Name="InOut"><Member Name="IfcTLG" Datatype="&quot;iUDT_IFC_TLG&quot;"><AttributeList><IntegerAttribute Name="Offset" Informative="true" SystemDefined="true">96</IntegerAttribute></AttributeList><Sections><Section Name="None" /></Sections></Member><Member Name="DB_TLG_RECV_HEADER" Datatype="&quot;iUDT_TLG_HEADER&quot;"><AttributeList><IntegerAttribute Name="Offset" Informative="true" SystemDefined="true">144</IntegerAttribute></AttributeList><Sections><Section Name="None" /></Sections></Member><Member Name="DB_TLG_RECV" Datatype="Variant" /></Section><Section Name="Static"><Member Name="indexList" Datatype="Int"><AttributeList><IntegerAttribute Name="Offset" Informative="true" SystemDefined="true">192</IntegerAttribute></AttributeList></Member><Member Name="R_TRIG_Instance" Datatype="R_TRIG" Version="1.0"><Sections><Section Name="Input"><Member Name="CLK" Datatype="Bool" /></Section><Section Name="Output"><Member Name="Q" Datatype="Bool" /></Section><Section Name="InOut" /><Section Name="Static"><Member Name="Stat_Bit" Datatype="Bool" /></Section></Sections></Member><Member Name="D" Datatype="Struct"><AttributeList><IntegerAttribute Name="Offset" Informative="true" SystemDefined="true">208</IntegerAttribute></AttributeList><Member Name="dataEvaluated" Datatype="Bool"><AttributeList><IntegerAttribute Name="Offset" Informative="true" SystemDefined="true">0</IntegerAttribute></AttributeList></Member></Member></Section></Sections></Member>
    <Member Name="iIF_COM_TCP_RECV_ENEV" Datatype="&quot;iAF_COM_TCP_RECV&quot;" Remanence="Retain" Accessibility="Public"><AttributeList><IntegerAttribute Name="Offset" Informative="true" SystemDefined="true">3504</IntegerAttribute><BooleanAttribute Name="ExternalAccessible" SystemDefined="true">true</BooleanAttribute><BooleanAttribute Name="ExternalVisible" SystemDefined="true">true</BooleanAttribute><BooleanAttribute Name="ExternalWritable" SystemDefined="true">true</BooleanAttribute><BooleanAttribute Name="UserVisible" Informative="true" SystemDefined="true">true</BooleanAttribute><BooleanAttribute Name="UserReadOnly" Informative="true" SystemDefined="true">false</BooleanAttribute><BooleanAttribute Name="UserDeletable" Informative="true" SystemDefined="true">true</BooleanAttribute><BooleanAttribute Name="SetPoint" SystemDefined="true">true</BooleanAttribute></AttributeList><Sections><Section Name="Input"><Member Name="recvDataEvaluated" Datatype="Bool"><AttributeList><IntegerAttribute Name="Offset" Informative="true" SystemDefined="true">0</IntegerAttribute></AttributeList></Member><Member Name="tlgLenMax" Datatype="UDInt"><AttributeList><IntegerAttribute Name="Offset" Informative="true" SystemDefined="true">16</IntegerAttribute></AttributeList></Member></Section><Section Name="Output"><Member Name="tlgRECVlistOK" Datatype="Bool"><AttributeList><IntegerAttribute Name="Offset" Informative="true" SystemDefined="true">48</IntegerAttribute></AttributeList></Member><Member Name="recvDataAvailable" Datatype="Bool"><AttributeList><IntegerAttribute Name="Offset" Informative="true" SystemDefined="true">49</IntegerAttribute></AttributeList></Member><Member Name="recvDataLen" Datatype="UDInt"><AttributeList><IntegerAttribute Name="Offset" Informative="true" SystemDefined="true">64</IntegerAttribute></AttributeList></Member></Section><Section Name="InOut"><Member Name="IfcTLG" Datatype="&quot;iUDT_IFC_TLG&quot;"><AttributeList><IntegerAttribute Name="Offset" Informative="true" SystemDefined="true">96</IntegerAttribute></AttributeList><Sections><Section Name="None" /></Sections></Member><Member Name="DB_TLG_RECV_HEADER" Datatype="&quot;iUDT_TLG_HEADER&quot;"><AttributeList><IntegerAttribute Name="Offset" Informative="true" SystemDefined="true">144</IntegerAttribute></AttributeList><Sections><Section Name="None" /></Sections></Member><Member Name="DB_TLG_RECV" Datatype="Variant" /></Section><Section Name="Static"><Member Name="indexList" Datatype="Int"><AttributeList><IntegerAttribute Name="Offset" Informative="true" SystemDefined="true">192</IntegerAttribute></AttributeList></Member><Member Name="R_TRIG_Instance" Datatype="R_TRIG" Version="1.0"><Sections><Section Name="Input"><Member Name="CLK" Datatype="Bool" /></Section><Section Name="Output"><Member Name="Q" Datatype="Bool" /></Section><Section Name="InOut" /><Section Name="Static"><Member Name="Stat_Bit" Datatype="Bool" /></Section></Sections></Member><Member Name="D" Datatype="Struct"><AttributeList><IntegerAttribute Name="Offset" Informative="true" SystemDefined="true">208</IntegerAttribute></AttributeList><Member Name="dataEvaluated" Datatype="Bool"><AttributeList><IntegerAttribute Name="Offset" Informative="true" SystemDefined="true">0</IntegerAttribute></AttributeList></Member></Member></Section></Sections></Member>
    <Member Name="IEC_Timer_TLG" Datatype="TON_TIME" Version="1.0" Remanence="Retain" Accessibility="Public"><AttributeList><IntegerAttribute Name="Offset" Informative="true" SystemDefined="true">3728</IntegerAttribute><BooleanAttribute Name="ExternalAccessible" SystemDefined="true">true</BooleanAttribute><BooleanAttribute Name="ExternalVisible" SystemDefined="true">true</BooleanAttribute><BooleanAttribute Name="ExternalWritable" SystemDefined="true">true</BooleanAttribute><BooleanAttribute Name="UserVisible" Informative="true" SystemDefined="true">true</BooleanAttribute><BooleanAttribute Name="UserReadOnly" Informative="true" SystemDefined="true">false</BooleanAttribute><BooleanAttribute Name="UserDeletable" Informative="true" SystemDefined="true">true</BooleanAttribute><BooleanAttribute Name="SetPoint" SystemDefined="true">true</BooleanAttribute></AttributeList><Sections><Section Name="None"><Member Name="PT" Datatype="Time"><AttributeList><IntegerAttribute Name="Offset" Informative="true" SystemDefined="true">32</IntegerAttribute></AttributeList></Member><Member Name="ET" Datatype="Time"><AttributeList><IntegerAttribute Name="Offset" Informative="true" SystemDefined="true">64</IntegerAttribute></AttributeList></Member><Member Name="IN" Datatype="Bool"><AttributeList><IntegerAttribute Name="Offset" Informative="true" SystemDefined="true">97</IntegerAttribute></AttributeList></Member><Member Name="Q" Datatype="Bool"><AttributeList><IntegerAttribute Name="Offset" Informative="true" SystemDefined="true">98</IntegerAttribute></AttributeList></Member></Section></Sections></Member>
  </Section>
</Sections></Interface>
      <InterfaceModifiedDate ReadOnly="true">2023-07-10T08:48:38.7527007Z</InterfaceModifiedDate>
      <IsConsistent ReadOnly="true">true</IsConsistent>
      <IsKnowHowProtected ReadOnly="true">false</IsKnowHowProtected>
      <MemoryLayout ReadOnly="true">Standard</MemoryLayout>
      <ModifiedDate ReadOnly="true">2023-07-10T09:28:03.8151803Z</ModifiedDate>
      <Name>FGDB_000XTT001@QUALITY_GATE_100SAE009</Name>
      <Number>439</Number>
      <ParameterModified ReadOnly="true">2019-01-23T06:11:24.2261086Z</ParameterModified>
      <ProgrammingLanguage>DB</ProgrammingLanguage>
      <StructureModified ReadOnly="true">2021-01-30T12:23:54.7979287Z</StructureModified>
      <UDABlockProperties ReadOnly="true" />
      <UDAEnableTagReadback ReadOnly="true">false</UDAEnableTagReadback>
    </AttributeList>
    <ObjectList>
      <MultilingualText ID="1" CompositionName="Comment">
        <ObjectList>
          <MultilingualTextItem ID="2" CompositionName="Items">
            <AttributeList>
              <Culture>en-US</Culture>
              <Text />
            </AttributeList>
          </MultilingualTextItem>
          <MultilingualTextItem ID="3" CompositionName="Items">
            <AttributeList>
              <Culture>de-DE</Culture>
              <Text />
            </AttributeList>
          </MultilingualTextItem>
        </ObjectList>
      </MultilingualText>
      <MultilingualText ID="4" CompositionName="Title">
        <ObjectList>
          <MultilingualTextItem ID="5" CompositionName="Items">
            <AttributeList>
              <Culture>en-US</Culture>
              <Text />
            </AttributeList>
          </MultilingualTextItem>
          <MultilingualTextItem ID="6" CompositionName="Items">
            <AttributeList>
              <Culture>de-DE</Culture>
              <Text />
            </AttributeList>
          </MultilingualTextItem>
        </ObjectList>
      </MultilingualText>
    </ObjectList>
  </SW.Blocks.InstanceDB>
</Document>