﻿<?xml version="1.0" encoding="utf-8"?>
<Document>
  <Engineering version="V16" />
  <DocumentInfo>
    <Created>2025-05-12T11:27:57.3425077Z</Created>
    <ExportSetting>WithDefaults, WithReadOnly</ExportSetting>
    <InstalledProducts>
      <Product>
        <DisplayName>Totally Integrated Automation Portal</DisplayName>
        <DisplayVersion>V16 Update 7</DisplayVersion>
      </Product>
      <OptionPackage>
        <DisplayName>TIA Portal Version Control Interface</DisplayName>
        <DisplayVersion>V16 Update 2</DisplayVersion>
      </OptionPackage>
      <OptionPackage>
        <DisplayName>TIA Portal Openness</DisplayName>
        <DisplayVersion>V16 Update 7</DisplayVersion>
      </OptionPackage>
      <Product>
        <DisplayName>SINAMICS Startdrive Advanced</DisplayName>
        <DisplayVersion>V16 Update 5</DisplayVersion>
      </Product>
      <OptionPackage>
        <DisplayName>SINAMICS Startdrive G130, G150, S120, S150, SINAMICS MV, S210</DisplayName>
        <DisplayVersion>V16 Update 5</DisplayVersion>
      </OptionPackage>
      <OptionPackage>
        <DisplayName>SINAMICS Startdrive G110M, G120, G120C, G120D, G120P, G115D</DisplayName>
        <DisplayVersion>V16 Update 5</DisplayVersion>
      </OptionPackage>
      <Product>
        <DisplayName>STEP 7 Professional</DisplayName>
        <DisplayVersion>V16 Update 7</DisplayVersion>
      </Product>
      <OptionPackage>
        <DisplayName>STEP 7 Safety</DisplayName>
        <DisplayVersion>V16 Update 7</DisplayVersion>
      </OptionPackage>
      <Product>
        <DisplayName>WinCC Advanced</DisplayName>
        <DisplayVersion>V16 Update 7</DisplayVersion>
      </Product>
      <OptionPackage>
        <DisplayName>SIMATIC Visualization Architect</DisplayName>
        <DisplayVersion>V16</DisplayVersion>
      </OptionPackage>
    </InstalledProducts>
  </DocumentInfo>
  <SW.Blocks.FC ID="0">
    <AttributeList>
      <AutoNumber>true</AutoNumber>
      <CodeModifiedDate ReadOnly="true">2023-07-10T08:49:08.5959749Z</CodeModifiedDate>
      <CompileDate ReadOnly="true">2023-07-13T07:24:54.8641658Z</CompileDate>
      <CreationDate ReadOnly="true">2023-06-23T13:43:30.5525068Z</CreationDate>
      <HandleErrorsWithinBlock ReadOnly="true">false</HandleErrorsWithinBlock>
      <HeaderAuthor />
      <HeaderFamily />
      <HeaderName />
      <HeaderVersion>0.1</HeaderVersion>
      <Interface><Sections xmlns="http://www.siemens.com/automation/Openness/SW/Interface/v4">
  <Section Name="Input" />
  <Section Name="Output" />
  <Section Name="InOut" />
  <Section Name="Temp" />
  <Section Name="Constant" />
  <Section Name="Return">
    <Member Name="Ret_Val" Datatype="Void" Accessibility="Public" />
  </Section>
</Sections></Interface>
      <InterfaceModifiedDate ReadOnly="true">2023-06-23T14:00:39.5989028Z</InterfaceModifiedDate>
      <IsConsistent ReadOnly="true">true</IsConsistent>
      <IsIECCheckEnabled>false</IsIECCheckEnabled>
      <IsKnowHowProtected ReadOnly="true">false</IsKnowHowProtected>
      <IsWriteProtected ReadOnly="true">false</IsWriteProtected>
      <LibraryConformanceStatus ReadOnly="true">Error: The block contains calls of single instances.
Warning: The object contains access to global data blocks.
Warning: The block contains direct access to inputs, outputs, bit memories, indirect access to the registry or indirect access to external memory areas that are unknown at the time of compilation.
</LibraryConformanceStatus>
      <MemoryLayout>Standard</MemoryLayout>
      <ModifiedDate ReadOnly="true">2023-07-10T08:49:08.5959749Z</ModifiedDate>
      <Name>030SGV001_Call</Name>
      <Number>76</Number>
      <ParameterModified ReadOnly="true">2023-06-23T13:43:30.5525068Z</ParameterModified>
      <PLCSimAdvancedSupport ReadOnly="true">true</PLCSimAdvancedSupport>
      <ProgrammingLanguage>FBD</ProgrammingLanguage>
      <SetENOAutomatically>false</SetENOAutomatically>
      <StructureModified ReadOnly="true">2023-06-23T13:43:30.5525068Z</StructureModified>
      <UDABlockProperties />
      <UDAEnableTagReadback>false</UDAEnableTagReadback>
    </AttributeList>
    <ObjectList>
      <MultilingualText ID="1" CompositionName="Comment">
        <ObjectList>
          <MultilingualTextItem ID="2" CompositionName="Items">
            <AttributeList>
              <Culture>en-US</Culture>
              <Text />
            </AttributeList>
          </MultilingualTextItem>
          <MultilingualTextItem ID="3" CompositionName="Items">
            <AttributeList>
              <Culture>de-DE</Culture>
              <Text />
            </AttributeList>
          </MultilingualTextItem>
        </ObjectList>
      </MultilingualText>
      <SW.Blocks.CompileUnit ID="4" CompositionName="CompileUnits">
        <AttributeList>
          <NetworkSource><FlgNet xmlns="http://www.siemens.com/automation/Openness/SW/NetworkSource/FlgNet/v4">
  <Parts>
    <Access Scope="GlobalVariable" UId="21">
      <IntegerAttribute Name="NumBLs" Informative="true">5</IntegerAttribute>
      <Symbol>
        <Component Name="ToDo" />
        <Address Area="Memory" Type="Bool" BitOffset="792" Informative="true" />
      </Symbol>
    </Access>
    <Access Scope="GlobalVariable" UId="22">
      <IntegerAttribute Name="NumBLs" Informative="true">5</IntegerAttribute>
      <Symbol>
        <Component Name="FGDB_030SGV001@AddOn" />
        <Component Name="AddS" />
        <Component Name="BTK belegt Typ C174" />
        <Address Area="DB" Type="Bool" BlockNumber="264" BitOffset="209" Informative="true" />
      </Symbol>
    </Access>
    <Part Name="A" UId="23">
      <TemplateValue Name="Card" Type="Cardinality">1</TemplateValue>
    </Part>
    <Part Name="Coil" UId="24" />
  </Parts>
  <Wires>
    <Wire UId="25">
      <IdentCon UId="21" />
      <NameCon UId="23" Name="in1" />
    </Wire>
    <Wire UId="26">
      <NameCon UId="23" Name="out" />
      <NameCon UId="24" Name="in" />
    </Wire>
    <Wire UId="27">
      <IdentCon UId="22" />
      <NameCon UId="24" Name="operand" />
    </Wire>
  </Wires>
</FlgNet></NetworkSource>
          <ProgrammingLanguage>FBD</ProgrammingLanguage>
        </AttributeList>
        <ObjectList>
          <MultilingualText ID="5" CompositionName="Comment">
            <ObjectList>
              <MultilingualTextItem ID="6" CompositionName="Items">
                <AttributeList>
                  <Culture>en-US</Culture>
                  <Text />
                </AttributeList>
              </MultilingualTextItem>
              <MultilingualTextItem ID="7" CompositionName="Items">
                <AttributeList>
                  <Culture>de-DE</Culture>
                  <Text />
                </AttributeList>
              </MultilingualTextItem>
            </ObjectList>
          </MultilingualText>
          <MultilingualText ID="8" CompositionName="Title">
            <ObjectList>
              <MultilingualTextItem ID="9" CompositionName="Items">
                <AttributeList>
                  <Culture>en-US</Culture>
                  <Text />
                </AttributeList>
              </MultilingualTextItem>
              <MultilingualTextItem ID="A" CompositionName="Items">
                <AttributeList>
                  <Culture>de-DE</Culture>
                  <Text>Bauteilkontrollen belegt C174</Text>
                </AttributeList>
              </MultilingualTextItem>
            </ObjectList>
          </MultilingualText>
        </ObjectList>
      </SW.Blocks.CompileUnit>
      <SW.Blocks.CompileUnit ID="B" CompositionName="CompileUnits">
        <AttributeList>
          <NetworkSource><FlgNet xmlns="http://www.siemens.com/automation/Openness/SW/NetworkSource/FlgNet/v4">
  <Parts>
    <Access Scope="GlobalVariable" UId="21">
      <IntegerAttribute Name="NumBLs" Informative="true">5</IntegerAttribute>
      <Symbol>
        <Component Name="ToDo" />
        <Address Area="Memory" Type="Bool" BitOffset="792" Informative="true" />
      </Symbol>
    </Access>
    <Access Scope="GlobalVariable" UId="22">
      <IntegerAttribute Name="NumBLs" Informative="true">5</IntegerAttribute>
      <Symbol>
        <Component Name="FGDB_030SGV001@AddOn" />
        <Component Name="AddS" />
        <Component Name="BTK belegt Typ C178" />
        <Address Area="DB" Type="Bool" BlockNumber="264" BitOffset="210" Informative="true" />
      </Symbol>
    </Access>
    <Part Name="A" UId="23">
      <TemplateValue Name="Card" Type="Cardinality">1</TemplateValue>
    </Part>
    <Part Name="Coil" UId="24" />
  </Parts>
  <Wires>
    <Wire UId="25">
      <IdentCon UId="21" />
      <NameCon UId="23" Name="in1" />
    </Wire>
    <Wire UId="26">
      <NameCon UId="23" Name="out" />
      <NameCon UId="24" Name="in" />
    </Wire>
    <Wire UId="27">
      <IdentCon UId="22" />
      <NameCon UId="24" Name="operand" />
    </Wire>
  </Wires>
</FlgNet></NetworkSource>
          <ProgrammingLanguage>FBD</ProgrammingLanguage>
        </AttributeList>
        <ObjectList>
          <MultilingualText ID="C" CompositionName="Comment">
            <ObjectList>
              <MultilingualTextItem ID="D" CompositionName="Items">
                <AttributeList>
                  <Culture>en-US</Culture>
                  <Text />
                </AttributeList>
              </MultilingualTextItem>
              <MultilingualTextItem ID="E" CompositionName="Items">
                <AttributeList>
                  <Culture>de-DE</Culture>
                  <Text />
                </AttributeList>
              </MultilingualTextItem>
            </ObjectList>
          </MultilingualText>
          <MultilingualText ID="F" CompositionName="Title">
            <ObjectList>
              <MultilingualTextItem ID="10" CompositionName="Items">
                <AttributeList>
                  <Culture>en-US</Culture>
                  <Text />
                </AttributeList>
              </MultilingualTextItem>
              <MultilingualTextItem ID="11" CompositionName="Items">
                <AttributeList>
                  <Culture>de-DE</Culture>
                  <Text>Bauteilkontrollen belegt C178</Text>
                </AttributeList>
              </MultilingualTextItem>
            </ObjectList>
          </MultilingualText>
        </ObjectList>
      </SW.Blocks.CompileUnit>
      <SW.Blocks.CompileUnit ID="12" CompositionName="CompileUnits">
        <AttributeList>
          <NetworkSource><FlgNet xmlns="http://www.siemens.com/automation/Openness/SW/NetworkSource/FlgNet/v4">
  <Parts>
    <Access Scope="GlobalVariable" UId="21">
      <IntegerAttribute Name="NumBLs" Informative="true">5</IntegerAttribute>
      <Symbol>
        <Component Name="ToDo" />
        <Address Area="Memory" Type="Bool" BitOffset="792" Informative="true" />
      </Symbol>
    </Access>
    <Access Scope="GlobalVariable" UId="22">
      <IntegerAttribute Name="NumBLs" Informative="true">5</IntegerAttribute>
      <Symbol>
        <Component Name="FGDB_030SGV001@AddOn" />
        <Component Name="AddS" />
        <Component Name="BTK belegt Typ X174" />
        <Address Area="DB" Type="Bool" BlockNumber="264" BitOffset="211" Informative="true" />
      </Symbol>
    </Access>
    <Part Name="A" UId="23">
      <TemplateValue Name="Card" Type="Cardinality">1</TemplateValue>
    </Part>
    <Part Name="Coil" UId="24" />
  </Parts>
  <Wires>
    <Wire UId="25">
      <IdentCon UId="21" />
      <NameCon UId="23" Name="in1" />
    </Wire>
    <Wire UId="26">
      <NameCon UId="23" Name="out" />
      <NameCon UId="24" Name="in" />
    </Wire>
    <Wire UId="27">
      <IdentCon UId="22" />
      <NameCon UId="24" Name="operand" />
    </Wire>
  </Wires>
</FlgNet></NetworkSource>
          <ProgrammingLanguage>FBD</ProgrammingLanguage>
        </AttributeList>
        <ObjectList>
          <MultilingualText ID="13" CompositionName="Comment">
            <ObjectList>
              <MultilingualTextItem ID="14" CompositionName="Items">
                <AttributeList>
                  <Culture>en-US</Culture>
                  <Text />
                </AttributeList>
              </MultilingualTextItem>
              <MultilingualTextItem ID="15" CompositionName="Items">
                <AttributeList>
                  <Culture>de-DE</Culture>
                  <Text />
                </AttributeList>
              </MultilingualTextItem>
            </ObjectList>
          </MultilingualText>
          <MultilingualText ID="16" CompositionName="Title">
            <ObjectList>
              <MultilingualTextItem ID="17" CompositionName="Items">
                <AttributeList>
                  <Culture>en-US</Culture>
                  <Text />
                </AttributeList>
              </MultilingualTextItem>
              <MultilingualTextItem ID="18" CompositionName="Items">
                <AttributeList>
                  <Culture>de-DE</Culture>
                  <Text>Bauteilkontrollen belegt X174</Text>
                </AttributeList>
              </MultilingualTextItem>
            </ObjectList>
          </MultilingualText>
        </ObjectList>
      </SW.Blocks.CompileUnit>
      <SW.Blocks.CompileUnit ID="19" CompositionName="CompileUnits">
        <AttributeList>
          <NetworkSource><FlgNet xmlns="http://www.siemens.com/automation/Openness/SW/NetworkSource/FlgNet/v4">
  <Parts>
    <Access Scope="GlobalVariable" UId="21">
      <IntegerAttribute Name="NumBLs" Informative="true">5</IntegerAttribute>
      <Symbol>
        <Component Name="ToDo" />
        <Address Area="Memory" Type="Bool" BitOffset="792" Informative="true" />
      </Symbol>
    </Access>
    <Access Scope="GlobalVariable" UId="22">
      <IntegerAttribute Name="NumBLs" Informative="true">5</IntegerAttribute>
      <Symbol>
        <Component Name="FGDB_030SGV001@AddOn" />
        <Component Name="AddS" />
        <Component Name="BTK belegt Typ X178" />
        <Address Area="DB" Type="Bool" BlockNumber="264" BitOffset="212" Informative="true" />
      </Symbol>
    </Access>
    <Part Name="A" UId="23">
      <TemplateValue Name="Card" Type="Cardinality">1</TemplateValue>
    </Part>
    <Part Name="Coil" UId="24" />
  </Parts>
  <Wires>
    <Wire UId="25">
      <IdentCon UId="21" />
      <NameCon UId="23" Name="in1" />
    </Wire>
    <Wire UId="26">
      <NameCon UId="23" Name="out" />
      <NameCon UId="24" Name="in" />
    </Wire>
    <Wire UId="27">
      <IdentCon UId="22" />
      <NameCon UId="24" Name="operand" />
    </Wire>
  </Wires>
</FlgNet></NetworkSource>
          <ProgrammingLanguage>FBD</ProgrammingLanguage>
        </AttributeList>
        <ObjectList>
          <MultilingualText ID="1A" CompositionName="Comment">
            <ObjectList>
              <MultilingualTextItem ID="1B" CompositionName="Items">
                <AttributeList>
                  <Culture>en-US</Culture>
                  <Text />
                </AttributeList>
              </MultilingualTextItem>
              <MultilingualTextItem ID="1C" CompositionName="Items">
                <AttributeList>
                  <Culture>de-DE</Culture>
                  <Text />
                </AttributeList>
              </MultilingualTextItem>
            </ObjectList>
          </MultilingualText>
          <MultilingualText ID="1D" CompositionName="Title">
            <ObjectList>
              <MultilingualTextItem ID="1E" CompositionName="Items">
                <AttributeList>
                  <Culture>en-US</Culture>
                  <Text />
                </AttributeList>
              </MultilingualTextItem>
              <MultilingualTextItem ID="1F" CompositionName="Items">
                <AttributeList>
                  <Culture>de-DE</Culture>
                  <Text>Bauteilkontrollen belegt X178</Text>
                </AttributeList>
              </MultilingualTextItem>
            </ObjectList>
          </MultilingualText>
        </ObjectList>
      </SW.Blocks.CompileUnit>
      <SW.Blocks.CompileUnit ID="20" CompositionName="CompileUnits">
        <AttributeList>
          <NetworkSource><FlgNet xmlns="http://www.siemens.com/automation/Openness/SW/NetworkSource/FlgNet/v4">
  <Parts>
    <Access Scope="LiteralConstant" UId="21">
      <IntegerAttribute Name="NumBLs" Informative="true">5</IntegerAttribute>
      <Constant>
        <ConstantType>Int</ConstantType>
        <ConstantValue>1</ConstantValue>
        <StringAttribute Name="Format" Informative="true">Dec_signed</StringAttribute>
      </Constant>
    </Access>
    <Access Scope="LiteralConstant" UId="22">
      <IntegerAttribute Name="NumBLs" Informative="true">5</IntegerAttribute>
      <Constant>
        <ConstantType>Bool</ConstantType>
        <ConstantValue>true</ConstantValue>
        <StringAttribute Name="Format" Informative="true">Bool</StringAttribute>
      </Constant>
    </Access>
    <Access Scope="LiteralConstant" UId="23">
      <IntegerAttribute Name="NumBLs" Informative="true">5</IntegerAttribute>
      <Constant>
        <ConstantType>Bool</ConstantType>
        <ConstantValue>false</ConstantValue>
        <StringAttribute Name="Format" Informative="true">Bool</StringAttribute>
      </Constant>
    </Access>
    <Access Scope="GlobalVariable" UId="24">
      <IntegerAttribute Name="NumBLs" Informative="true">5</IntegerAttribute>
      <Symbol>
        <Component Name="FGDB_030SGV001@AddOn" />
        <Component Name="TransExtF" />
        <Component Name="1" />
        <Address Area="DB" Type="Bool" BlockNumber="264" BitOffset="240" Informative="true" />
      </Symbol>
    </Access>
    <Access Scope="GlobalVariable" UId="25">
      <IntegerAttribute Name="NumBLs" Informative="true">5</IntegerAttribute>
      <Symbol>
        <Component Name="FGDB_030SGV001@AddOn" />
        <Component Name="TransExtF" />
        <Component Name="2" />
        <Address Area="DB" Type="Bool" BlockNumber="264" BitOffset="241" Informative="true" />
      </Symbol>
    </Access>
    <Access Scope="GlobalVariable" UId="26">
      <IntegerAttribute Name="NumBLs" Informative="true">5</IntegerAttribute>
      <Symbol>
        <Component Name="FGDB_030SGV001@AddOn" />
        <Component Name="TransExtF" />
        <Component Name="3" />
        <Address Area="DB" Type="Bool" BlockNumber="264" BitOffset="242" Informative="true" />
      </Symbol>
    </Access>
    <Access Scope="GlobalVariable" UId="27">
      <IntegerAttribute Name="NumBLs" Informative="true">5</IntegerAttribute>
      <Symbol>
        <Component Name="FGDB_030SGV001@AddOn" />
        <Component Name="TransExtF" />
        <Component Name="4" />
        <Address Area="DB" Type="Bool" BlockNumber="264" BitOffset="243" Informative="true" />
      </Symbol>
    </Access>
    <Access Scope="GlobalVariable" UId="28">
      <IntegerAttribute Name="NumBLs" Informative="true">5</IntegerAttribute>
      <Symbol>
        <Component Name="FGDB_030SGV001@AddOn" />
        <Component Name="TransExtF" />
        <Component Name="5" />
        <Address Area="DB" Type="Bool" BlockNumber="264" BitOffset="244" Informative="true" />
      </Symbol>
    </Access>
    <Access Scope="GlobalVariable" UId="29">
      <IntegerAttribute Name="NumBLs" Informative="true">5</IntegerAttribute>
      <Symbol>
        <Component Name="FGDB_030SGV001@AddOn" />
        <Component Name="TransExtF" />
        <Component Name="6" />
        <Address Area="DB" Type="Bool" BlockNumber="264" BitOffset="245" Informative="true" />
      </Symbol>
    </Access>
    <Access Scope="GlobalVariable" UId="30">
      <IntegerAttribute Name="NumBLs" Informative="true">5</IntegerAttribute>
      <Symbol>
        <Component Name="FGDB_030SGV001@AddOn" />
        <Component Name="TransExtF" />
        <Component Name="7" />
        <Address Area="DB" Type="Bool" BlockNumber="264" BitOffset="246" Informative="true" />
      </Symbol>
    </Access>
    <Access Scope="GlobalVariable" UId="31">
      <IntegerAttribute Name="NumBLs" Informative="true">5</IntegerAttribute>
      <Symbol>
        <Component Name="FGDB_030SGV001@AddOn" />
        <Component Name="TransExtF" />
        <Component Name="8" />
        <Address Area="DB" Type="Bool" BlockNumber="264" BitOffset="247" Informative="true" />
      </Symbol>
    </Access>
    <Access Scope="GlobalVariable" UId="32">
      <IntegerAttribute Name="NumBLs" Informative="true">5</IntegerAttribute>
      <Symbol>
        <Component Name="FGDB_030SGV001@AddOn" />
        <Component Name="Masks" />
        <Component Name="prodRelevantFault1_8" />
        <Address Area="DB" Type="Byte" BlockNumber="264" BitOffset="352" Informative="true" />
      </Symbol>
    </Access>
    <Access Scope="GlobalVariable" UId="33">
      <IntegerAttribute Name="NumBLs" Informative="true">5</IntegerAttribute>
      <Symbol>
        <Component Name="FGDB_030SGV001@AddOn" />
        <Component Name="AddInfo" />
        <Component Name="1" />
        <Address Area="DB" Type="DWord" BlockNumber="264" BitOffset="0" Informative="true" />
      </Symbol>
    </Access>
    <Access Scope="GlobalVariable" UId="34">
      <IntegerAttribute Name="NumBLs" Informative="true">5</IntegerAttribute>
      <Symbol>
        <Component Name="FGDB_030SGV001@AddOn" />
        <Component Name="AddInfo" />
        <Component Name="2" />
        <Address Area="DB" Type="DWord" BlockNumber="264" BitOffset="32" Informative="true" />
      </Symbol>
    </Access>
    <Access Scope="GlobalVariable" UId="35">
      <IntegerAttribute Name="NumBLs" Informative="true">5</IntegerAttribute>
      <Symbol>
        <Component Name="FGDB_030SGV001@AddOn" />
        <Component Name="AddInfo" />
        <Component Name="3" />
        <Address Area="DB" Type="DWord" BlockNumber="264" BitOffset="64" Informative="true" />
      </Symbol>
    </Access>
    <Access Scope="GlobalVariable" UId="36">
      <IntegerAttribute Name="NumBLs" Informative="true">5</IntegerAttribute>
      <Symbol>
        <Component Name="FGDB_030SGV001@AddOn" />
        <Component Name="AddInfo" />
        <Component Name="4" />
        <Address Area="DB" Type="DWord" BlockNumber="264" BitOffset="96" Informative="true" />
      </Symbol>
    </Access>
    <Access Scope="GlobalVariable" UId="37">
      <IntegerAttribute Name="NumBLs" Informative="true">5</IntegerAttribute>
      <Symbol>
        <Component Name="FGDB_030SGV001@AddOn" />
        <Component Name="AddInfo" />
        <Component Name="5" />
        <Address Area="DB" Type="DWord" BlockNumber="264" BitOffset="128" Informative="true" />
      </Symbol>
    </Access>
    <Access Scope="GlobalVariable" UId="38">
      <IntegerAttribute Name="NumBLs" Informative="true">5</IntegerAttribute>
      <Symbol>
        <Component Name="FGDB_030SGV001@AddOn" />
        <Component Name="AddInfo" />
        <Component Name="6" />
        <Address Area="DB" Type="DWord" BlockNumber="264" BitOffset="160" Informative="true" />
      </Symbol>
    </Access>
    <Access Scope="GlobalVariable" UId="39">
      <IntegerAttribute Name="NumBLs" Informative="true">5</IntegerAttribute>
      <Symbol>
        <Component Name="FGDB_030SGV001@AddOn" />
        <Component Name="ExtF" />
        <Component Name="1" />
        <Address Area="DB" Type="Bool" BlockNumber="264" BitOffset="224" Informative="true" />
      </Symbol>
    </Access>
    <Access Scope="GlobalVariable" UId="40">
      <IntegerAttribute Name="NumBLs" Informative="true">5</IntegerAttribute>
      <Symbol>
        <Component Name="FGDB_030SGV001@AddOn" />
        <Component Name="ExtF" />
        <Component Name="2" />
        <Address Area="DB" Type="Bool" BlockNumber="264" BitOffset="225" Informative="true" />
      </Symbol>
    </Access>
    <Access Scope="GlobalVariable" UId="41">
      <IntegerAttribute Name="NumBLs" Informative="true">5</IntegerAttribute>
      <Symbol>
        <Component Name="FGDB_030SGV001@AddOn" />
        <Component Name="ExtF" />
        <Component Name="3" />
        <Address Area="DB" Type="Bool" BlockNumber="264" BitOffset="226" Informative="true" />
      </Symbol>
    </Access>
    <Access Scope="GlobalVariable" UId="42">
      <IntegerAttribute Name="NumBLs" Informative="true">5</IntegerAttribute>
      <Symbol>
        <Component Name="FGDB_030SGV001@AddOn" />
        <Component Name="ExtF" />
        <Component Name="4" />
        <Address Area="DB" Type="Bool" BlockNumber="264" BitOffset="227" Informative="true" />
      </Symbol>
    </Access>
    <Access Scope="GlobalVariable" UId="43">
      <IntegerAttribute Name="NumBLs" Informative="true">5</IntegerAttribute>
      <Symbol>
        <Component Name="FGDB_030SGV001@AddOn" />
        <Component Name="ExtF" />
        <Component Name="5" />
        <Address Area="DB" Type="Bool" BlockNumber="264" BitOffset="228" Informative="true" />
      </Symbol>
    </Access>
    <Access Scope="GlobalVariable" UId="44">
      <IntegerAttribute Name="NumBLs" Informative="true">5</IntegerAttribute>
      <Symbol>
        <Component Name="FGDB_030SGV001@AddOn" />
        <Component Name="ExtF" />
        <Component Name="6" />
        <Address Area="DB" Type="Bool" BlockNumber="264" BitOffset="229" Informative="true" />
      </Symbol>
    </Access>
    <Access Scope="GlobalVariable" UId="45">
      <IntegerAttribute Name="NumBLs" Informative="true">5</IntegerAttribute>
      <Symbol>
        <Component Name="FGDB_030SGV001@AddOn" />
        <Component Name="ExtF" />
        <Component Name="7" />
        <Address Area="DB" Type="Bool" BlockNumber="264" BitOffset="230" Informative="true" />
      </Symbol>
    </Access>
    <Access Scope="GlobalVariable" UId="46">
      <IntegerAttribute Name="NumBLs" Informative="true">5</IntegerAttribute>
      <Symbol>
        <Component Name="FGDB_030SGV001@AddOn" />
        <Component Name="ExtF" />
        <Component Name="8" />
        <Address Area="DB" Type="Bool" BlockNumber="264" BitOffset="231" Informative="true" />
      </Symbol>
    </Access>
    <Access Scope="GlobalVariable" UId="47">
      <IntegerAttribute Name="NumBLs" Informative="true">5</IntegerAttribute>
      <Symbol>
        <Component Name="FGDB_030SGV001" />
        <Component Name="IfcFGExternal" />
        <Address Area="DB" Type="iUDT_IFC_SYS_EXTERNAL_ALARM" BlockNumber="123" BitOffset="208" Informative="true" />
      </Symbol>
    </Access>
    <Access Scope="GlobalVariable" UId="48">
      <IntegerAttribute Name="NumBLs" Informative="true">5</IntegerAttribute>
      <Symbol>
        <Component Name="FGDB_030SGV001@AddOn" />
        <Component Name="GroupMessages" />
        <Component Name="groupMessageFault1_8" />
        <Address Area="DB" Type="Bool" BlockNumber="264" BitOffset="384" Informative="true" />
      </Symbol>
    </Access>
    <Call UId="49">
      <CallInfo Name="iFC_SYS_EXTERNAL_ALARM" BlockType="FC">
        <IntegerAttribute Name="BlockNumber" Informative="true">17</IntegerAttribute>
        <DateAttribute Name="ParameterModifiedTS" Informative="true">2016-12-22T18:43:45</DateAttribute>
        <Parameter Name="fct" Section="Input" Type="Int">
          <StringAttribute Name="InterfaceFlags" Informative="true">S7_Visible</StringAttribute>
        </Parameter>
        <Parameter Name="enableIn" Section="Input" Type="Bool">
          <StringAttribute Name="InterfaceFlags" Informative="true">S7_Visible</StringAttribute>
        </Parameter>
        <Parameter Name="ack" Section="Input" Type="Bool">
          <StringAttribute Name="InterfaceFlags" Informative="true">S7_Visible</StringAttribute>
        </Parameter>
        <Parameter Name="triggerMessage_1" Section="Input" Type="Bool">
          <StringAttribute Name="InterfaceFlags" Informative="true">S7_Visible</StringAttribute>
        </Parameter>
        <Parameter Name="triggerMessage_2" Section="Input" Type="Bool">
          <StringAttribute Name="InterfaceFlags" Informative="true">S7_Visible</StringAttribute>
        </Parameter>
        <Parameter Name="triggerMessage_3" Section="Input" Type="Bool">
          <StringAttribute Name="InterfaceFlags" Informative="true">S7_Visible</StringAttribute>
        </Parameter>
        <Parameter Name="triggerMessage_4" Section="Input" Type="Bool">
          <StringAttribute Name="InterfaceFlags" Informative="true">S7_Visible</StringAttribute>
        </Parameter>
        <Parameter Name="triggerMessage_5" Section="Input" Type="Bool">
          <StringAttribute Name="InterfaceFlags" Informative="true">S7_Visible</StringAttribute>
        </Parameter>
        <Parameter Name="triggerMessage_6" Section="Input" Type="Bool">
          <StringAttribute Name="InterfaceFlags" Informative="true">S7_Visible</StringAttribute>
        </Parameter>
        <Parameter Name="triggerMessage_7" Section="Input" Type="Bool">
          <StringAttribute Name="InterfaceFlags" Informative="true">S7_Visible</StringAttribute>
        </Parameter>
        <Parameter Name="triggerMessage_8" Section="Input" Type="Bool">
          <StringAttribute Name="InterfaceFlags" Informative="true">S7_Visible</StringAttribute>
        </Parameter>
        <Parameter Name="maskPr" Section="Input" Type="Byte">
          <StringAttribute Name="InterfaceFlags" Informative="true">S7_Visible</StringAttribute>
        </Parameter>
        <Parameter Name="addInfo_1" Section="Input" Type="DWord">
          <StringAttribute Name="InterfaceFlags" Informative="true">S7_Visible</StringAttribute>
        </Parameter>
        <Parameter Name="addInfo_2" Section="Input" Type="DWord">
          <StringAttribute Name="InterfaceFlags" Informative="true">S7_Visible</StringAttribute>
        </Parameter>
        <Parameter Name="addInfo_3" Section="Input" Type="DWord">
          <StringAttribute Name="InterfaceFlags" Informative="true">S7_Visible</StringAttribute>
        </Parameter>
        <Parameter Name="addInfo_4" Section="Input" Type="DWord">
          <StringAttribute Name="InterfaceFlags" Informative="true">S7_Visible</StringAttribute>
        </Parameter>
        <Parameter Name="addInfo_5" Section="Input" Type="DWord">
          <StringAttribute Name="InterfaceFlags" Informative="true">S7_Visible</StringAttribute>
        </Parameter>
        <Parameter Name="addInfo_6" Section="Input" Type="DWord">
          <StringAttribute Name="InterfaceFlags" Informative="true">S7_Visible</StringAttribute>
        </Parameter>
        <Parameter Name="groupMessage" Section="Output" Type="Bool">
          <StringAttribute Name="InterfaceFlags" Informative="true">S7_Visible</StringAttribute>
        </Parameter>
        <Parameter Name="message_1" Section="InOut" Type="Bool">
          <StringAttribute Name="InterfaceFlags" Informative="true">S7_Visible</StringAttribute>
        </Parameter>
        <Parameter Name="message_2" Section="InOut" Type="Bool">
          <StringAttribute Name="InterfaceFlags" Informative="true">S7_Visible</StringAttribute>
        </Parameter>
        <Parameter Name="message_3" Section="InOut" Type="Bool">
          <StringAttribute Name="InterfaceFlags" Informative="true">S7_Visible</StringAttribute>
        </Parameter>
        <Parameter Name="message_4" Section="InOut" Type="Bool">
          <StringAttribute Name="InterfaceFlags" Informative="true">S7_Visible</StringAttribute>
        </Parameter>
        <Parameter Name="message_5" Section="InOut" Type="Bool">
          <StringAttribute Name="InterfaceFlags" Informative="true">S7_Visible</StringAttribute>
        </Parameter>
        <Parameter Name="message_6" Section="InOut" Type="Bool">
          <StringAttribute Name="InterfaceFlags" Informative="true">S7_Visible</StringAttribute>
        </Parameter>
        <Parameter Name="message_7" Section="InOut" Type="Bool">
          <StringAttribute Name="InterfaceFlags" Informative="true">S7_Visible</StringAttribute>
        </Parameter>
        <Parameter Name="message_8" Section="InOut" Type="Bool">
          <StringAttribute Name="InterfaceFlags" Informative="true">S7_Visible</StringAttribute>
        </Parameter>
        <Parameter Name="IfcFGExternal" Section="InOut" Type="&quot;iUDT_IFC_SYS_EXTERNAL_ALARM&quot;">
          <StringAttribute Name="InterfaceFlags" Informative="true">S7_Visible</StringAttribute>
        </Parameter>
      </CallInfo>
    </Call>
  </Parts>
  <Wires>
    <Wire UId="51">
      <OpenCon UId="50" />
      <NameCon UId="49" Name="en" />
    </Wire>
    <Wire UId="52">
      <IdentCon UId="21" />
      <NameCon UId="49" Name="fct" />
    </Wire>
    <Wire UId="53">
      <IdentCon UId="22" />
      <NameCon UId="49" Name="enableIn" />
    </Wire>
    <Wire UId="54">
      <IdentCon UId="23" />
      <NameCon UId="49" Name="ack" />
    </Wire>
    <Wire UId="55">
      <IdentCon UId="24" />
      <NameCon UId="49" Name="triggerMessage_1" />
    </Wire>
    <Wire UId="56">
      <IdentCon UId="25" />
      <NameCon UId="49" Name="triggerMessage_2" />
    </Wire>
    <Wire UId="57">
      <IdentCon UId="26" />
      <NameCon UId="49" Name="triggerMessage_3" />
    </Wire>
    <Wire UId="58">
      <IdentCon UId="27" />
      <NameCon UId="49" Name="triggerMessage_4" />
    </Wire>
    <Wire UId="59">
      <IdentCon UId="28" />
      <NameCon UId="49" Name="triggerMessage_5" />
    </Wire>
    <Wire UId="60">
      <IdentCon UId="29" />
      <NameCon UId="49" Name="triggerMessage_6" />
    </Wire>
    <Wire UId="61">
      <IdentCon UId="30" />
      <NameCon UId="49" Name="triggerMessage_7" />
    </Wire>
    <Wire UId="62">
      <IdentCon UId="31" />
      <NameCon UId="49" Name="triggerMessage_8" />
    </Wire>
    <Wire UId="63">
      <IdentCon UId="32" />
      <NameCon UId="49" Name="maskPr" />
    </Wire>
    <Wire UId="64">
      <IdentCon UId="33" />
      <NameCon UId="49" Name="addInfo_1" />
    </Wire>
    <Wire UId="65">
      <IdentCon UId="34" />
      <NameCon UId="49" Name="addInfo_2" />
    </Wire>
    <Wire UId="66">
      <IdentCon UId="35" />
      <NameCon UId="49" Name="addInfo_3" />
    </Wire>
    <Wire UId="67">
      <IdentCon UId="36" />
      <NameCon UId="49" Name="addInfo_4" />
    </Wire>
    <Wire UId="68">
      <IdentCon UId="37" />
      <NameCon UId="49" Name="addInfo_5" />
    </Wire>
    <Wire UId="69">
      <IdentCon UId="38" />
      <NameCon UId="49" Name="addInfo_6" />
    </Wire>
    <Wire UId="70">
      <IdentCon UId="39" />
      <NameCon UId="49" Name="message_1" />
    </Wire>
    <Wire UId="71">
      <IdentCon UId="40" />
      <NameCon UId="49" Name="message_2" />
    </Wire>
    <Wire UId="72">
      <IdentCon UId="41" />
      <NameCon UId="49" Name="message_3" />
    </Wire>
    <Wire UId="73">
      <IdentCon UId="42" />
      <NameCon UId="49" Name="message_4" />
    </Wire>
    <Wire UId="74">
      <IdentCon UId="43" />
      <NameCon UId="49" Name="message_5" />
    </Wire>
    <Wire UId="75">
      <IdentCon UId="44" />
      <NameCon UId="49" Name="message_6" />
    </Wire>
    <Wire UId="76">
      <IdentCon UId="45" />
      <NameCon UId="49" Name="message_7" />
    </Wire>
    <Wire UId="77">
      <IdentCon UId="46" />
      <NameCon UId="49" Name="message_8" />
    </Wire>
    <Wire UId="78">
      <IdentCon UId="47" />
      <NameCon UId="49" Name="IfcFGExternal" />
    </Wire>
    <Wire UId="79">
      <NameCon UId="49" Name="groupMessage" />
      <IdentCon UId="48" />
    </Wire>
  </Wires>
</FlgNet></NetworkSource>
          <ProgrammingLanguage>FBD</ProgrammingLanguage>
        </AttributeList>
        <ObjectList>
          <MultilingualText ID="21" CompositionName="Comment">
            <ObjectList>
              <MultilingualTextItem ID="22" CompositionName="Items">
                <AttributeList>
                  <Culture>en-US</Culture>
                  <Text />
                </AttributeList>
              </MultilingualTextItem>
              <MultilingualTextItem ID="23" CompositionName="Items">
                <AttributeList>
                  <Culture>de-DE</Culture>
                  <Text />
                </AttributeList>
              </MultilingualTextItem>
            </ObjectList>
          </MultilingualText>
          <MultilingualText ID="24" CompositionName="Title">
            <ObjectList>
              <MultilingualTextItem ID="25" CompositionName="Items">
                <AttributeList>
                  <Culture>en-US</Culture>
                  <Text>Call external faults</Text>
                </AttributeList>
              </MultilingualTextItem>
              <MultilingualTextItem ID="26" CompositionName="Items">
                <AttributeList>
                  <Culture>de-DE</Culture>
                  <Text>Aufruf Externe Störungen</Text>
                </AttributeList>
              </MultilingualTextItem>
            </ObjectList>
          </MultilingualText>
        </ObjectList>
      </SW.Blocks.CompileUnit>
      <SW.Blocks.CompileUnit ID="27" CompositionName="CompileUnits">
        <AttributeList>
          <NetworkSource><FlgNet xmlns="http://www.siemens.com/automation/Openness/SW/NetworkSource/FlgNet/v4">
  <Parts>
    <Access Scope="LiteralConstant" UId="21">
      <IntegerAttribute Name="NumBLs" Informative="true">5</IntegerAttribute>
      <Constant>
        <ConstantType>Int</ConstantType>
        <ConstantValue>2</ConstantValue>
        <StringAttribute Name="Format" Informative="true">Dec_signed</StringAttribute>
      </Constant>
    </Access>
    <Access Scope="LiteralConstant" UId="22">
      <IntegerAttribute Name="NumBLs" Informative="true">5</IntegerAttribute>
      <Constant>
        <ConstantType>Bool</ConstantType>
        <ConstantValue>true</ConstantValue>
        <StringAttribute Name="Format" Informative="true">Bool</StringAttribute>
      </Constant>
    </Access>
    <Access Scope="LiteralConstant" UId="23">
      <IntegerAttribute Name="NumBLs" Informative="true">5</IntegerAttribute>
      <Constant>
        <ConstantType>Bool</ConstantType>
        <ConstantValue>false</ConstantValue>
        <StringAttribute Name="Format" Informative="true">Bool</StringAttribute>
      </Constant>
    </Access>
    <Access Scope="GlobalVariable" UId="24">
      <IntegerAttribute Name="NumBLs" Informative="true">5</IntegerAttribute>
      <Symbol>
        <Component Name="FGDB_030SGV001@AddOn" />
        <Component Name="TransExtW" />
        <Component Name="1" />
        <Address Area="DB" Type="Bool" BlockNumber="264" BitOffset="272" Informative="true" />
      </Symbol>
    </Access>
    <Access Scope="GlobalVariable" UId="25">
      <IntegerAttribute Name="NumBLs" Informative="true">5</IntegerAttribute>
      <Symbol>
        <Component Name="FGDB_030SGV001@AddOn" />
        <Component Name="TransExtW" />
        <Component Name="2" />
        <Address Area="DB" Type="Bool" BlockNumber="264" BitOffset="273" Informative="true" />
      </Symbol>
    </Access>
    <Access Scope="GlobalVariable" UId="26">
      <IntegerAttribute Name="NumBLs" Informative="true">5</IntegerAttribute>
      <Symbol>
        <Component Name="FGDB_030SGV001@AddOn" />
        <Component Name="TransExtW" />
        <Component Name="3" />
        <Address Area="DB" Type="Bool" BlockNumber="264" BitOffset="274" Informative="true" />
      </Symbol>
    </Access>
    <Access Scope="GlobalVariable" UId="27">
      <IntegerAttribute Name="NumBLs" Informative="true">5</IntegerAttribute>
      <Symbol>
        <Component Name="FGDB_030SGV001@AddOn" />
        <Component Name="TransExtW" />
        <Component Name="4" />
        <Address Area="DB" Type="Bool" BlockNumber="264" BitOffset="275" Informative="true" />
      </Symbol>
    </Access>
    <Access Scope="GlobalVariable" UId="28">
      <IntegerAttribute Name="NumBLs" Informative="true">5</IntegerAttribute>
      <Symbol>
        <Component Name="FGDB_030SGV001@AddOn" />
        <Component Name="TransExtW" />
        <Component Name="5" />
        <Address Area="DB" Type="Bool" BlockNumber="264" BitOffset="276" Informative="true" />
      </Symbol>
    </Access>
    <Access Scope="GlobalVariable" UId="29">
      <IntegerAttribute Name="NumBLs" Informative="true">5</IntegerAttribute>
      <Symbol>
        <Component Name="FGDB_030SGV001@AddOn" />
        <Component Name="TransExtW" />
        <Component Name="6" />
        <Address Area="DB" Type="Bool" BlockNumber="264" BitOffset="277" Informative="true" />
      </Symbol>
    </Access>
    <Access Scope="GlobalVariable" UId="30">
      <IntegerAttribute Name="NumBLs" Informative="true">5</IntegerAttribute>
      <Symbol>
        <Component Name="FGDB_030SGV001@AddOn" />
        <Component Name="TransExtW" />
        <Component Name="7" />
        <Address Area="DB" Type="Bool" BlockNumber="264" BitOffset="278" Informative="true" />
      </Symbol>
    </Access>
    <Access Scope="GlobalVariable" UId="31">
      <IntegerAttribute Name="NumBLs" Informative="true">5</IntegerAttribute>
      <Symbol>
        <Component Name="FGDB_030SGV001@AddOn" />
        <Component Name="TransExtW" />
        <Component Name="8" />
        <Address Area="DB" Type="Bool" BlockNumber="264" BitOffset="279" Informative="true" />
      </Symbol>
    </Access>
    <Access Scope="GlobalVariable" UId="32">
      <IntegerAttribute Name="NumBLs" Informative="true">5</IntegerAttribute>
      <Symbol>
        <Component Name="FGDB_030SGV001@AddOn" />
        <Component Name="Masks" />
        <Component Name="prodRelevantWarning1_8" />
        <Address Area="DB" Type="Byte" BlockNumber="264" BitOffset="368" Informative="true" />
      </Symbol>
    </Access>
    <Access Scope="GlobalVariable" UId="33">
      <IntegerAttribute Name="NumBLs" Informative="true">5</IntegerAttribute>
      <Symbol>
        <Component Name="FGDB_030SGV001@AddOn" />
        <Component Name="AddInfo" />
        <Component Name="1" />
        <Address Area="DB" Type="DWord" BlockNumber="264" BitOffset="0" Informative="true" />
      </Symbol>
    </Access>
    <Access Scope="GlobalVariable" UId="34">
      <IntegerAttribute Name="NumBLs" Informative="true">5</IntegerAttribute>
      <Symbol>
        <Component Name="FGDB_030SGV001@AddOn" />
        <Component Name="AddInfo" />
        <Component Name="2" />
        <Address Area="DB" Type="DWord" BlockNumber="264" BitOffset="32" Informative="true" />
      </Symbol>
    </Access>
    <Access Scope="GlobalVariable" UId="35">
      <IntegerAttribute Name="NumBLs" Informative="true">5</IntegerAttribute>
      <Symbol>
        <Component Name="FGDB_030SGV001@AddOn" />
        <Component Name="AddInfo" />
        <Component Name="3" />
        <Address Area="DB" Type="DWord" BlockNumber="264" BitOffset="64" Informative="true" />
      </Symbol>
    </Access>
    <Access Scope="GlobalVariable" UId="36">
      <IntegerAttribute Name="NumBLs" Informative="true">5</IntegerAttribute>
      <Symbol>
        <Component Name="FGDB_030SGV001@AddOn" />
        <Component Name="AddInfo" />
        <Component Name="4" />
        <Address Area="DB" Type="DWord" BlockNumber="264" BitOffset="96" Informative="true" />
      </Symbol>
    </Access>
    <Access Scope="GlobalVariable" UId="37">
      <IntegerAttribute Name="NumBLs" Informative="true">5</IntegerAttribute>
      <Symbol>
        <Component Name="FGDB_030SGV001@AddOn" />
        <Component Name="AddInfo" />
        <Component Name="5" />
        <Address Area="DB" Type="DWord" BlockNumber="264" BitOffset="128" Informative="true" />
      </Symbol>
    </Access>
    <Access Scope="GlobalVariable" UId="38">
      <IntegerAttribute Name="NumBLs" Informative="true">5</IntegerAttribute>
      <Symbol>
        <Component Name="FGDB_030SGV001@AddOn" />
        <Component Name="AddInfo" />
        <Component Name="6" />
        <Address Area="DB" Type="DWord" BlockNumber="264" BitOffset="160" Informative="true" />
      </Symbol>
    </Access>
    <Access Scope="GlobalVariable" UId="39">
      <IntegerAttribute Name="NumBLs" Informative="true">5</IntegerAttribute>
      <Symbol>
        <Component Name="FGDB_030SGV001@AddOn" />
        <Component Name="ExtW" />
        <Component Name="1" />
        <Address Area="DB" Type="Bool" BlockNumber="264" BitOffset="256" Informative="true" />
      </Symbol>
    </Access>
    <Access Scope="GlobalVariable" UId="40">
      <IntegerAttribute Name="NumBLs" Informative="true">5</IntegerAttribute>
      <Symbol>
        <Component Name="FGDB_030SGV001@AddOn" />
        <Component Name="ExtW" />
        <Component Name="2" />
        <Address Area="DB" Type="Bool" BlockNumber="264" BitOffset="257" Informative="true" />
      </Symbol>
    </Access>
    <Access Scope="GlobalVariable" UId="41">
      <IntegerAttribute Name="NumBLs" Informative="true">5</IntegerAttribute>
      <Symbol>
        <Component Name="FGDB_030SGV001@AddOn" />
        <Component Name="ExtW" />
        <Component Name="3" />
        <Address Area="DB" Type="Bool" BlockNumber="264" BitOffset="258" Informative="true" />
      </Symbol>
    </Access>
    <Access Scope="GlobalVariable" UId="42">
      <IntegerAttribute Name="NumBLs" Informative="true">5</IntegerAttribute>
      <Symbol>
        <Component Name="FGDB_030SGV001@AddOn" />
        <Component Name="ExtW" />
        <Component Name="4" />
        <Address Area="DB" Type="Bool" BlockNumber="264" BitOffset="259" Informative="true" />
      </Symbol>
    </Access>
    <Access Scope="GlobalVariable" UId="43">
      <IntegerAttribute Name="NumBLs" Informative="true">5</IntegerAttribute>
      <Symbol>
        <Component Name="FGDB_030SGV001@AddOn" />
        <Component Name="ExtW" />
        <Component Name="5" />
        <Address Area="DB" Type="Bool" BlockNumber="264" BitOffset="260" Informative="true" />
      </Symbol>
    </Access>
    <Access Scope="GlobalVariable" UId="44">
      <IntegerAttribute Name="NumBLs" Informative="true">5</IntegerAttribute>
      <Symbol>
        <Component Name="FGDB_030SGV001@AddOn" />
        <Component Name="ExtW" />
        <Component Name="6" />
        <Address Area="DB" Type="Bool" BlockNumber="264" BitOffset="261" Informative="true" />
      </Symbol>
    </Access>
    <Access Scope="GlobalVariable" UId="45">
      <IntegerAttribute Name="NumBLs" Informative="true">5</IntegerAttribute>
      <Symbol>
        <Component Name="FGDB_030SGV001@AddOn" />
        <Component Name="ExtW" />
        <Component Name="7" />
        <Address Area="DB" Type="Bool" BlockNumber="264" BitOffset="262" Informative="true" />
      </Symbol>
    </Access>
    <Access Scope="GlobalVariable" UId="46">
      <IntegerAttribute Name="NumBLs" Informative="true">5</IntegerAttribute>
      <Symbol>
        <Component Name="FGDB_030SGV001@AddOn" />
        <Component Name="ExtW" />
        <Component Name="8" />
        <Address Area="DB" Type="Bool" BlockNumber="264" BitOffset="263" Informative="true" />
      </Symbol>
    </Access>
    <Access Scope="GlobalVariable" UId="47">
      <IntegerAttribute Name="NumBLs" Informative="true">5</IntegerAttribute>
      <Symbol>
        <Component Name="FGDB_030SGV001" />
        <Component Name="IfcFGExternal" />
        <Address Area="DB" Type="iUDT_IFC_SYS_EXTERNAL_ALARM" BlockNumber="123" BitOffset="208" Informative="true" />
      </Symbol>
    </Access>
    <Access Scope="GlobalVariable" UId="48">
      <IntegerAttribute Name="NumBLs" Informative="true">5</IntegerAttribute>
      <Symbol>
        <Component Name="FGDB_030SGV001@AddOn" />
        <Component Name="GroupMessages" />
        <Component Name="groupMessageWarning1_8" />
        <Address Area="DB" Type="Bool" BlockNumber="264" BitOffset="386" Informative="true" />
      </Symbol>
    </Access>
    <Call UId="49">
      <CallInfo Name="iFC_SYS_EXTERNAL_ALARM" BlockType="FC">
        <IntegerAttribute Name="BlockNumber" Informative="true">17</IntegerAttribute>
        <DateAttribute Name="ParameterModifiedTS" Informative="true">2016-12-22T18:43:45</DateAttribute>
        <Parameter Name="fct" Section="Input" Type="Int">
          <StringAttribute Name="InterfaceFlags" Informative="true">S7_Visible</StringAttribute>
        </Parameter>
        <Parameter Name="enableIn" Section="Input" Type="Bool">
          <StringAttribute Name="InterfaceFlags" Informative="true">S7_Visible</StringAttribute>
        </Parameter>
        <Parameter Name="ack" Section="Input" Type="Bool">
          <StringAttribute Name="InterfaceFlags" Informative="true">S7_Visible</StringAttribute>
        </Parameter>
        <Parameter Name="triggerMessage_1" Section="Input" Type="Bool">
          <StringAttribute Name="InterfaceFlags" Informative="true">S7_Visible</StringAttribute>
        </Parameter>
        <Parameter Name="triggerMessage_2" Section="Input" Type="Bool">
          <StringAttribute Name="InterfaceFlags" Informative="true">S7_Visible</StringAttribute>
        </Parameter>
        <Parameter Name="triggerMessage_3" Section="Input" Type="Bool">
          <StringAttribute Name="InterfaceFlags" Informative="true">S7_Visible</StringAttribute>
        </Parameter>
        <Parameter Name="triggerMessage_4" Section="Input" Type="Bool">
          <StringAttribute Name="InterfaceFlags" Informative="true">S7_Visible</StringAttribute>
        </Parameter>
        <Parameter Name="triggerMessage_5" Section="Input" Type="Bool">
          <StringAttribute Name="InterfaceFlags" Informative="true">S7_Visible</StringAttribute>
        </Parameter>
        <Parameter Name="triggerMessage_6" Section="Input" Type="Bool">
          <StringAttribute Name="InterfaceFlags" Informative="true">S7_Visible</StringAttribute>
        </Parameter>
        <Parameter Name="triggerMessage_7" Section="Input" Type="Bool">
          <StringAttribute Name="InterfaceFlags" Informative="true">S7_Visible</StringAttribute>
        </Parameter>
        <Parameter Name="triggerMessage_8" Section="Input" Type="Bool">
          <StringAttribute Name="InterfaceFlags" Informative="true">S7_Visible</StringAttribute>
        </Parameter>
        <Parameter Name="maskPr" Section="Input" Type="Byte">
          <StringAttribute Name="InterfaceFlags" Informative="true">S7_Visible</StringAttribute>
        </Parameter>
        <Parameter Name="addInfo_1" Section="Input" Type="DWord">
          <StringAttribute Name="InterfaceFlags" Informative="true">S7_Visible</StringAttribute>
        </Parameter>
        <Parameter Name="addInfo_2" Section="Input" Type="DWord">
          <StringAttribute Name="InterfaceFlags" Informative="true">S7_Visible</StringAttribute>
        </Parameter>
        <Parameter Name="addInfo_3" Section="Input" Type="DWord">
          <StringAttribute Name="InterfaceFlags" Informative="true">S7_Visible</StringAttribute>
        </Parameter>
        <Parameter Name="addInfo_4" Section="Input" Type="DWord">
          <StringAttribute Name="InterfaceFlags" Informative="true">S7_Visible</StringAttribute>
        </Parameter>
        <Parameter Name="addInfo_5" Section="Input" Type="DWord">
          <StringAttribute Name="InterfaceFlags" Informative="true">S7_Visible</StringAttribute>
        </Parameter>
        <Parameter Name="addInfo_6" Section="Input" Type="DWord">
          <StringAttribute Name="InterfaceFlags" Informative="true">S7_Visible</StringAttribute>
        </Parameter>
        <Parameter Name="groupMessage" Section="Output" Type="Bool">
          <StringAttribute Name="InterfaceFlags" Informative="true">S7_Visible</StringAttribute>
        </Parameter>
        <Parameter Name="message_1" Section="InOut" Type="Bool">
          <StringAttribute Name="InterfaceFlags" Informative="true">S7_Visible</StringAttribute>
        </Parameter>
        <Parameter Name="message_2" Section="InOut" Type="Bool">
          <StringAttribute Name="InterfaceFlags" Informative="true">S7_Visible</StringAttribute>
        </Parameter>
        <Parameter Name="message_3" Section="InOut" Type="Bool">
          <StringAttribute Name="InterfaceFlags" Informative="true">S7_Visible</StringAttribute>
        </Parameter>
        <Parameter Name="message_4" Section="InOut" Type="Bool">
          <StringAttribute Name="InterfaceFlags" Informative="true">S7_Visible</StringAttribute>
        </Parameter>
        <Parameter Name="message_5" Section="InOut" Type="Bool">
          <StringAttribute Name="InterfaceFlags" Informative="true">S7_Visible</StringAttribute>
        </Parameter>
        <Parameter Name="message_6" Section="InOut" Type="Bool">
          <StringAttribute Name="InterfaceFlags" Informative="true">S7_Visible</StringAttribute>
        </Parameter>
        <Parameter Name="message_7" Section="InOut" Type="Bool">
          <StringAttribute Name="InterfaceFlags" Informative="true">S7_Visible</StringAttribute>
        </Parameter>
        <Parameter Name="message_8" Section="InOut" Type="Bool">
          <StringAttribute Name="InterfaceFlags" Informative="true">S7_Visible</StringAttribute>
        </Parameter>
        <Parameter Name="IfcFGExternal" Section="InOut" Type="&quot;iUDT_IFC_SYS_EXTERNAL_ALARM&quot;">
          <StringAttribute Name="InterfaceFlags" Informative="true">S7_Visible</StringAttribute>
        </Parameter>
      </CallInfo>
    </Call>
  </Parts>
  <Wires>
    <Wire UId="51">
      <OpenCon UId="50" />
      <NameCon UId="49" Name="en" />
    </Wire>
    <Wire UId="52">
      <IdentCon UId="21" />
      <NameCon UId="49" Name="fct" />
    </Wire>
    <Wire UId="53">
      <IdentCon UId="22" />
      <NameCon UId="49" Name="enableIn" />
    </Wire>
    <Wire UId="54">
      <IdentCon UId="23" />
      <NameCon UId="49" Name="ack" />
    </Wire>
    <Wire UId="55">
      <IdentCon UId="24" />
      <NameCon UId="49" Name="triggerMessage_1" />
    </Wire>
    <Wire UId="56">
      <IdentCon UId="25" />
      <NameCon UId="49" Name="triggerMessage_2" />
    </Wire>
    <Wire UId="57">
      <IdentCon UId="26" />
      <NameCon UId="49" Name="triggerMessage_3" />
    </Wire>
    <Wire UId="58">
      <IdentCon UId="27" />
      <NameCon UId="49" Name="triggerMessage_4" />
    </Wire>
    <Wire UId="59">
      <IdentCon UId="28" />
      <NameCon UId="49" Name="triggerMessage_5" />
    </Wire>
    <Wire UId="60">
      <IdentCon UId="29" />
      <NameCon UId="49" Name="triggerMessage_6" />
    </Wire>
    <Wire UId="61">
      <IdentCon UId="30" />
      <NameCon UId="49" Name="triggerMessage_7" />
    </Wire>
    <Wire UId="62">
      <IdentCon UId="31" />
      <NameCon UId="49" Name="triggerMessage_8" />
    </Wire>
    <Wire UId="63">
      <IdentCon UId="32" />
      <NameCon UId="49" Name="maskPr" />
    </Wire>
    <Wire UId="64">
      <IdentCon UId="33" />
      <NameCon UId="49" Name="addInfo_1" />
    </Wire>
    <Wire UId="65">
      <IdentCon UId="34" />
      <NameCon UId="49" Name="addInfo_2" />
    </Wire>
    <Wire UId="66">
      <IdentCon UId="35" />
      <NameCon UId="49" Name="addInfo_3" />
    </Wire>
    <Wire UId="67">
      <IdentCon UId="36" />
      <NameCon UId="49" Name="addInfo_4" />
    </Wire>
    <Wire UId="68">
      <IdentCon UId="37" />
      <NameCon UId="49" Name="addInfo_5" />
    </Wire>
    <Wire UId="69">
      <IdentCon UId="38" />
      <NameCon UId="49" Name="addInfo_6" />
    </Wire>
    <Wire UId="70">
      <IdentCon UId="39" />
      <NameCon UId="49" Name="message_1" />
    </Wire>
    <Wire UId="71">
      <IdentCon UId="40" />
      <NameCon UId="49" Name="message_2" />
    </Wire>
    <Wire UId="72">
      <IdentCon UId="41" />
      <NameCon UId="49" Name="message_3" />
    </Wire>
    <Wire UId="73">
      <IdentCon UId="42" />
      <NameCon UId="49" Name="message_4" />
    </Wire>
    <Wire UId="74">
      <IdentCon UId="43" />
      <NameCon UId="49" Name="message_5" />
    </Wire>
    <Wire UId="75">
      <IdentCon UId="44" />
      <NameCon UId="49" Name="message_6" />
    </Wire>
    <Wire UId="76">
      <IdentCon UId="45" />
      <NameCon UId="49" Name="message_7" />
    </Wire>
    <Wire UId="77">
      <IdentCon UId="46" />
      <NameCon UId="49" Name="message_8" />
    </Wire>
    <Wire UId="78">
      <IdentCon UId="47" />
      <NameCon UId="49" Name="IfcFGExternal" />
    </Wire>
    <Wire UId="79">
      <NameCon UId="49" Name="groupMessage" />
      <IdentCon UId="48" />
    </Wire>
  </Wires>
</FlgNet></NetworkSource>
          <ProgrammingLanguage>FBD</ProgrammingLanguage>
        </AttributeList>
        <ObjectList>
          <MultilingualText ID="28" CompositionName="Comment">
            <ObjectList>
              <MultilingualTextItem ID="29" CompositionName="Items">
                <AttributeList>
                  <Culture>en-US</Culture>
                  <Text />
                </AttributeList>
              </MultilingualTextItem>
              <MultilingualTextItem ID="2A" CompositionName="Items">
                <AttributeList>
                  <Culture>de-DE</Culture>
                  <Text />
                </AttributeList>
              </MultilingualTextItem>
            </ObjectList>
          </MultilingualText>
          <MultilingualText ID="2B" CompositionName="Title">
            <ObjectList>
              <MultilingualTextItem ID="2C" CompositionName="Items">
                <AttributeList>
                  <Culture>en-US</Culture>
                  <Text>Call external warnings</Text>
                </AttributeList>
              </MultilingualTextItem>
              <MultilingualTextItem ID="2D" CompositionName="Items">
                <AttributeList>
                  <Culture>de-DE</Culture>
                  <Text>Aufruf Externe Warnungen</Text>
                </AttributeList>
              </MultilingualTextItem>
            </ObjectList>
          </MultilingualText>
        </ObjectList>
      </SW.Blocks.CompileUnit>
      <SW.Blocks.CompileUnit ID="2E" CompositionName="CompileUnits">
        <AttributeList>
          <NetworkSource><FlgNet xmlns="http://www.siemens.com/automation/Openness/SW/NetworkSource/FlgNet/v4">
  <Parts>
    <Access Scope="LiteralConstant" UId="21">
      <IntegerAttribute Name="NumBLs" Informative="true">5</IntegerAttribute>
      <Constant>
        <ConstantType>Int</ConstantType>
        <ConstantValue>3</ConstantValue>
        <StringAttribute Name="Format" Informative="true">Dec_signed</StringAttribute>
      </Constant>
    </Access>
    <Access Scope="LiteralConstant" UId="22">
      <IntegerAttribute Name="NumBLs" Informative="true">5</IntegerAttribute>
      <Constant>
        <ConstantType>Bool</ConstantType>
        <ConstantValue>true</ConstantValue>
        <StringAttribute Name="Format" Informative="true">Bool</StringAttribute>
      </Constant>
    </Access>
    <Access Scope="LiteralConstant" UId="23">
      <IntegerAttribute Name="NumBLs" Informative="true">5</IntegerAttribute>
      <Constant>
        <ConstantType>Bool</ConstantType>
        <ConstantValue>false</ConstantValue>
        <StringAttribute Name="Format" Informative="true">Bool</StringAttribute>
      </Constant>
    </Access>
    <Access Scope="GlobalVariable" UId="24">
      <IntegerAttribute Name="NumBLs" Informative="true">5</IntegerAttribute>
      <Symbol>
        <Component Name="FGDB_030SGV001@AddOn" />
        <Component Name="TransExtM" />
        <Component Name="1" />
        <Address Area="DB" Type="Bool" BlockNumber="264" BitOffset="304" Informative="true" />
      </Symbol>
    </Access>
    <Access Scope="GlobalVariable" UId="25">
      <IntegerAttribute Name="NumBLs" Informative="true">5</IntegerAttribute>
      <Symbol>
        <Component Name="FGDB_030SGV001@AddOn" />
        <Component Name="TransExtM" />
        <Component Name="2" />
        <Address Area="DB" Type="Bool" BlockNumber="264" BitOffset="305" Informative="true" />
      </Symbol>
    </Access>
    <Access Scope="GlobalVariable" UId="26">
      <IntegerAttribute Name="NumBLs" Informative="true">5</IntegerAttribute>
      <Symbol>
        <Component Name="FGDB_030SGV001@AddOn" />
        <Component Name="TransExtM" />
        <Component Name="3" />
        <Address Area="DB" Type="Bool" BlockNumber="264" BitOffset="306" Informative="true" />
      </Symbol>
    </Access>
    <Access Scope="GlobalVariable" UId="27">
      <IntegerAttribute Name="NumBLs" Informative="true">5</IntegerAttribute>
      <Symbol>
        <Component Name="FGDB_030SGV001@AddOn" />
        <Component Name="TransExtM" />
        <Component Name="4" />
        <Address Area="DB" Type="Bool" BlockNumber="264" BitOffset="307" Informative="true" />
      </Symbol>
    </Access>
    <Access Scope="GlobalVariable" UId="28">
      <IntegerAttribute Name="NumBLs" Informative="true">5</IntegerAttribute>
      <Symbol>
        <Component Name="FGDB_030SGV001@AddOn" />
        <Component Name="TransExtM" />
        <Component Name="5" />
        <Address Area="DB" Type="Bool" BlockNumber="264" BitOffset="308" Informative="true" />
      </Symbol>
    </Access>
    <Access Scope="GlobalVariable" UId="29">
      <IntegerAttribute Name="NumBLs" Informative="true">5</IntegerAttribute>
      <Symbol>
        <Component Name="FGDB_030SGV001@AddOn" />
        <Component Name="TransExtM" />
        <Component Name="6" />
        <Address Area="DB" Type="Bool" BlockNumber="264" BitOffset="309" Informative="true" />
      </Symbol>
    </Access>
    <Access Scope="GlobalVariable" UId="30">
      <IntegerAttribute Name="NumBLs" Informative="true">5</IntegerAttribute>
      <Symbol>
        <Component Name="FGDB_030SGV001@AddOn" />
        <Component Name="TransExtM" />
        <Component Name="7" />
        <Address Area="DB" Type="Bool" BlockNumber="264" BitOffset="310" Informative="true" />
      </Symbol>
    </Access>
    <Access Scope="GlobalVariable" UId="31">
      <IntegerAttribute Name="NumBLs" Informative="true">5</IntegerAttribute>
      <Symbol>
        <Component Name="FGDB_030SGV001@AddOn" />
        <Component Name="TransExtM" />
        <Component Name="8" />
        <Address Area="DB" Type="Bool" BlockNumber="264" BitOffset="311" Informative="true" />
      </Symbol>
    </Access>
    <Access Scope="LiteralConstant" UId="32">
      <IntegerAttribute Name="NumBLs" Informative="true">5</IntegerAttribute>
      <Constant>
        <ConstantType>Byte</ConstantType>
        <ConstantValue>0</ConstantValue>
        <StringAttribute Name="Format" Informative="true">Dec_unsigned</StringAttribute>
      </Constant>
    </Access>
    <Access Scope="GlobalVariable" UId="33">
      <IntegerAttribute Name="NumBLs" Informative="true">5</IntegerAttribute>
      <Symbol>
        <Component Name="FGDB_030SGV001@AddOn" />
        <Component Name="AddInfo" />
        <Component Name="1" />
        <Address Area="DB" Type="DWord" BlockNumber="264" BitOffset="0" Informative="true" />
      </Symbol>
    </Access>
    <Access Scope="GlobalVariable" UId="34">
      <IntegerAttribute Name="NumBLs" Informative="true">5</IntegerAttribute>
      <Symbol>
        <Component Name="FGDB_030SGV001@AddOn" />
        <Component Name="AddInfo" />
        <Component Name="2" />
        <Address Area="DB" Type="DWord" BlockNumber="264" BitOffset="32" Informative="true" />
      </Symbol>
    </Access>
    <Access Scope="GlobalVariable" UId="35">
      <IntegerAttribute Name="NumBLs" Informative="true">5</IntegerAttribute>
      <Symbol>
        <Component Name="FGDB_030SGV001@AddOn" />
        <Component Name="AddInfo" />
        <Component Name="3" />
        <Address Area="DB" Type="DWord" BlockNumber="264" BitOffset="64" Informative="true" />
      </Symbol>
    </Access>
    <Access Scope="GlobalVariable" UId="36">
      <IntegerAttribute Name="NumBLs" Informative="true">5</IntegerAttribute>
      <Symbol>
        <Component Name="FGDB_030SGV001@AddOn" />
        <Component Name="AddInfo" />
        <Component Name="4" />
        <Address Area="DB" Type="DWord" BlockNumber="264" BitOffset="96" Informative="true" />
      </Symbol>
    </Access>
    <Access Scope="GlobalVariable" UId="37">
      <IntegerAttribute Name="NumBLs" Informative="true">5</IntegerAttribute>
      <Symbol>
        <Component Name="FGDB_030SGV001@AddOn" />
        <Component Name="AddInfo" />
        <Component Name="5" />
        <Address Area="DB" Type="DWord" BlockNumber="264" BitOffset="128" Informative="true" />
      </Symbol>
    </Access>
    <Access Scope="GlobalVariable" UId="38">
      <IntegerAttribute Name="NumBLs" Informative="true">5</IntegerAttribute>
      <Symbol>
        <Component Name="FGDB_030SGV001@AddOn" />
        <Component Name="AddInfo" />
        <Component Name="6" />
        <Address Area="DB" Type="DWord" BlockNumber="264" BitOffset="160" Informative="true" />
      </Symbol>
    </Access>
    <Access Scope="GlobalVariable" UId="39">
      <IntegerAttribute Name="NumBLs" Informative="true">5</IntegerAttribute>
      <Symbol>
        <Component Name="FGDB_030SGV001@AddOn" />
        <Component Name="ExtM" />
        <Component Name="1" />
        <Address Area="DB" Type="Bool" BlockNumber="264" BitOffset="288" Informative="true" />
      </Symbol>
    </Access>
    <Access Scope="GlobalVariable" UId="40">
      <IntegerAttribute Name="NumBLs" Informative="true">5</IntegerAttribute>
      <Symbol>
        <Component Name="FGDB_030SGV001@AddOn" />
        <Component Name="ExtM" />
        <Component Name="2" />
        <Address Area="DB" Type="Bool" BlockNumber="264" BitOffset="289" Informative="true" />
      </Symbol>
    </Access>
    <Access Scope="GlobalVariable" UId="41">
      <IntegerAttribute Name="NumBLs" Informative="true">5</IntegerAttribute>
      <Symbol>
        <Component Name="FGDB_030SGV001@AddOn" />
        <Component Name="ExtM" />
        <Component Name="3" />
        <Address Area="DB" Type="Bool" BlockNumber="264" BitOffset="290" Informative="true" />
      </Symbol>
    </Access>
    <Access Scope="GlobalVariable" UId="42">
      <IntegerAttribute Name="NumBLs" Informative="true">5</IntegerAttribute>
      <Symbol>
        <Component Name="FGDB_030SGV001@AddOn" />
        <Component Name="ExtM" />
        <Component Name="4" />
        <Address Area="DB" Type="Bool" BlockNumber="264" BitOffset="291" Informative="true" />
      </Symbol>
    </Access>
    <Access Scope="GlobalVariable" UId="43">
      <IntegerAttribute Name="NumBLs" Informative="true">5</IntegerAttribute>
      <Symbol>
        <Component Name="FGDB_030SGV001@AddOn" />
        <Component Name="ExtM" />
        <Component Name="5" />
        <Address Area="DB" Type="Bool" BlockNumber="264" BitOffset="292" Informative="true" />
      </Symbol>
    </Access>
    <Access Scope="GlobalVariable" UId="44">
      <IntegerAttribute Name="NumBLs" Informative="true">5</IntegerAttribute>
      <Symbol>
        <Component Name="FGDB_030SGV001@AddOn" />
        <Component Name="ExtM" />
        <Component Name="6" />
        <Address Area="DB" Type="Bool" BlockNumber="264" BitOffset="293" Informative="true" />
      </Symbol>
    </Access>
    <Access Scope="GlobalVariable" UId="45">
      <IntegerAttribute Name="NumBLs" Informative="true">5</IntegerAttribute>
      <Symbol>
        <Component Name="FGDB_030SGV001@AddOn" />
        <Component Name="ExtM" />
        <Component Name="7" />
        <Address Area="DB" Type="Bool" BlockNumber="264" BitOffset="294" Informative="true" />
      </Symbol>
    </Access>
    <Access Scope="GlobalVariable" UId="46">
      <IntegerAttribute Name="NumBLs" Informative="true">5</IntegerAttribute>
      <Symbol>
        <Component Name="FGDB_030SGV001@AddOn" />
        <Component Name="ExtM" />
        <Component Name="8" />
        <Address Area="DB" Type="Bool" BlockNumber="264" BitOffset="295" Informative="true" />
      </Symbol>
    </Access>
    <Access Scope="GlobalVariable" UId="47">
      <IntegerAttribute Name="NumBLs" Informative="true">5</IntegerAttribute>
      <Symbol>
        <Component Name="FGDB_030SGV001" />
        <Component Name="IfcFGExternal" />
        <Address Area="DB" Type="iUDT_IFC_SYS_EXTERNAL_ALARM" BlockNumber="123" BitOffset="208" Informative="true" />
      </Symbol>
    </Access>
    <Access Scope="GlobalVariable" UId="48">
      <IntegerAttribute Name="NumBLs" Informative="true">5</IntegerAttribute>
      <Symbol>
        <Component Name="FGDB_030SGV001@AddOn" />
        <Component Name="GroupMessages" />
        <Component Name="groupMessageMessage1_8" />
        <Address Area="DB" Type="Bool" BlockNumber="264" BitOffset="387" Informative="true" />
      </Symbol>
    </Access>
    <Call UId="49">
      <CallInfo Name="iFC_SYS_EXTERNAL_ALARM" BlockType="FC">
        <IntegerAttribute Name="BlockNumber" Informative="true">17</IntegerAttribute>
        <DateAttribute Name="ParameterModifiedTS" Informative="true">2016-12-22T18:43:45</DateAttribute>
        <Parameter Name="fct" Section="Input" Type="Int">
          <StringAttribute Name="InterfaceFlags" Informative="true">S7_Visible</StringAttribute>
        </Parameter>
        <Parameter Name="enableIn" Section="Input" Type="Bool">
          <StringAttribute Name="InterfaceFlags" Informative="true">S7_Visible</StringAttribute>
        </Parameter>
        <Parameter Name="ack" Section="Input" Type="Bool">
          <StringAttribute Name="InterfaceFlags" Informative="true">S7_Visible</StringAttribute>
        </Parameter>
        <Parameter Name="triggerMessage_1" Section="Input" Type="Bool">
          <StringAttribute Name="InterfaceFlags" Informative="true">S7_Visible</StringAttribute>
        </Parameter>
        <Parameter Name="triggerMessage_2" Section="Input" Type="Bool">
          <StringAttribute Name="InterfaceFlags" Informative="true">S7_Visible</StringAttribute>
        </Parameter>
        <Parameter Name="triggerMessage_3" Section="Input" Type="Bool">
          <StringAttribute Name="InterfaceFlags" Informative="true">S7_Visible</StringAttribute>
        </Parameter>
        <Parameter Name="triggerMessage_4" Section="Input" Type="Bool">
          <StringAttribute Name="InterfaceFlags" Informative="true">S7_Visible</StringAttribute>
        </Parameter>
        <Parameter Name="triggerMessage_5" Section="Input" Type="Bool">
          <StringAttribute Name="InterfaceFlags" Informative="true">S7_Visible</StringAttribute>
        </Parameter>
        <Parameter Name="triggerMessage_6" Section="Input" Type="Bool">
          <StringAttribute Name="InterfaceFlags" Informative="true">S7_Visible</StringAttribute>
        </Parameter>
        <Parameter Name="triggerMessage_7" Section="Input" Type="Bool">
          <StringAttribute Name="InterfaceFlags" Informative="true">S7_Visible</StringAttribute>
        </Parameter>
        <Parameter Name="triggerMessage_8" Section="Input" Type="Bool">
          <StringAttribute Name="InterfaceFlags" Informative="true">S7_Visible</StringAttribute>
        </Parameter>
        <Parameter Name="maskPr" Section="Input" Type="Byte">
          <StringAttribute Name="InterfaceFlags" Informative="true">S7_Visible</StringAttribute>
        </Parameter>
        <Parameter Name="addInfo_1" Section="Input" Type="DWord">
          <StringAttribute Name="InterfaceFlags" Informative="true">S7_Visible</StringAttribute>
        </Parameter>
        <Parameter Name="addInfo_2" Section="Input" Type="DWord">
          <StringAttribute Name="InterfaceFlags" Informative="true">S7_Visible</StringAttribute>
        </Parameter>
        <Parameter Name="addInfo_3" Section="Input" Type="DWord">
          <StringAttribute Name="InterfaceFlags" Informative="true">S7_Visible</StringAttribute>
        </Parameter>
        <Parameter Name="addInfo_4" Section="Input" Type="DWord">
          <StringAttribute Name="InterfaceFlags" Informative="true">S7_Visible</StringAttribute>
        </Parameter>
        <Parameter Name="addInfo_5" Section="Input" Type="DWord">
          <StringAttribute Name="InterfaceFlags" Informative="true">S7_Visible</StringAttribute>
        </Parameter>
        <Parameter Name="addInfo_6" Section="Input" Type="DWord">
          <StringAttribute Name="InterfaceFlags" Informative="true">S7_Visible</StringAttribute>
        </Parameter>
        <Parameter Name="groupMessage" Section="Output" Type="Bool">
          <StringAttribute Name="InterfaceFlags" Informative="true">S7_Visible</StringAttribute>
        </Parameter>
        <Parameter Name="message_1" Section="InOut" Type="Bool">
          <StringAttribute Name="InterfaceFlags" Informative="true">S7_Visible</StringAttribute>
        </Parameter>
        <Parameter Name="message_2" Section="InOut" Type="Bool">
          <StringAttribute Name="InterfaceFlags" Informative="true">S7_Visible</StringAttribute>
        </Parameter>
        <Parameter Name="message_3" Section="InOut" Type="Bool">
          <StringAttribute Name="InterfaceFlags" Informative="true">S7_Visible</StringAttribute>
        </Parameter>
        <Parameter Name="message_4" Section="InOut" Type="Bool">
          <StringAttribute Name="InterfaceFlags" Informative="true">S7_Visible</StringAttribute>
        </Parameter>
        <Parameter Name="message_5" Section="InOut" Type="Bool">
          <StringAttribute Name="InterfaceFlags" Informative="true">S7_Visible</StringAttribute>
        </Parameter>
        <Parameter Name="message_6" Section="InOut" Type="Bool">
          <StringAttribute Name="InterfaceFlags" Informative="true">S7_Visible</StringAttribute>
        </Parameter>
        <Parameter Name="message_7" Section="InOut" Type="Bool">
          <StringAttribute Name="InterfaceFlags" Informative="true">S7_Visible</StringAttribute>
        </Parameter>
        <Parameter Name="message_8" Section="InOut" Type="Bool">
          <StringAttribute Name="InterfaceFlags" Informative="true">S7_Visible</StringAttribute>
        </Parameter>
        <Parameter Name="IfcFGExternal" Section="InOut" Type="&quot;iUDT_IFC_SYS_EXTERNAL_ALARM&quot;">
          <StringAttribute Name="InterfaceFlags" Informative="true">S7_Visible</StringAttribute>
        </Parameter>
      </CallInfo>
    </Call>
  </Parts>
  <Wires>
    <Wire UId="51">
      <OpenCon UId="50" />
      <NameCon UId="49" Name="en" />
    </Wire>
    <Wire UId="52">
      <IdentCon UId="21" />
      <NameCon UId="49" Name="fct" />
    </Wire>
    <Wire UId="53">
      <IdentCon UId="22" />
      <NameCon UId="49" Name="enableIn" />
    </Wire>
    <Wire UId="54">
      <IdentCon UId="23" />
      <NameCon UId="49" Name="ack" />
    </Wire>
    <Wire UId="55">
      <IdentCon UId="24" />
      <NameCon UId="49" Name="triggerMessage_1" />
    </Wire>
    <Wire UId="56">
      <IdentCon UId="25" />
      <NameCon UId="49" Name="triggerMessage_2" />
    </Wire>
    <Wire UId="57">
      <IdentCon UId="26" />
      <NameCon UId="49" Name="triggerMessage_3" />
    </Wire>
    <Wire UId="58">
      <IdentCon UId="27" />
      <NameCon UId="49" Name="triggerMessage_4" />
    </Wire>
    <Wire UId="59">
      <IdentCon UId="28" />
      <NameCon UId="49" Name="triggerMessage_5" />
    </Wire>
    <Wire UId="60">
      <IdentCon UId="29" />
      <NameCon UId="49" Name="triggerMessage_6" />
    </Wire>
    <Wire UId="61">
      <IdentCon UId="30" />
      <NameCon UId="49" Name="triggerMessage_7" />
    </Wire>
    <Wire UId="62">
      <IdentCon UId="31" />
      <NameCon UId="49" Name="triggerMessage_8" />
    </Wire>
    <Wire UId="63">
      <IdentCon UId="32" />
      <NameCon UId="49" Name="maskPr" />
    </Wire>
    <Wire UId="64">
      <IdentCon UId="33" />
      <NameCon UId="49" Name="addInfo_1" />
    </Wire>
    <Wire UId="65">
      <IdentCon UId="34" />
      <NameCon UId="49" Name="addInfo_2" />
    </Wire>
    <Wire UId="66">
      <IdentCon UId="35" />
      <NameCon UId="49" Name="addInfo_3" />
    </Wire>
    <Wire UId="67">
      <IdentCon UId="36" />
      <NameCon UId="49" Name="addInfo_4" />
    </Wire>
    <Wire UId="68">
      <IdentCon UId="37" />
      <NameCon UId="49" Name="addInfo_5" />
    </Wire>
    <Wire UId="69">
      <IdentCon UId="38" />
      <NameCon UId="49" Name="addInfo_6" />
    </Wire>
    <Wire UId="70">
      <IdentCon UId="39" />
      <NameCon UId="49" Name="message_1" />
    </Wire>
    <Wire UId="71">
      <IdentCon UId="40" />
      <NameCon UId="49" Name="message_2" />
    </Wire>
    <Wire UId="72">
      <IdentCon UId="41" />
      <NameCon UId="49" Name="message_3" />
    </Wire>
    <Wire UId="73">
      <IdentCon UId="42" />
      <NameCon UId="49" Name="message_4" />
    </Wire>
    <Wire UId="74">
      <IdentCon UId="43" />
      <NameCon UId="49" Name="message_5" />
    </Wire>
    <Wire UId="75">
      <IdentCon UId="44" />
      <NameCon UId="49" Name="message_6" />
    </Wire>
    <Wire UId="76">
      <IdentCon UId="45" />
      <NameCon UId="49" Name="message_7" />
    </Wire>
    <Wire UId="77">
      <IdentCon UId="46" />
      <NameCon UId="49" Name="message_8" />
    </Wire>
    <Wire UId="78">
      <IdentCon UId="47" />
      <NameCon UId="49" Name="IfcFGExternal" />
    </Wire>
    <Wire UId="79">
      <NameCon UId="49" Name="groupMessage" />
      <IdentCon UId="48" />
    </Wire>
  </Wires>
</FlgNet></NetworkSource>
          <ProgrammingLanguage>FBD</ProgrammingLanguage>
        </AttributeList>
        <ObjectList>
          <MultilingualText ID="2F" CompositionName="Comment">
            <ObjectList>
              <MultilingualTextItem ID="30" CompositionName="Items">
                <AttributeList>
                  <Culture>en-US</Culture>
                  <Text />
                </AttributeList>
              </MultilingualTextItem>
              <MultilingualTextItem ID="31" CompositionName="Items">
                <AttributeList>
                  <Culture>de-DE</Culture>
                  <Text />
                </AttributeList>
              </MultilingualTextItem>
            </ObjectList>
          </MultilingualText>
          <MultilingualText ID="32" CompositionName="Title">
            <ObjectList>
              <MultilingualTextItem ID="33" CompositionName="Items">
                <AttributeList>
                  <Culture>en-US</Culture>
                  <Text>Call external messages</Text>
                </AttributeList>
              </MultilingualTextItem>
              <MultilingualTextItem ID="34" CompositionName="Items">
                <AttributeList>
                  <Culture>de-DE</Culture>
                  <Text>Aufruf Externe Meldungen</Text>
                </AttributeList>
              </MultilingualTextItem>
            </ObjectList>
          </MultilingualText>
        </ObjectList>
      </SW.Blocks.CompileUnit>
      <SW.Blocks.CompileUnit ID="35" CompositionName="CompileUnits">
        <AttributeList>
          <NetworkSource><FlgNet xmlns="http://www.siemens.com/automation/Openness/SW/NetworkSource/FlgNet/v4">
  <Parts>
    <Access Scope="LiteralConstant" UId="21">
      <IntegerAttribute Name="NumBLs" Informative="true">5</IntegerAttribute>
      <Constant>
        <ConstantType>Int</ConstantType>
        <ConstantValue>1</ConstantValue>
        <StringAttribute Name="Format" Informative="true">Dec_signed</StringAttribute>
      </Constant>
    </Access>
    <Access Scope="GlobalVariable" UId="22">
      <IntegerAttribute Name="NumBLs" Informative="true">5</IntegerAttribute>
      <Symbol>
        <Component Name="FGDB_030SGV001" />
        <Component Name="fault" />
        <Address Area="DB" Type="Bool" BlockNumber="123" BitOffset="16" Informative="true" />
      </Symbol>
    </Access>
    <Access Scope="GlobalVariable" UId="23">
      <IntegerAttribute Name="NumBLs" Informative="true">5</IntegerAttribute>
      <Symbol>
        <Component Name="FGDB_030SGV001" />
        <Component Name="faultExt" />
        <Address Area="DB" Type="Bool" BlockNumber="123" BitOffset="17" Informative="true" />
      </Symbol>
    </Access>
    <Call UId="24">
      <CallInfo Name="iFG_DUMMY" BlockType="FB">
        <IntegerAttribute Name="BlockNumber" Informative="true">1016</IntegerAttribute>
        <DateAttribute Name="ParameterModifiedTS" Informative="true">2015-10-05T15:08:43</DateAttribute>
        <Instance Scope="GlobalVariable" UId="25">
          <Component Name="FGDB_030SGV001" />
          <Address Area="DB" Type="iFG_DUMMY" BlockNumber="123" BitOffset="0" Informative="true" />
        </Instance>
        <Parameter Name="fct" Section="Input" Type="Int">
          <StringAttribute Name="InterfaceFlags" Informative="true">S7_Visible</StringAttribute>
        </Parameter>
        <Parameter Name="fault" Section="Output" Type="Bool">
          <StringAttribute Name="InterfaceFlags" Informative="true">S7_Visible</StringAttribute>
        </Parameter>
        <Parameter Name="faultExt" Section="Output" Type="Bool">
          <StringAttribute Name="InterfaceFlags" Informative="true">S7_Visible</StringAttribute>
        </Parameter>
      </CallInfo>
    </Call>
  </Parts>
  <Wires>
    <Wire UId="27">
      <OpenCon UId="26" />
      <NameCon UId="24" Name="en" />
    </Wire>
    <Wire UId="28">
      <IdentCon UId="21" />
      <NameCon UId="24" Name="fct" />
    </Wire>
    <Wire UId="29">
      <NameCon UId="24" Name="fault" />
      <IdentCon UId="22" />
    </Wire>
    <Wire UId="30">
      <NameCon UId="24" Name="faultExt" />
      <IdentCon UId="23" />
    </Wire>
  </Wires>
</FlgNet></NetworkSource>
          <ProgrammingLanguage>FBD</ProgrammingLanguage>
        </AttributeList>
        <ObjectList>
          <MultilingualText ID="36" CompositionName="Comment">
            <ObjectList>
              <MultilingualTextItem ID="37" CompositionName="Items">
                <AttributeList>
                  <Culture>en-US</Culture>
                  <Text />
                </AttributeList>
              </MultilingualTextItem>
              <MultilingualTextItem ID="38" CompositionName="Items">
                <AttributeList>
                  <Culture>de-DE</Culture>
                  <Text />
                </AttributeList>
              </MultilingualTextItem>
            </ObjectList>
          </MultilingualText>
          <MultilingualText ID="39" CompositionName="Title">
            <ObjectList>
              <MultilingualTextItem ID="3A" CompositionName="Items">
                <AttributeList>
                  <Culture>en-US</Culture>
                  <Text>Call dummy</Text>
                </AttributeList>
              </MultilingualTextItem>
              <MultilingualTextItem ID="3B" CompositionName="Items">
                <AttributeList>
                  <Culture>de-DE</Culture>
                  <Text>Aufruf iFG_DUMMY für 030SGV001</Text>
                </AttributeList>
              </MultilingualTextItem>
            </ObjectList>
          </MultilingualText>
        </ObjectList>
      </SW.Blocks.CompileUnit>
      <SW.Blocks.CompileUnit ID="3C" CompositionName="CompileUnits">
        <AttributeList>
          <NetworkSource><FlgNet xmlns="http://www.siemens.com/automation/Openness/SW/NetworkSource/FlgNet/v4">
  <Parts>
    <Call UId="21">
      <CallInfo Name="030SGV001-QM1_Call" BlockType="FC">
        <IntegerAttribute Name="BlockNumber" Informative="true">77</IntegerAttribute>
        <DateAttribute Name="ParameterModifiedTS" Informative="true">2023-06-23T13:43:31</DateAttribute>
      </CallInfo>
    </Call>
  </Parts>
  <Wires>
    <Wire UId="23">
      <OpenCon UId="22" />
      <NameCon UId="21" Name="en" />
    </Wire>
  </Wires>
</FlgNet></NetworkSource>
          <ProgrammingLanguage>FBD</ProgrammingLanguage>
        </AttributeList>
        <ObjectList>
          <MultilingualText ID="3D" CompositionName="Comment">
            <ObjectList>
              <MultilingualTextItem ID="3E" CompositionName="Items">
                <AttributeList>
                  <Culture>en-US</Culture>
                  <Text />
                </AttributeList>
              </MultilingualTextItem>
              <MultilingualTextItem ID="3F" CompositionName="Items">
                <AttributeList>
                  <Culture>de-DE</Culture>
                  <Text />
                </AttributeList>
              </MultilingualTextItem>
            </ObjectList>
          </MultilingualText>
          <MultilingualText ID="40" CompositionName="Title">
            <ObjectList>
              <MultilingualTextItem ID="41" CompositionName="Items">
                <AttributeList>
                  <Culture>en-US</Culture>
                  <Text />
                </AttributeList>
              </MultilingualTextItem>
              <MultilingualTextItem ID="42" CompositionName="Items">
                <AttributeList>
                  <Culture>de-DE</Culture>
                  <Text>Aufruf 030SGV001-QM1</Text>
                </AttributeList>
              </MultilingualTextItem>
            </ObjectList>
          </MultilingualText>
        </ObjectList>
      </SW.Blocks.CompileUnit>
      <MultilingualText ID="43" CompositionName="Title">
        <ObjectList>
          <MultilingualTextItem ID="44" CompositionName="Items">
            <AttributeList>
              <Culture>en-US</Culture>
              <Text />
            </AttributeList>
          </MultilingualTextItem>
          <MultilingualTextItem ID="45" CompositionName="Items">
            <AttributeList>
              <Culture>de-DE</Culture>
              <Text>030SGV001 Schutzgitter-Tor</Text>
            </AttributeList>
          </MultilingualTextItem>
        </ObjectList>
      </MultilingualText>
    </ObjectList>
  </SW.Blocks.FC>
</Document>