﻿<?xml version="1.0" encoding="utf-8"?>
<Document>
  <Engineering version="V16" />
  <DocumentInfo>
    <Created>2025-05-12T11:27:45.0406733Z</Created>
    <ExportSetting>WithDefaults, WithReadOnly</ExportSetting>
    <InstalledProducts>
      <Product>
        <DisplayName>Totally Integrated Automation Portal</DisplayName>
        <DisplayVersion>V16 Update 7</DisplayVersion>
      </Product>
      <OptionPackage>
        <DisplayName>TIA Portal Version Control Interface</DisplayName>
        <DisplayVersion>V16 Update 2</DisplayVersion>
      </OptionPackage>
      <OptionPackage>
        <DisplayName>TIA Portal Openness</DisplayName>
        <DisplayVersion>V16 Update 7</DisplayVersion>
      </OptionPackage>
      <Product>
        <DisplayName>SINAMICS Startdrive Advanced</DisplayName>
        <DisplayVersion>V16 Update 5</DisplayVersion>
      </Product>
      <OptionPackage>
        <DisplayName>SINAMICS Startdrive G130, G150, S120, S150, SINAMICS MV, S210</DisplayName>
        <DisplayVersion>V16 Update 5</DisplayVersion>
      </OptionPackage>
      <OptionPackage>
        <DisplayName>SINAMICS Startdrive G110M, G120, G120C, G120D, G120P, G115D</DisplayName>
        <DisplayVersion>V16 Update 5</DisplayVersion>
      </OptionPackage>
      <Product>
        <DisplayName>STEP 7 Professional</DisplayName>
        <DisplayVersion>V16 Update 7</DisplayVersion>
      </Product>
      <OptionPackage>
        <DisplayName>STEP 7 Safety</DisplayName>
        <DisplayVersion>V16 Update 7</DisplayVersion>
      </OptionPackage>
      <Product>
        <DisplayName>WinCC Advanced</DisplayName>
        <DisplayVersion>V16 Update 7</DisplayVersion>
      </Product>
      <OptionPackage>
        <DisplayName>SIMATIC Visualization Architect</DisplayName>
        <DisplayVersion>V16</DisplayVersion>
      </OptionPackage>
    </InstalledProducts>
  </DocumentInfo>
  <SW.Blocks.FC ID="0">
    <AttributeList>
      <AutoNumber>true</AutoNumber>
      <CodeModifiedDate ReadOnly="true">2023-06-23T15:03:41.9257564Z</CodeModifiedDate>
      <CompileDate ReadOnly="true">2023-07-13T07:24:50.3953567Z</CompileDate>
      <CreationDate ReadOnly="true">2023-06-23T13:42:14.3973095Z</CreationDate>
      <HandleErrorsWithinBlock ReadOnly="true">false</HandleErrorsWithinBlock>
      <HeaderAuthor />
      <HeaderFamily />
      <HeaderName />
      <HeaderVersion>0.1</HeaderVersion>
      <Interface><Sections xmlns="http://www.siemens.com/automation/Openness/SW/Interface/v4">
  <Section Name="Input" />
  <Section Name="Output" />
  <Section Name="InOut" />
  <Section Name="Temp" />
  <Section Name="Constant" />
  <Section Name="Return">
    <Member Name="Ret_Val" Datatype="Void" Accessibility="Public" />
  </Section>
</Sections></Interface>
      <InterfaceModifiedDate ReadOnly="true">2023-06-23T14:00:39.7081933Z</InterfaceModifiedDate>
      <IsConsistent ReadOnly="true">true</IsConsistent>
      <IsIECCheckEnabled>false</IsIECCheckEnabled>
      <IsKnowHowProtected ReadOnly="true">false</IsKnowHowProtected>
      <IsWriteProtected ReadOnly="true">false</IsWriteProtected>
      <LibraryConformanceStatus ReadOnly="true">Error: The block contains calls of single instances.
Warning: The object contains access to global data blocks.
Warning: The object contains access to global PLC constants.
</LibraryConformanceStatus>
      <MemoryLayout>Standard</MemoryLayout>
      <ModifiedDate ReadOnly="true">2023-06-23T15:03:41.9257564Z</ModifiedDate>
      <Name>000XCR000_Call</Name>
      <Number>124</Number>
      <ParameterModified ReadOnly="true">2023-06-23T13:42:14.3973095Z</ParameterModified>
      <PLCSimAdvancedSupport ReadOnly="true">true</PLCSimAdvancedSupport>
      <ProgrammingLanguage>FBD</ProgrammingLanguage>
      <SetENOAutomatically>false</SetENOAutomatically>
      <StructureModified ReadOnly="true">2023-06-23T13:42:14.3973095Z</StructureModified>
      <UDABlockProperties />
      <UDAEnableTagReadback>false</UDAEnableTagReadback>
    </AttributeList>
    <ObjectList>
      <MultilingualText ID="1" CompositionName="Comment">
        <ObjectList>
          <MultilingualTextItem ID="2" CompositionName="Items">
            <AttributeList>
              <Culture>en-US</Culture>
              <Text />
            </AttributeList>
          </MultilingualTextItem>
          <MultilingualTextItem ID="3" CompositionName="Items">
            <AttributeList>
              <Culture>de-DE</Culture>
              <Text />
            </AttributeList>
          </MultilingualTextItem>
        </ObjectList>
      </MultilingualText>
      <SW.Blocks.CompileUnit ID="4" CompositionName="CompileUnits">
        <AttributeList>
          <NetworkSource><FlgNet xmlns="http://www.siemens.com/automation/Openness/SW/NetworkSource/FlgNet/v4">
  <Parts>
    <Access Scope="GlobalVariable" UId="21">
      <IntegerAttribute Name="NumBLs" Informative="true">5</IntegerAttribute>
      <Symbol>
        <Component Name="FGDB_001EK_111" />
        <Component Name="D" />
        <Component Name="controlVoltageIsOn" />
        <Address Area="DB" Type="Bool" BlockNumber="1" BitOffset="1310" Informative="true" />
      </Symbol>
    </Access>
    <Access Scope="GlobalConstant" UId="22">
      <IntegerAttribute Name="NumBLs" Informative="true">5</IntegerAttribute>
      <Constant Name="Local~m054g21zqs511">
        <ConstantType Informative="true">HW_IOSYSTEM</ConstantType>
        <ConstantValue Informative="true">258</ConstantValue>
        <StringAttribute Name="Format" Informative="true">Dec_unsigned</StringAttribute>
      </Constant>
    </Access>
    <Access Scope="LiteralConstant" UId="23">
      <IntegerAttribute Name="NumBLs" Informative="true">5</IntegerAttribute>
      <Constant>
        <ConstantType>Int</ConstantType>
        <ConstantValue>100</ConstantValue>
        <StringAttribute Name="Format" Informative="true">Dec_signed</StringAttribute>
      </Constant>
    </Access>
    <Access Scope="GlobalVariable" UId="24">
      <IntegerAttribute Name="NumBLs" Informative="true">5</IntegerAttribute>
      <Symbol>
        <Component Name="FGDB_000XCR000" />
        <Component Name="readActive" />
        <Address Area="DB" Type="Bool" BlockNumber="33" BitOffset="80" Informative="true" />
      </Symbol>
    </Access>
    <Access Scope="GlobalVariable" UId="25">
      <IntegerAttribute Name="NumBLs" Informative="true">5</IntegerAttribute>
      <Symbol>
        <Component Name="FGDB_000XCR000" />
        <Component Name="fault" />
        <Address Area="DB" Type="Bool" BlockNumber="33" BitOffset="81" Informative="true" />
      </Symbol>
    </Access>
    <Access Scope="GlobalVariable" UId="26">
      <IntegerAttribute Name="NumBLs" Informative="true">5</IntegerAttribute>
      <Symbol>
        <Component Name="FGDB_000XCR000" />
        <Component Name="faultExt" />
        <Address Area="DB" Type="Bool" BlockNumber="33" BitOffset="82" Informative="true" />
      </Symbol>
    </Access>
    <Call UId="27">
      <CallInfo Name="iFG_CRC_CHECK" BlockType="FB">
        <IntegerAttribute Name="BlockNumber" Informative="true">149</IntegerAttribute>
        <DateAttribute Name="ParameterModifiedTS" Informative="true">2021-08-11T12:18:04</DateAttribute>
        <Instance Scope="GlobalVariable" UId="28">
          <Component Name="FGDB_000XCR000" />
          <Address Area="DB" Type="iFG_CRC_CHECK" BlockNumber="33" BitOffset="0" Informative="true" />
        </Instance>
        <Parameter Name="enableIn" Section="Input" Type="Bool">
          <StringAttribute Name="InterfaceFlags" Informative="true">S7_Visible</StringAttribute>
        </Parameter>
        <Parameter Name="readWeekly" Section="Input" Type="Bool">
          <StringAttribute Name="InterfaceFlags" Informative="true">S7_Visible</StringAttribute>
        </Parameter>
        <Parameter Name="weekday" Section="Input" Type="Int">
          <StringAttribute Name="InterfaceFlags" Informative="true">S7_Visible</StringAttribute>
        </Parameter>
        <Parameter Name="hour" Section="Input" Type="Int">
          <StringAttribute Name="InterfaceFlags" Informative="true">S7_Visible</StringAttribute>
        </Parameter>
        <Parameter Name="Hw_IoSystem" Section="Input" Type="HW_IOSYSTEM">
          <StringAttribute Name="InterfaceFlags" Informative="true">S7_Visible</StringAttribute>
        </Parameter>
        <Parameter Name="ProfinetSystemID" Section="Input" Type="Int">
          <StringAttribute Name="InterfaceFlags" Informative="true">S7_Visible</StringAttribute>
        </Parameter>
        <Parameter Name="readActive" Section="Output" Type="Bool">
          <StringAttribute Name="InterfaceFlags" Informative="true">S7_Visible</StringAttribute>
        </Parameter>
        <Parameter Name="fault" Section="Output" Type="Bool">
          <StringAttribute Name="InterfaceFlags" Informative="true">S7_Visible</StringAttribute>
        </Parameter>
        <Parameter Name="faultExt" Section="Output" Type="Bool">
          <StringAttribute Name="InterfaceFlags" Informative="true">S7_Visible</StringAttribute>
        </Parameter>
      </CallInfo>
    </Call>
  </Parts>
  <Wires>
    <Wire UId="33">
      <OpenCon UId="29" />
      <NameCon UId="27" Name="en" />
    </Wire>
    <Wire UId="34">
      <IdentCon UId="21" />
      <NameCon UId="27" Name="enableIn" />
    </Wire>
    <Wire UId="35">
      <OpenCon UId="30" />
      <NameCon UId="27" Name="readWeekly" />
    </Wire>
    <Wire UId="36">
      <OpenCon UId="31" />
      <NameCon UId="27" Name="weekday" />
    </Wire>
    <Wire UId="37">
      <OpenCon UId="32" />
      <NameCon UId="27" Name="hour" />
    </Wire>
    <Wire UId="38">
      <IdentCon UId="22" />
      <NameCon UId="27" Name="Hw_IoSystem" />
    </Wire>
    <Wire UId="39">
      <IdentCon UId="23" />
      <NameCon UId="27" Name="ProfinetSystemID" />
    </Wire>
    <Wire UId="40">
      <NameCon UId="27" Name="readActive" />
      <IdentCon UId="24" />
    </Wire>
    <Wire UId="41">
      <NameCon UId="27" Name="fault" />
      <IdentCon UId="25" />
    </Wire>
    <Wire UId="42">
      <NameCon UId="27" Name="faultExt" />
      <IdentCon UId="26" />
    </Wire>
  </Wires>
</FlgNet></NetworkSource>
          <ProgrammingLanguage>FBD</ProgrammingLanguage>
        </AttributeList>
        <ObjectList>
          <MultilingualText ID="5" CompositionName="Comment">
            <ObjectList>
              <MultilingualTextItem ID="6" CompositionName="Items">
                <AttributeList>
                  <Culture>en-US</Culture>
                  <Text />
                </AttributeList>
              </MultilingualTextItem>
              <MultilingualTextItem ID="7" CompositionName="Items">
                <AttributeList>
                  <Culture>de-DE</Culture>
                  <Text />
                </AttributeList>
              </MultilingualTextItem>
            </ObjectList>
          </MultilingualText>
          <MultilingualText ID="8" CompositionName="Title">
            <ObjectList>
              <MultilingualTextItem ID="9" CompositionName="Items">
                <AttributeList>
                  <Culture>en-US</Culture>
                  <Text>Call iFG_CRC_CHECK</Text>
                </AttributeList>
              </MultilingualTextItem>
              <MultilingualTextItem ID="A" CompositionName="Items">
                <AttributeList>
                  <Culture>de-DE</Culture>
                  <Text>Aufruf iFG_CRC_CHECK</Text>
                </AttributeList>
              </MultilingualTextItem>
            </ObjectList>
          </MultilingualText>
        </ObjectList>
      </SW.Blocks.CompileUnit>
      <MultilingualText ID="B" CompositionName="Title">
        <ObjectList>
          <MultilingualTextItem ID="C" CompositionName="Items">
            <AttributeList>
              <Culture>en-US</Culture>
              <Text>Call CRC-Check</Text>
            </AttributeList>
          </MultilingualTextItem>
          <MultilingualTextItem ID="D" CompositionName="Items">
            <AttributeList>
              <Culture>de-DE</Culture>
              <Text>Aufruf CRC-Prüfung</Text>
            </AttributeList>
          </MultilingualTextItem>
        </ObjectList>
      </MultilingualText>
    </ObjectList>
  </SW.Blocks.FC>
</Document>