﻿<?xml version="1.0" encoding="utf-8"?>
<Document>
  <Engineering version="V16" />
  <DocumentInfo>
    <Created>2025-05-12T11:27:51.2006472Z</Created>
    <ExportSetting>WithDefaults, WithReadOnly</ExportSetting>
    <InstalledProducts>
      <Product>
        <DisplayName>Totally Integrated Automation Portal</DisplayName>
        <DisplayVersion>V16 Update 7</DisplayVersion>
      </Product>
      <OptionPackage>
        <DisplayName>TIA Portal Version Control Interface</DisplayName>
        <DisplayVersion>V16 Update 2</DisplayVersion>
      </OptionPackage>
      <OptionPackage>
        <DisplayName>TIA Portal Openness</DisplayName>
        <DisplayVersion>V16 Update 7</DisplayVersion>
      </OptionPackage>
      <Product>
        <DisplayName>SINAMICS Startdrive Advanced</DisplayName>
        <DisplayVersion>V16 Update 5</DisplayVersion>
      </Product>
      <OptionPackage>
        <DisplayName>SINAMICS Startdrive G130, G150, S120, S150, SINAMICS MV, S210</DisplayName>
        <DisplayVersion>V16 Update 5</DisplayVersion>
      </OptionPackage>
      <OptionPackage>
        <DisplayName>SINAMICS Startdrive G110M, G120, G120C, G120D, G120P, G115D</DisplayName>
        <DisplayVersion>V16 Update 5</DisplayVersion>
      </OptionPackage>
      <Product>
        <DisplayName>STEP 7 Professional</DisplayName>
        <DisplayVersion>V16 Update 7</DisplayVersion>
      </Product>
      <OptionPackage>
        <DisplayName>STEP 7 Safety</DisplayName>
        <DisplayVersion>V16 Update 7</DisplayVersion>
      </OptionPackage>
      <Product>
        <DisplayName>WinCC Advanced</DisplayName>
        <DisplayVersion>V16 Update 7</DisplayVersion>
      </Product>
      <OptionPackage>
        <DisplayName>SIMATIC Visualization Architect</DisplayName>
        <DisplayVersion>V16</DisplayVersion>
      </OptionPackage>
    </InstalledProducts>
  </DocumentInfo>
  <SW.Blocks.FC ID="0">
    <AttributeList>
      <AutoNumber>true</AutoNumber>
      <CodeModifiedDate ReadOnly="true">2023-06-23T14:01:58.0046856Z</CodeModifiedDate>
      <CompileDate ReadOnly="true">2023-07-13T07:24:51.9893436Z</CompileDate>
      <CreationDate ReadOnly="true">2023-06-23T13:42:43.0354517Z</CreationDate>
      <HandleErrorsWithinBlock ReadOnly="true">false</HandleErrorsWithinBlock>
      <HeaderAuthor />
      <HeaderFamily />
      <HeaderName />
      <HeaderVersion>0.1</HeaderVersion>
      <Interface><Sections xmlns="http://www.siemens.com/automation/Openness/SW/Interface/v4">
  <Section Name="Input" />
  <Section Name="Output" />
  <Section Name="InOut" />
  <Section Name="Temp" />
  <Section Name="Constant" />
  <Section Name="Return">
    <Member Name="Ret_Val" Datatype="Void" Accessibility="Public" />
  </Section>
</Sections></Interface>
      <InterfaceModifiedDate ReadOnly="true">2023-06-23T14:00:39.5072785Z</InterfaceModifiedDate>
      <IsConsistent ReadOnly="true">true</IsConsistent>
      <IsIECCheckEnabled>false</IsIECCheckEnabled>
      <IsKnowHowProtected ReadOnly="true">false</IsKnowHowProtected>
      <IsWriteProtected ReadOnly="true">false</IsWriteProtected>
      <LibraryConformanceStatus ReadOnly="true">Error: The block contains calls of single instances.
Warning: The object contains access to global data blocks.
</LibraryConformanceStatus>
      <MemoryLayout>Standard</MemoryLayout>
      <ModifiedDate ReadOnly="true">2023-06-23T14:01:58.0046856Z</ModifiedDate>
      <Name>001XZD004_Call</Name>
      <Number>41</Number>
      <ParameterModified ReadOnly="true">2023-06-23T13:42:43.0354517Z</ParameterModified>
      <PLCSimAdvancedSupport ReadOnly="true">true</PLCSimAdvancedSupport>
      <ProgrammingLanguage>FBD</ProgrammingLanguage>
      <SetENOAutomatically>false</SetENOAutomatically>
      <StructureModified ReadOnly="true">2023-06-23T13:42:43.0354517Z</StructureModified>
      <UDABlockProperties />
      <UDAEnableTagReadback>false</UDAEnableTagReadback>
    </AttributeList>
    <ObjectList>
      <MultilingualText ID="1" CompositionName="Comment">
        <ObjectList>
          <MultilingualTextItem ID="2" CompositionName="Items">
            <AttributeList>
              <Culture>en-US</Culture>
              <Text />
            </AttributeList>
          </MultilingualTextItem>
          <MultilingualTextItem ID="3" CompositionName="Items">
            <AttributeList>
              <Culture>de-DE</Culture>
              <Text />
            </AttributeList>
          </MultilingualTextItem>
        </ObjectList>
      </MultilingualText>
      <SW.Blocks.CompileUnit ID="4" CompositionName="CompileUnits">
        <AttributeList>
          <NetworkSource />
          <ProgrammingLanguage>FBD</ProgrammingLanguage>
        </AttributeList>
        <ObjectList>
          <MultilingualText ID="5" CompositionName="Comment">
            <ObjectList>
              <MultilingualTextItem ID="6" CompositionName="Items">
                <AttributeList>
                  <Culture>en-US</Culture>
                  <Text />
                </AttributeList>
              </MultilingualTextItem>
              <MultilingualTextItem ID="7" CompositionName="Items">
                <AttributeList>
                  <Culture>de-DE</Culture>
                  <Text />
                </AttributeList>
              </MultilingualTextItem>
            </ObjectList>
          </MultilingualText>
          <MultilingualText ID="8" CompositionName="Title">
            <ObjectList>
              <MultilingualTextItem ID="9" CompositionName="Items">
                <AttributeList>
                  <Culture>en-US</Culture>
                  <Text />
                </AttributeList>
              </MultilingualTextItem>
              <MultilingualTextItem ID="A" CompositionName="Items">
                <AttributeList>
                  <Culture>de-DE</Culture>
                  <Text>X178 Belegtmeldung</Text>
                </AttributeList>
              </MultilingualTextItem>
            </ObjectList>
          </MultilingualText>
        </ObjectList>
      </SW.Blocks.CompileUnit>
      <SW.Blocks.CompileUnit ID="B" CompositionName="CompileUnits">
        <AttributeList>
          <NetworkSource><FlgNet xmlns="http://www.siemens.com/automation/Openness/SW/NetworkSource/FlgNet/v4">
  <Parts>
    <Access Scope="LiteralConstant" UId="21">
      <IntegerAttribute Name="NumBLs" Informative="true">5</IntegerAttribute>
      <Constant>
        <ConstantType>Bool</ConstantType>
        <ConstantValue>true</ConstantValue>
        <StringAttribute Name="Format" Informative="true">Bool</StringAttribute>
      </Constant>
    </Access>
    <Access Scope="LiteralConstant" UId="22">
      <IntegerAttribute Name="NumBLs" Informative="true">5</IntegerAttribute>
      <Constant>
        <ConstantType>Bool</ConstantType>
        <ConstantValue>false</ConstantValue>
        <StringAttribute Name="Format" Informative="true">Bool</StringAttribute>
      </Constant>
    </Access>
    <Access Scope="LiteralConstant" UId="23">
      <IntegerAttribute Name="NumBLs" Informative="true">5</IntegerAttribute>
      <Constant>
        <ConstantType>Bool</ConstantType>
        <ConstantValue>false</ConstantValue>
        <StringAttribute Name="Format" Informative="true">Bool</StringAttribute>
      </Constant>
    </Access>
    <Access Scope="LiteralConstant" UId="24">
      <IntegerAttribute Name="NumBLs" Informative="true">5</IntegerAttribute>
      <Constant>
        <ConstantType>Bool</ConstantType>
        <ConstantValue>false</ConstantValue>
        <StringAttribute Name="Format" Informative="true">Bool</StringAttribute>
      </Constant>
    </Access>
    <Access Scope="LiteralConstant" UId="25">
      <IntegerAttribute Name="NumBLs" Informative="true">5</IntegerAttribute>
      <Constant>
        <ConstantType>Bool</ConstantType>
        <ConstantValue>false</ConstantValue>
        <StringAttribute Name="Format" Informative="true">Bool</StringAttribute>
      </Constant>
    </Access>
    <Access Scope="LiteralConstant" UId="26">
      <IntegerAttribute Name="NumBLs" Informative="true">5</IntegerAttribute>
      <Constant>
        <ConstantType>Bool</ConstantType>
        <ConstantValue>false</ConstantValue>
        <StringAttribute Name="Format" Informative="true">Bool</StringAttribute>
      </Constant>
    </Access>
    <Access Scope="LiteralConstant" UId="27">
      <IntegerAttribute Name="NumBLs" Informative="true">5</IntegerAttribute>
      <Constant>
        <ConstantType>Bool</ConstantType>
        <ConstantValue>false</ConstantValue>
        <StringAttribute Name="Format" Informative="true">Bool</StringAttribute>
      </Constant>
    </Access>
    <Access Scope="LiteralConstant" UId="28">
      <IntegerAttribute Name="NumBLs" Informative="true">5</IntegerAttribute>
      <Constant>
        <ConstantType>Bool</ConstantType>
        <ConstantValue>false</ConstantValue>
        <StringAttribute Name="Format" Informative="true">Bool</StringAttribute>
      </Constant>
    </Access>
    <Access Scope="LiteralConstant" UId="29">
      <IntegerAttribute Name="NumBLs" Informative="true">5</IntegerAttribute>
      <Constant>
        <ConstantType>Bool</ConstantType>
        <ConstantValue>false</ConstantValue>
        <StringAttribute Name="Format" Informative="true">Bool</StringAttribute>
      </Constant>
    </Access>
    <Access Scope="GlobalVariable" UId="30">
      <IntegerAttribute Name="NumBLs" Informative="true">5</IntegerAttribute>
      <Symbol>
        <Component Name="FGDB_001XZD004" />
        <Component Name="inputActualValue" />
        <Address Area="DB" Type="UInt" BlockNumber="66" BitOffset="1376" Informative="true" />
      </Symbol>
    </Access>
    <Call UId="31">
      <CallInfo Name="iAF_COUNT_OCCUP" BlockType="FC">
        <IntegerAttribute Name="BlockNumber" Informative="true">1761</IntegerAttribute>
        <DateAttribute Name="ParameterModifiedTS" Informative="true">2018-01-25T05:46:37</DateAttribute>
        <Parameter Name="reset" Section="Input" Type="Bool">
          <StringAttribute Name="InterfaceFlags" Informative="true">S7_Visible</StringAttribute>
        </Parameter>
        <Parameter Name="occupied_1" Section="Input" Type="Bool">
          <StringAttribute Name="InterfaceFlags" Informative="true">S7_Visible</StringAttribute>
        </Parameter>
        <Parameter Name="occupied_2" Section="Input" Type="Bool">
          <StringAttribute Name="InterfaceFlags" Informative="true">S7_Visible</StringAttribute>
        </Parameter>
        <Parameter Name="occupied_3" Section="Input" Type="Bool">
          <StringAttribute Name="InterfaceFlags" Informative="true">S7_Visible</StringAttribute>
        </Parameter>
        <Parameter Name="occupied_4" Section="Input" Type="Bool">
          <StringAttribute Name="InterfaceFlags" Informative="true">S7_Visible</StringAttribute>
        </Parameter>
        <Parameter Name="occupied_5" Section="Input" Type="Bool">
          <StringAttribute Name="InterfaceFlags" Informative="true">S7_Visible</StringAttribute>
        </Parameter>
        <Parameter Name="occupied_6" Section="Input" Type="Bool">
          <StringAttribute Name="InterfaceFlags" Informative="true">S7_Visible</StringAttribute>
        </Parameter>
        <Parameter Name="occupied_7" Section="Input" Type="Bool">
          <StringAttribute Name="InterfaceFlags" Informative="true">S7_Visible</StringAttribute>
        </Parameter>
        <Parameter Name="occupied_8" Section="Input" Type="Bool">
          <StringAttribute Name="InterfaceFlags" Informative="true">S7_Visible</StringAttribute>
        </Parameter>
        <Parameter Name="count" Section="InOut" Type="UInt">
          <StringAttribute Name="InterfaceFlags" Informative="true">S7_Visible</StringAttribute>
        </Parameter>
      </CallInfo>
    </Call>
  </Parts>
  <Wires>
    <Wire UId="33">
      <OpenCon UId="32" />
      <NameCon UId="31" Name="en" />
    </Wire>
    <Wire UId="34">
      <IdentCon UId="21" />
      <NameCon UId="31" Name="reset" />
    </Wire>
    <Wire UId="35">
      <IdentCon UId="22" />
      <NameCon UId="31" Name="occupied_1" />
    </Wire>
    <Wire UId="36">
      <IdentCon UId="23" />
      <NameCon UId="31" Name="occupied_2" />
    </Wire>
    <Wire UId="37">
      <IdentCon UId="24" />
      <NameCon UId="31" Name="occupied_3" />
    </Wire>
    <Wire UId="38">
      <IdentCon UId="25" />
      <NameCon UId="31" Name="occupied_4" />
    </Wire>
    <Wire UId="39">
      <IdentCon UId="26" />
      <NameCon UId="31" Name="occupied_5" />
    </Wire>
    <Wire UId="40">
      <IdentCon UId="27" />
      <NameCon UId="31" Name="occupied_6" />
    </Wire>
    <Wire UId="41">
      <IdentCon UId="28" />
      <NameCon UId="31" Name="occupied_7" />
    </Wire>
    <Wire UId="42">
      <IdentCon UId="29" />
      <NameCon UId="31" Name="occupied_8" />
    </Wire>
    <Wire UId="43">
      <IdentCon UId="30" />
      <NameCon UId="31" Name="count" />
    </Wire>
  </Wires>
</FlgNet></NetworkSource>
          <ProgrammingLanguage>FBD</ProgrammingLanguage>
        </AttributeList>
        <ObjectList>
          <MultilingualText ID="C" CompositionName="Comment">
            <ObjectList>
              <MultilingualTextItem ID="D" CompositionName="Items">
                <AttributeList>
                  <Culture>en-US</Culture>
                  <Text />
                </AttributeList>
              </MultilingualTextItem>
              <MultilingualTextItem ID="E" CompositionName="Items">
                <AttributeList>
                  <Culture>de-DE</Culture>
                  <Text />
                </AttributeList>
              </MultilingualTextItem>
            </ObjectList>
          </MultilingualText>
          <MultilingualText ID="F" CompositionName="Title">
            <ObjectList>
              <MultilingualTextItem ID="10" CompositionName="Items">
                <AttributeList>
                  <Culture>en-US</Culture>
                  <Text />
                </AttributeList>
              </MultilingualTextItem>
              <MultilingualTextItem ID="11" CompositionName="Items">
                <AttributeList>
                  <Culture>de-DE</Culture>
                  <Text>Stückzähler</Text>
                </AttributeList>
              </MultilingualTextItem>
            </ObjectList>
          </MultilingualText>
        </ObjectList>
      </SW.Blocks.CompileUnit>
      <SW.Blocks.CompileUnit ID="12" CompositionName="CompileUnits">
        <AttributeList>
          <NetworkSource><FlgNet xmlns="http://www.siemens.com/automation/Openness/SW/NetworkSource/FlgNet/v4">
  <Parts>
    <Access Scope="LiteralConstant" UId="21">
      <IntegerAttribute Name="NumBLs" Informative="true">5</IntegerAttribute>
      <Constant>
        <ConstantType>Bool</ConstantType>
        <ConstantValue>true</ConstantValue>
        <StringAttribute Name="Format" Informative="true">Bool</StringAttribute>
      </Constant>
    </Access>
    <Access Scope="GlobalVariable" UId="22">
      <IntegerAttribute Name="NumBLs" Informative="true">5</IntegerAttribute>
      <Symbol>
        <Component Name="FGDB_001XZD004" />
        <Component Name="inputActualValue" />
        <Address Area="DB" Type="UInt" BlockNumber="66" BitOffset="1376" Informative="true" />
      </Symbol>
    </Access>
    <Access Scope="LiteralConstant" UId="23">
      <IntegerAttribute Name="NumBLs" Informative="true">5</IntegerAttribute>
      <Constant>
        <ConstantType>Void</ConstantType>
        <ConstantValue>NULL</ConstantValue>
        <StringAttribute Name="Format" Informative="true">Any</StringAttribute>
      </Constant>
    </Access>
    <Access Scope="GlobalVariable" UId="24">
      <IntegerAttribute Name="NumBLs" Informative="true">5</IntegerAttribute>
      <Symbol>
        <Component Name="FGDB_001XZD004" />
        <Component Name="actual" />
        <Address Area="DB" Type="UInt" BlockNumber="66" BitOffset="1392" Informative="true" />
      </Symbol>
    </Access>
    <Access Scope="GlobalVariable" UId="25">
      <IntegerAttribute Name="NumBLs" Informative="true">5</IntegerAttribute>
      <Symbol>
        <Component Name="FGDB_001XZD004" />
        <Component Name="min" />
        <Address Area="DB" Type="Bool" BlockNumber="66" BitOffset="1408" Informative="true" />
      </Symbol>
    </Access>
    <Access Scope="GlobalVariable" UId="26">
      <IntegerAttribute Name="NumBLs" Informative="true">5</IntegerAttribute>
      <Symbol>
        <Component Name="FGDB_001XZD004" />
        <Component Name="max" />
        <Address Area="DB" Type="Bool" BlockNumber="66" BitOffset="1409" Informative="true" />
      </Symbol>
    </Access>
    <Access Scope="GlobalVariable" UId="27">
      <IntegerAttribute Name="NumBLs" Informative="true">5</IntegerAttribute>
      <Symbol>
        <Component Name="FGDB_001XZD004" />
        <Component Name="fault" />
        <Address Area="DB" Type="Bool" BlockNumber="66" BitOffset="1410" Informative="true" />
      </Symbol>
    </Access>
    <Access Scope="GlobalVariable" UId="28">
      <IntegerAttribute Name="NumBLs" Informative="true">5</IntegerAttribute>
      <Symbol>
        <Component Name="FGDB_001XZD004" />
        <Component Name="faultExt" />
        <Address Area="DB" Type="Bool" BlockNumber="66" BitOffset="1411" Informative="true" />
      </Symbol>
    </Access>
    <Call UId="29">
      <CallInfo Name="iFG_DIFF_COUNT_6" BlockType="FB">
        <IntegerAttribute Name="BlockNumber" Informative="true">1066</IntegerAttribute>
        <DateAttribute Name="ParameterModifiedTS" Informative="true">2021-02-09T11:50:54</DateAttribute>
        <Instance Scope="GlobalVariable" UId="30">
          <Component Name="FGDB_001XZD004" />
          <Address Area="DB" Type="iFG_DIFF_COUNT_6" BlockNumber="66" BitOffset="0" Informative="true" />
        </Instance>
        <Parameter Name="fct" Section="Input" Type="Int">
          <StringAttribute Name="InterfaceFlags" Informative="true">S7_Visible</StringAttribute>
        </Parameter>
        <Parameter Name="setMin" Section="Input" Type="Bool">
          <StringAttribute Name="InterfaceFlags" Informative="true">S7_Visible</StringAttribute>
        </Parameter>
        <Parameter Name="setMax" Section="Input" Type="Bool">
          <StringAttribute Name="InterfaceFlags" Informative="true">S7_Visible</StringAttribute>
        </Parameter>
        <Parameter Name="setActualValue" Section="Input" Type="Bool">
          <StringAttribute Name="InterfaceFlags" Informative="true">S7_Visible</StringAttribute>
        </Parameter>
        <Parameter Name="productIdent_1" Section="Input" Type="String[24]">
          <StringAttribute Name="InterfaceFlags" Informative="true">S7_Visible</StringAttribute>
        </Parameter>
        <Parameter Name="direction_1" Section="Input" Type="Bool">
          <StringAttribute Name="InterfaceFlags" Informative="true">S7_Visible</StringAttribute>
        </Parameter>
        <Parameter Name="enable_1" Section="Input" Type="Bool">
          <StringAttribute Name="InterfaceFlags" Informative="true">S7_Visible</StringAttribute>
        </Parameter>
        <Parameter Name="trigger_1" Section="Input" Type="Bool">
          <StringAttribute Name="InterfaceFlags" Informative="true">S7_Visible</StringAttribute>
        </Parameter>
        <Parameter Name="productIdent_2" Section="Input" Type="String[24]">
          <StringAttribute Name="InterfaceFlags" Informative="true">S7_Visible</StringAttribute>
        </Parameter>
        <Parameter Name="direction_2" Section="Input" Type="Bool">
          <StringAttribute Name="InterfaceFlags" Informative="true">S7_Visible</StringAttribute>
        </Parameter>
        <Parameter Name="enable_2" Section="Input" Type="Bool">
          <StringAttribute Name="InterfaceFlags" Informative="true">S7_Visible</StringAttribute>
        </Parameter>
        <Parameter Name="trigger_2" Section="Input" Type="Bool">
          <StringAttribute Name="InterfaceFlags" Informative="true">S7_Visible</StringAttribute>
        </Parameter>
        <Parameter Name="productIdent_3" Section="Input" Type="String[24]">
          <StringAttribute Name="InterfaceFlags" Informative="true">S7_Visible</StringAttribute>
        </Parameter>
        <Parameter Name="direction_3" Section="Input" Type="Bool">
          <StringAttribute Name="InterfaceFlags" Informative="true">S7_Visible</StringAttribute>
        </Parameter>
        <Parameter Name="enable_3" Section="Input" Type="Bool">
          <StringAttribute Name="InterfaceFlags" Informative="true">S7_Visible</StringAttribute>
        </Parameter>
        <Parameter Name="trigger_3" Section="Input" Type="Bool">
          <StringAttribute Name="InterfaceFlags" Informative="true">S7_Visible</StringAttribute>
        </Parameter>
        <Parameter Name="productIdent_4" Section="Input" Type="String[24]">
          <StringAttribute Name="InterfaceFlags" Informative="true">S7_Visible</StringAttribute>
        </Parameter>
        <Parameter Name="direction_4" Section="Input" Type="Bool">
          <StringAttribute Name="InterfaceFlags" Informative="true">S7_Visible</StringAttribute>
        </Parameter>
        <Parameter Name="enable_4" Section="Input" Type="Bool">
          <StringAttribute Name="InterfaceFlags" Informative="true">S7_Visible</StringAttribute>
        </Parameter>
        <Parameter Name="trigger_4" Section="Input" Type="Bool">
          <StringAttribute Name="InterfaceFlags" Informative="true">S7_Visible</StringAttribute>
        </Parameter>
        <Parameter Name="productIdent_5" Section="Input" Type="String[24]">
          <StringAttribute Name="InterfaceFlags" Informative="true">S7_Visible</StringAttribute>
        </Parameter>
        <Parameter Name="direction_5" Section="Input" Type="Bool">
          <StringAttribute Name="InterfaceFlags" Informative="true">S7_Visible</StringAttribute>
        </Parameter>
        <Parameter Name="enable_5" Section="Input" Type="Bool">
          <StringAttribute Name="InterfaceFlags" Informative="true">S7_Visible</StringAttribute>
        </Parameter>
        <Parameter Name="trigger_5" Section="Input" Type="Bool">
          <StringAttribute Name="InterfaceFlags" Informative="true">S7_Visible</StringAttribute>
        </Parameter>
        <Parameter Name="productIdent_6" Section="Input" Type="String[24]">
          <StringAttribute Name="InterfaceFlags" Informative="true">S7_Visible</StringAttribute>
        </Parameter>
        <Parameter Name="direction_6" Section="Input" Type="Bool">
          <StringAttribute Name="InterfaceFlags" Informative="true">S7_Visible</StringAttribute>
        </Parameter>
        <Parameter Name="enable_6" Section="Input" Type="Bool">
          <StringAttribute Name="InterfaceFlags" Informative="true">S7_Visible</StringAttribute>
        </Parameter>
        <Parameter Name="trigger_6" Section="Input" Type="Bool">
          <StringAttribute Name="InterfaceFlags" Informative="true">S7_Visible</StringAttribute>
        </Parameter>
        <Parameter Name="inputActualValue" Section="Input" Type="UInt">
          <StringAttribute Name="InterfaceFlags" Informative="true">S7_Visible</StringAttribute>
        </Parameter>
        <Parameter Name="actual" Section="Output" Type="UInt">
          <StringAttribute Name="InterfaceFlags" Informative="true">S7_Visible</StringAttribute>
        </Parameter>
        <Parameter Name="min" Section="Output" Type="Bool">
          <StringAttribute Name="InterfaceFlags" Informative="true">S7_Visible</StringAttribute>
        </Parameter>
        <Parameter Name="max" Section="Output" Type="Bool">
          <StringAttribute Name="InterfaceFlags" Informative="true">S7_Visible</StringAttribute>
        </Parameter>
        <Parameter Name="fault" Section="Output" Type="Bool">
          <StringAttribute Name="InterfaceFlags" Informative="true">S7_Visible</StringAttribute>
        </Parameter>
        <Parameter Name="faultExt" Section="Output" Type="Bool">
          <StringAttribute Name="InterfaceFlags" Informative="true">S7_Visible</StringAttribute>
        </Parameter>
        <Parameter Name="RingBuffer" Section="InOut" Type="&quot;iUDT_FG_DIFF_COUNTER_RING_BUFFER&quot;">
          <StringAttribute Name="InterfaceFlags" Informative="true">S7_Visible</StringAttribute>
        </Parameter>
        <Parameter Name="variantInfo" Section="InOut" Type="Variant">
          <StringAttribute Name="InterfaceFlags" Informative="true">S7_Visible</StringAttribute>
        </Parameter>
      </CallInfo>
    </Call>
  </Parts>
  <Wires>
    <Wire UId="60">
      <OpenCon UId="31" />
      <NameCon UId="29" Name="en" />
    </Wire>
    <Wire UId="61">
      <OpenCon UId="32" />
      <NameCon UId="29" Name="fct" />
    </Wire>
    <Wire UId="62">
      <OpenCon UId="33" />
      <NameCon UId="29" Name="setMin" />
    </Wire>
    <Wire UId="63">
      <OpenCon UId="34" />
      <NameCon UId="29" Name="setMax" />
    </Wire>
    <Wire UId="64">
      <IdentCon UId="21" />
      <NameCon UId="29" Name="setActualValue" />
    </Wire>
    <Wire UId="65">
      <OpenCon UId="35" />
      <NameCon UId="29" Name="productIdent_1" />
    </Wire>
    <Wire UId="66">
      <OpenCon UId="36" />
      <NameCon UId="29" Name="direction_1" />
    </Wire>
    <Wire UId="67">
      <OpenCon UId="37" />
      <NameCon UId="29" Name="enable_1" />
    </Wire>
    <Wire UId="68">
      <OpenCon UId="38" />
      <NameCon UId="29" Name="trigger_1" />
    </Wire>
    <Wire UId="69">
      <OpenCon UId="39" />
      <NameCon UId="29" Name="productIdent_2" />
    </Wire>
    <Wire UId="70">
      <OpenCon UId="40" />
      <NameCon UId="29" Name="direction_2" />
    </Wire>
    <Wire UId="71">
      <OpenCon UId="41" />
      <NameCon UId="29" Name="enable_2" />
    </Wire>
    <Wire UId="72">
      <OpenCon UId="42" />
      <NameCon UId="29" Name="trigger_2" />
    </Wire>
    <Wire UId="73">
      <OpenCon UId="43" />
      <NameCon UId="29" Name="productIdent_3" />
    </Wire>
    <Wire UId="74">
      <OpenCon UId="44" />
      <NameCon UId="29" Name="direction_3" />
    </Wire>
    <Wire UId="75">
      <OpenCon UId="45" />
      <NameCon UId="29" Name="enable_3" />
    </Wire>
    <Wire UId="76">
      <OpenCon UId="46" />
      <NameCon UId="29" Name="trigger_3" />
    </Wire>
    <Wire UId="77">
      <OpenCon UId="47" />
      <NameCon UId="29" Name="productIdent_4" />
    </Wire>
    <Wire UId="78">
      <OpenCon UId="48" />
      <NameCon UId="29" Name="direction_4" />
    </Wire>
    <Wire UId="79">
      <OpenCon UId="49" />
      <NameCon UId="29" Name="enable_4" />
    </Wire>
    <Wire UId="80">
      <OpenCon UId="50" />
      <NameCon UId="29" Name="trigger_4" />
    </Wire>
    <Wire UId="81">
      <OpenCon UId="51" />
      <NameCon UId="29" Name="productIdent_5" />
    </Wire>
    <Wire UId="82">
      <OpenCon UId="52" />
      <NameCon UId="29" Name="direction_5" />
    </Wire>
    <Wire UId="83">
      <OpenCon UId="53" />
      <NameCon UId="29" Name="enable_5" />
    </Wire>
    <Wire UId="84">
      <OpenCon UId="54" />
      <NameCon UId="29" Name="trigger_5" />
    </Wire>
    <Wire UId="85">
      <OpenCon UId="55" />
      <NameCon UId="29" Name="productIdent_6" />
    </Wire>
    <Wire UId="86">
      <OpenCon UId="56" />
      <NameCon UId="29" Name="direction_6" />
    </Wire>
    <Wire UId="87">
      <OpenCon UId="57" />
      <NameCon UId="29" Name="enable_6" />
    </Wire>
    <Wire UId="88">
      <OpenCon UId="58" />
      <NameCon UId="29" Name="trigger_6" />
    </Wire>
    <Wire UId="89">
      <IdentCon UId="22" />
      <NameCon UId="29" Name="inputActualValue" />
    </Wire>
    <Wire UId="90">
      <OpenCon UId="59" />
      <NameCon UId="29" Name="RingBuffer" />
    </Wire>
    <Wire UId="91">
      <IdentCon UId="23" />
      <NameCon UId="29" Name="variantInfo" />
    </Wire>
    <Wire UId="92">
      <NameCon UId="29" Name="actual" />
      <IdentCon UId="24" />
    </Wire>
    <Wire UId="93">
      <NameCon UId="29" Name="min" />
      <IdentCon UId="25" />
    </Wire>
    <Wire UId="94">
      <NameCon UId="29" Name="max" />
      <IdentCon UId="26" />
    </Wire>
    <Wire UId="95">
      <NameCon UId="29" Name="fault" />
      <IdentCon UId="27" />
    </Wire>
    <Wire UId="96">
      <NameCon UId="29" Name="faultExt" />
      <IdentCon UId="28" />
    </Wire>
  </Wires>
</FlgNet></NetworkSource>
          <ProgrammingLanguage>FBD</ProgrammingLanguage>
        </AttributeList>
        <ObjectList>
          <MultilingualText ID="13" CompositionName="Comment">
            <ObjectList>
              <MultilingualTextItem ID="14" CompositionName="Items">
                <AttributeList>
                  <Culture>en-US</Culture>
                  <Text />
                </AttributeList>
              </MultilingualTextItem>
              <MultilingualTextItem ID="15" CompositionName="Items">
                <AttributeList>
                  <Culture>de-DE</Culture>
                  <Text />
                </AttributeList>
              </MultilingualTextItem>
            </ObjectList>
          </MultilingualText>
          <MultilingualText ID="16" CompositionName="Title">
            <ObjectList>
              <MultilingualTextItem ID="17" CompositionName="Items">
                <AttributeList>
                  <Culture>en-US</Culture>
                  <Text />
                </AttributeList>
              </MultilingualTextItem>
              <MultilingualTextItem ID="18" CompositionName="Items">
                <AttributeList>
                  <Culture>de-DE</Culture>
                  <Text>Aufruf  iFG_DIFF_COUNT_6</Text>
                </AttributeList>
              </MultilingualTextItem>
            </ObjectList>
          </MultilingualText>
        </ObjectList>
      </SW.Blocks.CompileUnit>
      <MultilingualText ID="19" CompositionName="Title">
        <ObjectList>
          <MultilingualTextItem ID="1A" CompositionName="Items">
            <AttributeList>
              <Culture>en-US</Culture>
              <Text />
            </AttributeList>
          </MultilingualTextItem>
          <MultilingualTextItem ID="1B" CompositionName="Items">
            <AttributeList>
              <Culture>de-DE</Culture>
              <Text>Anlagenfüllung Typ X178</Text>
            </AttributeList>
          </MultilingualTextItem>
        </ObjectList>
      </MultilingualText>
    </ObjectList>
  </SW.Blocks.FC>
</Document>