﻿<?xml version="1.0" encoding="utf-8"?>
<Document>
  <Engineering version="V16" />
  <DocumentInfo>
    <Created>2025-05-12T11:28:10.6354552Z</Created>
    <ExportSetting>WithDefaults, WithReadOnly</ExportSetting>
    <InstalledProducts>
      <Product>
        <DisplayName>Totally Integrated Automation Portal</DisplayName>
        <DisplayVersion>V16 Update 7</DisplayVersion>
      </Product>
      <OptionPackage>
        <DisplayName>TIA Portal Version Control Interface</DisplayName>
        <DisplayVersion>V16 Update 2</DisplayVersion>
      </OptionPackage>
      <OptionPackage>
        <DisplayName>TIA Portal Openness</DisplayName>
        <DisplayVersion>V16 Update 7</DisplayVersion>
      </OptionPackage>
      <Product>
        <DisplayName>SINAMICS Startdrive Advanced</DisplayName>
        <DisplayVersion>V16 Update 5</DisplayVersion>
      </Product>
      <OptionPackage>
        <DisplayName>SINAMICS Startdrive G130, G150, S120, S150, SINAMICS MV, S210</DisplayName>
        <DisplayVersion>V16 Update 5</DisplayVersion>
      </OptionPackage>
      <OptionPackage>
        <DisplayName>SINAMICS Startdrive G110M, G120, G120C, G120D, G120P, G115D</DisplayName>
        <DisplayVersion>V16 Update 5</DisplayVersion>
      </OptionPackage>
      <Product>
        <DisplayName>STEP 7 Professional</DisplayName>
        <DisplayVersion>V16 Update 7</DisplayVersion>
      </Product>
      <OptionPackage>
        <DisplayName>STEP 7 Safety</DisplayName>
        <DisplayVersion>V16 Update 7</DisplayVersion>
      </OptionPackage>
      <Product>
        <DisplayName>WinCC Advanced</DisplayName>
        <DisplayVersion>V16 Update 7</DisplayVersion>
      </Product>
      <OptionPackage>
        <DisplayName>SIMATIC Visualization Architect</DisplayName>
        <DisplayVersion>V16</DisplayVersion>
      </OptionPackage>
    </InstalledProducts>
  </DocumentInfo>
  <SW.Blocks.FC ID="0">
    <AttributeList>
      <AutoNumber>true</AutoNumber>
      <CodeModifiedDate ReadOnly="true">2023-06-23T15:24:22.3010259Z</CodeModifiedDate>
      <CompileDate ReadOnly="true">2023-07-13T07:24:52.316823Z</CompileDate>
      <CreationDate ReadOnly="true">2023-06-23T13:42:49.879139Z</CreationDate>
      <HandleErrorsWithinBlock ReadOnly="true">false</HandleErrorsWithinBlock>
      <HeaderAuthor />
      <HeaderFamily />
      <HeaderName />
      <HeaderVersion>0.1</HeaderVersion>
      <Interface><Sections xmlns="http://www.siemens.com/automation/Openness/SW/Interface/v4">
  <Section Name="Input" />
  <Section Name="Output" />
  <Section Name="InOut" />
  <Section Name="Temp" />
  <Section Name="Constant" />
  <Section Name="Return">
    <Member Name="Ret_Val" Datatype="Void" Accessibility="Public" />
  </Section>
</Sections></Interface>
      <InterfaceModifiedDate ReadOnly="true">2023-06-23T14:00:39.4421179Z</InterfaceModifiedDate>
      <IsConsistent ReadOnly="true">true</IsConsistent>
      <IsIECCheckEnabled>false</IsIECCheckEnabled>
      <IsKnowHowProtected ReadOnly="true">false</IsKnowHowProtected>
      <IsWriteProtected ReadOnly="true">false</IsWriteProtected>
      <LibraryConformanceStatus ReadOnly="true">Error: The block contains calls of single instances.
Warning: The object contains access to global data blocks.
Warning: The block contains direct access to inputs, outputs, bit memories, indirect access to the registry or indirect access to external memory areas that are unknown at the time of compilation.
</LibraryConformanceStatus>
      <MemoryLayout>Standard</MemoryLayout>
      <ModifiedDate ReadOnly="true">2023-06-23T15:24:22.3010259Z</ModifiedDate>
      <Name>001PNE001-QM3_Call</Name>
      <Number>1</Number>
      <ParameterModified ReadOnly="true">2023-06-23T13:42:49.879139Z</ParameterModified>
      <PLCSimAdvancedSupport ReadOnly="true">true</PLCSimAdvancedSupport>
      <ProgrammingLanguage>FBD</ProgrammingLanguage>
      <SetENOAutomatically>false</SetENOAutomatically>
      <StructureModified ReadOnly="true">2023-06-23T13:42:49.879139Z</StructureModified>
      <UDABlockProperties />
      <UDAEnableTagReadback>false</UDAEnableTagReadback>
    </AttributeList>
    <ObjectList>
      <MultilingualText ID="1" CompositionName="Comment">
        <ObjectList>
          <MultilingualTextItem ID="2" CompositionName="Items">
            <AttributeList>
              <Culture>en-US</Culture>
              <Text />
            </AttributeList>
          </MultilingualTextItem>
          <MultilingualTextItem ID="3" CompositionName="Items">
            <AttributeList>
              <Culture>de-DE</Culture>
              <Text />
            </AttributeList>
          </MultilingualTextItem>
        </ObjectList>
      </MultilingualText>
      <SW.Blocks.CompileUnit ID="4" CompositionName="CompileUnits">
        <AttributeList>
          <NetworkSource><FlgNet xmlns="http://www.siemens.com/automation/Openness/SW/NetworkSource/FlgNet/v4">
  <Parts>
    <Access Scope="GlobalVariable" UId="21">
      <IntegerAttribute Name="NumBLs" Informative="true">5</IntegerAttribute>
      <Symbol>
        <Component Name="DB_000SB_000_F_Data" />
        <Component Name="HM_001PNE001_Restart" />
        <Address Area="None" Type="Bool" BlockNumber="16" BitOffset="360" Informative="true" />
      </Symbol>
    </Access>
    <Access Scope="GlobalVariable" UId="22">
      <IntegerAttribute Name="NumBLs" Informative="true">5</IntegerAttribute>
      <Symbol>
        <Component Name="DB_000SB_000_F_Data" />
        <Component Name="GM_VI_Switch_overall_plant_unlocked" />
        <Address Area="None" Type="Bool" BlockNumber="16" BitOffset="72" Informative="true" />
      </Symbol>
    </Access>
    <Access Scope="GlobalVariable" UId="23">
      <IntegerAttribute Name="NumBLs" Informative="true">5</IntegerAttribute>
      <Symbol>
        <Component Name="DB_000SB_000_F_Data" />
        <Component Name="GM_VI_Switch_deskLocked" />
        <Address Area="None" Type="Bool" BlockNumber="16" BitOffset="56" Informative="true" />
      </Symbol>
    </Access>
    <Access Scope="GlobalVariable" UId="24">
      <IntegerAttribute Name="NumBLs" Informative="true">5</IntegerAttribute>
      <Symbol>
        <Component Name="FGDB_001EK_111" />
        <Component Name="D" />
        <Component Name="controlVoltageIsOn" />
        <Address Area="DB" Type="Bool" BlockNumber="1" BitOffset="1310" Informative="true" />
      </Symbol>
    </Access>
    <Access Scope="GlobalVariable" UId="25">
      <IntegerAttribute Name="NumBLs" Informative="true">5</IntegerAttribute>
      <Symbol>
        <Component Name="FGDB_001PNE001-QM3" />
        <Component Name="compressedAirOn" />
        <Address Area="DB" Type="Bool" BlockNumber="74" BitOffset="2" Informative="true" />
      </Symbol>
    </Access>
    <Part Name="A" UId="26">
      <TemplateValue Name="Card" Type="Cardinality">4</TemplateValue>
    </Part>
    <Part Name="Coil" UId="27" />
  </Parts>
  <Wires>
    <Wire UId="28">
      <IdentCon UId="21" />
      <NameCon UId="26" Name="in1" />
    </Wire>
    <Wire UId="29">
      <IdentCon UId="22" />
      <NameCon UId="26" Name="in2" />
    </Wire>
    <Wire UId="30">
      <IdentCon UId="23" />
      <NameCon UId="26" Name="in3" />
    </Wire>
    <Wire UId="31">
      <IdentCon UId="24" />
      <NameCon UId="26" Name="in4" />
    </Wire>
    <Wire UId="32">
      <NameCon UId="26" Name="out" />
      <NameCon UId="27" Name="in" />
    </Wire>
    <Wire UId="33">
      <IdentCon UId="25" />
      <NameCon UId="27" Name="operand" />
    </Wire>
  </Wires>
</FlgNet></NetworkSource>
          <ProgrammingLanguage>FBD</ProgrammingLanguage>
        </AttributeList>
        <ObjectList>
          <MultilingualText ID="5" CompositionName="Comment">
            <ObjectList>
              <MultilingualTextItem ID="6" CompositionName="Items">
                <AttributeList>
                  <Culture>en-US</Culture>
                  <Text />
                </AttributeList>
              </MultilingualTextItem>
              <MultilingualTextItem ID="7" CompositionName="Items">
                <AttributeList>
                  <Culture>de-DE</Culture>
                  <Text />
                </AttributeList>
              </MultilingualTextItem>
            </ObjectList>
          </MultilingualText>
          <MultilingualText ID="8" CompositionName="Title">
            <ObjectList>
              <MultilingualTextItem ID="9" CompositionName="Items">
                <AttributeList>
                  <Culture>en-US</Culture>
                  <Text>Compressed air is switched on with "TRUE"</Text>
                </AttributeList>
              </MultilingualTextItem>
              <MultilingualTextItem ID="A" CompositionName="Items">
                <AttributeList>
                  <Culture>de-DE</Culture>
                  <Text>Ansteuerung Druckluft Ein</Text>
                </AttributeList>
              </MultilingualTextItem>
            </ObjectList>
          </MultilingualText>
        </ObjectList>
      </SW.Blocks.CompileUnit>
      <SW.Blocks.CompileUnit ID="B" CompositionName="CompileUnits">
        <AttributeList>
          <NetworkSource><FlgNet xmlns="http://www.siemens.com/automation/Openness/SW/NetworkSource/FlgNet/v4">
  <Parts>
    <Access Scope="GlobalVariable" UId="21">
      <IntegerAttribute Name="NumBLs" Informative="true">5</IntegerAttribute>
      <Symbol>
        <Component Name="FGDB_001PNE001-QM3" />
        <Component Name="compressedAirOn" />
        <Address Area="DB" Type="Bool" BlockNumber="74" BitOffset="2" Informative="true" />
      </Symbol>
    </Access>
    <Access Scope="GlobalVariable" UId="22">
      <IntegerAttribute Name="NumBLs" Informative="true">5</IntegerAttribute>
      <Symbol>
        <Component Name="001PNE001-BF1:2" />
        <Address Area="Input" Type="Bool" BitOffset="35281" Informative="true" />
      </Symbol>
    </Access>
    <Access Scope="GlobalVariable" UId="23">
      <IntegerAttribute Name="NumBLs" Informative="true">5</IntegerAttribute>
      <Symbol>
        <Component Name="001PNE001-BF1:4" />
        <Address Area="Input" Type="Bool" BitOffset="35280" Informative="true" />
      </Symbol>
    </Access>
    <Access Scope="GlobalVariable" UId="24">
      <IntegerAttribute Name="NumBLs" Informative="true">5</IntegerAttribute>
      <Symbol>
        <Component Name="001PNE001-BP1:4" />
        <Address Area="Input" Type="Bool" BitOffset="35282" Informative="true" />
      </Symbol>
    </Access>
    <Access Scope="GlobalVariable" UId="25">
      <IntegerAttribute Name="NumBLs" Informative="true">5</IntegerAttribute>
      <Symbol>
        <Component Name="FGDB_001EK_111" />
        <Component Name="controlVoltageOn" />
        <Address Area="DB" Type="Bool" BlockNumber="1" BitOffset="32" Informative="true" />
      </Symbol>
    </Access>
    <Access Scope="GlobalVariable" UId="26">
      <IntegerAttribute Name="NumBLs" Informative="true">5</IntegerAttribute>
      <Symbol>
        <Component Name="FGDB_001PNE001-QM3" />
        <Component Name="V" />
        <Component Name="totalConsumption" />
        <Address Area="DB" Type="Real" BlockNumber="74" BitOffset="672" Informative="true" />
      </Symbol>
    </Access>
    <Access Scope="GlobalVariable" UId="27">
      <IntegerAttribute Name="NumBLs" Informative="true">5</IntegerAttribute>
      <Symbol>
        <Component Name="FGDB_001PNE001-QM3" />
        <Component Name="qm" />
        <Address Area="DB" Type="Bool" BlockNumber="74" BitOffset="16" Informative="true" />
      </Symbol>
    </Access>
    <Access Scope="GlobalVariable" UId="28">
      <IntegerAttribute Name="NumBLs" Informative="true">5</IntegerAttribute>
      <Symbol>
        <Component Name="FGDB_001PNE001-QM3" />
        <Component Name="fault" />
        <Address Area="DB" Type="Bool" BlockNumber="74" BitOffset="17" Informative="true" />
      </Symbol>
    </Access>
    <Access Scope="GlobalVariable" UId="29">
      <IntegerAttribute Name="NumBLs" Informative="true">5</IntegerAttribute>
      <Symbol>
        <Component Name="FGDB_001PNE001-QM3" />
        <Component Name="faultExt" />
        <Address Area="DB" Type="Bool" BlockNumber="74" BitOffset="18" Informative="true" />
      </Symbol>
    </Access>
    <Call UId="30">
      <CallInfo Name="iFG_VALVE_SOFTSTART" BlockType="FB">
        <IntegerAttribute Name="BlockNumber" Informative="true">1153</IntegerAttribute>
        <DateAttribute Name="ParameterModifiedTS" Informative="true">2016-10-27T12:43:34</DateAttribute>
        <Instance Scope="GlobalVariable" UId="31">
          <Component Name="FGDB_001PNE001-QM3" />
          <Address Area="DB" Type="iFG_VALVE_SOFTSTART" BlockNumber="74" BitOffset="0" Informative="true" />
        </Instance>
        <Parameter Name="activateWarningFlowAboveLimit" Section="Input" Type="Bool">
          <StringAttribute Name="InterfaceFlags" Informative="true">S7_Visible</StringAttribute>
        </Parameter>
        <Parameter Name="activateDelayTimeFlowAboveLimit" Section="Input" Type="Bool">
          <StringAttribute Name="InterfaceFlags" Informative="true">S7_Visible</StringAttribute>
        </Parameter>
        <Parameter Name="compressedAirOn" Section="Input" Type="Bool">
          <StringAttribute Name="InterfaceFlags" Informative="true">S7_Visible</StringAttribute>
        </Parameter>
        <Parameter Name="flow" Section="Input" Type="Bool">
          <StringAttribute Name="InterfaceFlags" Informative="true">S7_Visible</StringAttribute>
        </Parameter>
        <Parameter Name="consumption" Section="Input" Type="Bool">
          <StringAttribute Name="InterfaceFlags" Informative="true">S7_Visible</StringAttribute>
        </Parameter>
        <Parameter Name="pressureSwitch" Section="Input" Type="Bool">
          <StringAttribute Name="InterfaceFlags" Informative="true">S7_Visible</StringAttribute>
        </Parameter>
        <Parameter Name="reset" Section="Input" Type="Bool">
          <StringAttribute Name="InterfaceFlags" Informative="true">S7_Visible</StringAttribute>
        </Parameter>
        <Parameter Name="qm" Section="Output" Type="Bool">
          <StringAttribute Name="InterfaceFlags" Informative="true">S7_Visible</StringAttribute>
        </Parameter>
        <Parameter Name="fault" Section="Output" Type="Bool">
          <StringAttribute Name="InterfaceFlags" Informative="true">S7_Visible</StringAttribute>
        </Parameter>
        <Parameter Name="faultExt" Section="Output" Type="Bool">
          <StringAttribute Name="InterfaceFlags" Informative="true">S7_Visible</StringAttribute>
        </Parameter>
        <Parameter Name="totalConsumption" Section="InOut" Type="Real">
          <StringAttribute Name="InterfaceFlags" Informative="true">S7_Visible</StringAttribute>
        </Parameter>
      </CallInfo>
      <Negated Name="reset" />
    </Call>
  </Parts>
  <Wires>
    <Wire UId="35">
      <OpenCon UId="32" />
      <NameCon UId="30" Name="en" />
    </Wire>
    <Wire UId="36">
      <OpenCon UId="33" />
      <NameCon UId="30" Name="activateWarningFlowAboveLimit" />
    </Wire>
    <Wire UId="37">
      <OpenCon UId="34" />
      <NameCon UId="30" Name="activateDelayTimeFlowAboveLimit" />
    </Wire>
    <Wire UId="38">
      <IdentCon UId="21" />
      <NameCon UId="30" Name="compressedAirOn" />
    </Wire>
    <Wire UId="39">
      <IdentCon UId="22" />
      <NameCon UId="30" Name="flow" />
    </Wire>
    <Wire UId="40">
      <IdentCon UId="23" />
      <NameCon UId="30" Name="consumption" />
    </Wire>
    <Wire UId="41">
      <IdentCon UId="24" />
      <NameCon UId="30" Name="pressureSwitch" />
    </Wire>
    <Wire UId="42">
      <IdentCon UId="25" />
      <NameCon UId="30" Name="reset" />
    </Wire>
    <Wire UId="43">
      <IdentCon UId="26" />
      <NameCon UId="30" Name="totalConsumption" />
    </Wire>
    <Wire UId="44">
      <NameCon UId="30" Name="qm" />
      <IdentCon UId="27" />
    </Wire>
    <Wire UId="45">
      <NameCon UId="30" Name="fault" />
      <IdentCon UId="28" />
    </Wire>
    <Wire UId="46">
      <NameCon UId="30" Name="faultExt" />
      <IdentCon UId="29" />
    </Wire>
  </Wires>
</FlgNet></NetworkSource>
          <ProgrammingLanguage>FBD</ProgrammingLanguage>
        </AttributeList>
        <ObjectList>
          <MultilingualText ID="C" CompositionName="Comment">
            <ObjectList>
              <MultilingualTextItem ID="D" CompositionName="Items">
                <AttributeList>
                  <Culture>en-US</Culture>
                  <Text />
                </AttributeList>
              </MultilingualTextItem>
              <MultilingualTextItem ID="E" CompositionName="Items">
                <AttributeList>
                  <Culture>de-DE</Culture>
                  <Text>
Beachtung: Wird die Warnung oder die Störung Durchflussgrenze benötigt, ist dies entsprechend am Parameter "activateWarningFlowAboveLimit" bzw. "activateDelayTimeFlowAboveLimit" zu aktivieren!</Text>
                </AttributeList>
              </MultilingualTextItem>
            </ObjectList>
          </MultilingualText>
          <MultilingualText ID="F" CompositionName="Title">
            <ObjectList>
              <MultilingualTextItem ID="10" CompositionName="Items">
                <AttributeList>
                  <Culture>en-US</Culture>
                  <Text>Call 001PNE001 Valve Softstart</Text>
                </AttributeList>
              </MultilingualTextItem>
              <MultilingualTextItem ID="11" CompositionName="Items">
                <AttributeList>
                  <Culture>de-DE</Culture>
                  <Text>Aufruf 001PNE001-QM3</Text>
                </AttributeList>
              </MultilingualTextItem>
            </ObjectList>
          </MultilingualText>
        </ObjectList>
      </SW.Blocks.CompileUnit>
      <SW.Blocks.CompileUnit ID="12" CompositionName="CompileUnits">
        <AttributeList>
          <NetworkSource><FlgNet xmlns="http://www.siemens.com/automation/Openness/SW/NetworkSource/FlgNet/v4">
  <Parts>
    <Access Scope="GlobalVariable" UId="21">
      <IntegerAttribute Name="NumBLs" Informative="true">5</IntegerAttribute>
      <Symbol>
        <Component Name="DB_020SB_030_F_Data" />
        <Component Name="ENBL_SAREA_BS" />
        <Address Area="None" Type="Bool" BlockNumber="249" BitOffset="120" Informative="true" />
      </Symbol>
    </Access>
    <Access Scope="GlobalVariable" UId="22">
      <IntegerAttribute Name="NumBLs" Informative="true">5</IntegerAttribute>
      <Symbol>
        <Component Name="001PNE001-BP1:4" />
        <Address Area="Input" Type="Bool" BitOffset="35282" Informative="true" />
      </Symbol>
    </Access>
    <Access Scope="GlobalVariable" UId="23">
      <IntegerAttribute Name="NumBLs" Informative="true">5</IntegerAttribute>
      <Symbol>
        <Component Name="FGDB_001EK_111" />
        <Component Name="D" />
        <Component Name="controlVoltageIsOn" />
        <Address Area="DB" Type="Bool" BlockNumber="1" BitOffset="1310" Informative="true" />
      </Symbol>
    </Access>
    <Access Scope="GlobalVariable" UId="24">
      <IntegerAttribute Name="NumBLs" Informative="true">5</IntegerAttribute>
      <Symbol>
        <Component Name="FGDB_001PNE001-QM3@AddOn" />
        <Component Name="AddS" />
        <Component Name="020SGV001-QM101MB111" />
        <Address Area="DB" Type="Bool" BlockNumber="243" BitOffset="0" Informative="true" />
      </Symbol>
    </Access>
    <Access Scope="GlobalVariable" UId="25">
      <IntegerAttribute Name="NumBLs" Informative="true">5</IntegerAttribute>
      <Symbol>
        <Component Name="FGDB_001PNE001-QM3@AddOn" />
        <Component Name="AddS" />
        <Component Name="020SGV001-QM101MB112" />
        <Address Area="DB" Type="Bool" BlockNumber="243" BitOffset="1" Informative="true" />
      </Symbol>
    </Access>
    <Access Scope="GlobalVariable" UId="26">
      <IntegerAttribute Name="NumBLs" Informative="true">5</IntegerAttribute>
      <Symbol>
        <Component Name="FGDB_001PNE001-QM3@AddOn" />
        <Component Name="AddS" />
        <Component Name="020SGV002-QM101MB111" />
        <Address Area="DB" Type="Bool" BlockNumber="243" BitOffset="2" Informative="true" />
      </Symbol>
    </Access>
    <Access Scope="GlobalVariable" UId="27">
      <IntegerAttribute Name="NumBLs" Informative="true">5</IntegerAttribute>
      <Symbol>
        <Component Name="FGDB_001PNE001-QM3@AddOn" />
        <Component Name="AddS" />
        <Component Name="020SGV002-QM101MB112" />
        <Address Area="DB" Type="Bool" BlockNumber="243" BitOffset="3" Informative="true" />
      </Symbol>
    </Access>
    <Access Scope="GlobalVariable" UId="28">
      <IntegerAttribute Name="NumBLs" Informative="true">5</IntegerAttribute>
      <Symbol>
        <Component Name="FGDB_001PNE001-QM3@AddOn" />
        <Component Name="AddS" />
        <Component Name="030SGV001-QM101MB111" />
        <Address Area="DB" Type="Bool" BlockNumber="243" BitOffset="4" Informative="true" />
      </Symbol>
    </Access>
    <Access Scope="GlobalVariable" UId="29">
      <IntegerAttribute Name="NumBLs" Informative="true">5</IntegerAttribute>
      <Symbol>
        <Component Name="FGDB_001PNE001-QM3@AddOn" />
        <Component Name="AddS" />
        <Component Name="030SGV001-QM101MB112" />
        <Address Area="DB" Type="Bool" BlockNumber="243" BitOffset="5" Informative="true" />
      </Symbol>
    </Access>
    <Part Name="A" UId="30">
      <TemplateValue Name="Card" Type="Cardinality">3</TemplateValue>
    </Part>
    <Part Name="Coil" UId="31" />
    <Part Name="Coil" UId="32" />
    <Part Name="Coil" UId="33" />
    <Part Name="Coil" UId="34" />
    <Part Name="Coil" UId="35" />
    <Part Name="Coil" UId="36" />
  </Parts>
  <Wires>
    <Wire UId="37">
      <IdentCon UId="21" />
      <NameCon UId="30" Name="in1" />
    </Wire>
    <Wire UId="38">
      <IdentCon UId="22" />
      <NameCon UId="30" Name="in2" />
    </Wire>
    <Wire UId="39">
      <IdentCon UId="23" />
      <NameCon UId="30" Name="in3" />
    </Wire>
    <Wire UId="40">
      <IdentCon UId="24" />
      <NameCon UId="31" Name="operand" />
    </Wire>
    <Wire UId="41">
      <IdentCon UId="25" />
      <NameCon UId="32" Name="operand" />
    </Wire>
    <Wire UId="42">
      <IdentCon UId="26" />
      <NameCon UId="33" Name="operand" />
    </Wire>
    <Wire UId="43">
      <IdentCon UId="27" />
      <NameCon UId="34" Name="operand" />
    </Wire>
    <Wire UId="44">
      <IdentCon UId="28" />
      <NameCon UId="35" Name="operand" />
    </Wire>
    <Wire UId="45">
      <IdentCon UId="29" />
      <NameCon UId="36" Name="operand" />
    </Wire>
    <Wire UId="46">
      <NameCon UId="30" Name="out" />
      <NameCon UId="31" Name="in" />
      <NameCon UId="32" Name="in" />
      <NameCon UId="33" Name="in" />
      <NameCon UId="34" Name="in" />
      <NameCon UId="35" Name="in" />
      <NameCon UId="36" Name="in" />
    </Wire>
  </Wires>
</FlgNet></NetworkSource>
          <ProgrammingLanguage>FBD</ProgrammingLanguage>
        </AttributeList>
        <ObjectList>
          <MultilingualText ID="13" CompositionName="Comment">
            <ObjectList>
              <MultilingualTextItem ID="14" CompositionName="Items">
                <AttributeList>
                  <Culture>en-US</Culture>
                  <Text />
                </AttributeList>
              </MultilingualTextItem>
              <MultilingualTextItem ID="15" CompositionName="Items">
                <AttributeList>
                  <Culture>de-DE</Culture>
                  <Text>Hinweis: Nachfolgend werden alle Steuerluftventile der Ventilinseln nacheinander programmiert. 
        Für Steuerluftventile im gleichen Schutzbereich ist eine gemeinsame Einschaltverzögerung zu verwenden</Text>
                </AttributeList>
              </MultilingualTextItem>
            </ObjectList>
          </MultilingualText>
          <MultilingualText ID="16" CompositionName="Title">
            <ObjectList>
              <MultilingualTextItem ID="17" CompositionName="Items">
                <AttributeList>
                  <Culture>en-US</Culture>
                  <Text />
                </AttributeList>
              </MultilingualTextItem>
              <MultilingualTextItem ID="18" CompositionName="Items">
                <AttributeList>
                  <Culture>de-DE</Culture>
                  <Text>020SB_030 Zuschaltung der Steuerluftventile</Text>
                </AttributeList>
              </MultilingualTextItem>
            </ObjectList>
          </MultilingualText>
        </ObjectList>
      </SW.Blocks.CompileUnit>
      <MultilingualText ID="19" CompositionName="Title">
        <ObjectList>
          <MultilingualTextItem ID="1A" CompositionName="Items">
            <AttributeList>
              <Culture>en-US</Culture>
              <Text />
            </AttributeList>
          </MultilingualTextItem>
          <MultilingualTextItem ID="1B" CompositionName="Items">
            <AttributeList>
              <Culture>de-DE</Culture>
              <Text>Druckluft</Text>
            </AttributeList>
          </MultilingualTextItem>
        </ObjectList>
      </MultilingualText>
    </ObjectList>
  </SW.Blocks.FC>
</Document>